{"stats":{"minecraft:broken":{"minecraft:shield":1},"minecraft:killed_by":{"born_in_chaos_v1:zombie_lumberjack":1,"mutantmonsters:mutant_creeper":1,"minecraft:silverfish":2,"minecraft:cave_spider":1,"minecraft:skeleton":3,"enemyexpansion:botfly":1,"artifacts:mimic":2,"enemyexpansion:troll":1,"enemyexpansion:invisicreeper":3},"minecraft:used":{"iceandfire:lectern":1,"minecraft:shield":109,"minecraft:iron_sword":178,"minecraft:rotten_flesh":1,"minecraft:torch":87,"minecraft:chipped_anvil":2,"minecraft:iron_axe":9,"minecraft:furnace":2,"tombstone:gift":5,"minecraft:cobbled_deepslate":77,"minecraft:stone_pickaxe":75,"minecraft:oak_planks":29,"minecraft:crafting_table":4,"minecraft:blast_furnace":1,"minecraft:apple":9,"minecraft:bread":51,"minecraft:iron_pickaxe":160,"tombstone:magic_scroll":1,"minecraft:stone_axe":61,"minecraft:diamond_sword":14,"minecraft:cobblestone":39,"alexsmobs:animal_dictionary":1,"minecraft:cobweb":10},"minecraft:crafted":{"minecraft:oak_planks":36,"minecraft:iron_boots":1,"minecraft:iron_axe":1,"minecraft:stone_pickaxe":1,"minecraft:wheat":90,"minecraft:diamond_sword":1,"minecraft:crafting_table":1,"minecraft:iron_helmet":1,"minecraft:iron_sword":1,"minecraft:stone_axe":1,"minecraft:bread":31,"minecraft:air":0,"minecraft:iron_chestplate":1,"minecraft:shield":2,"minecraft:stick":36,"minecraft:iron_pickaxe":1,"minecraft:iron_ingot":34,"minecraft:torch":84},"minecraft:picked_up":{"minecraft:crafting_table":3,"born_in_chaos_v1:diamond_termite_shard":3,"born_in_chaos_v1:black_argillite":9,"minecraft:string":7,"minecraft:raw_copper":9,"minecraft:iron_leggings":2,"iceandfire:bestiary":1,"minecraft:gold_nugget":13,"minecraft:cobbled_deepslate":89,"minecraft:iron_pickaxe":1,"minecraft:furnace":3,"minecraft:stick":2,"minecraft:raw_iron":50,"minecraft:torch":7,"tombstone:grave_dust":3,"born_in_chaos_v1:pieceofdarkmetal":1,"minecraft:arrow":3,"minecraft:rotten_flesh":20,"supplementaries:antique_ink":6,"minecraft:hay_block":10,"tombstone:essence_of_undeath":1,"supplementaries:ash":59,"enemyexpansion:troll_molar":1,"minecraft:skeleton_skull":1,"minecraft:cobblestone":46,"born_in_chaos_v1:corpse_maggot":2,"minecraft:oak_log":9,"supplementaries:flax_seeds":1,"minecraft:gunpowder":3,"minecraft:lapis_lazuli":21,"minecraft:dirt":1,"artifacts:flippers":1,"quark:forgotten_hat":1,"minecraft:bone":23,"minecraft:chipped_anvil":2,"minecraft:raw_gold":13,"minecraft:stone_pickaxe":1,"minecraft:cobweb":10,"artifacts:kitty_slippers":1,"minecraft:iron_sword":3,"minecraft:oak_planks":32,"minecraft:book":12,"iceandfire:podium_spruce":1,"minecraft:gravel":1,"minecraft:blast_furnace":2,"minecraft:white_bed":1,"alexsmobs:animal_dictionary":1,"minecraft:spider_eye":3,"minecraft:iron_hoe":1,"minecraft:diamond":2,"minecraft:stone_axe":2,"iceandfire:lectern":2,"minecraft:chainmail_leggings":1,"minecraft:grass":1,"minecraft:bread":25,"minecraft:emerald":2,"tombstone:magic_scroll":2,"minecraft:coal":41,"iceandfire:raw_silver":3},"minecraft:dropped":{"minecraft:iron_ingot":3,"minecraft:iron_sword":2,"iceandfire:raw_silver":3,"minecraft:iron_helmet":1,"minecraft:cobblestone":1,"minecraft:cod":3,"minecraft:dirt":1,"minecraft:grass":1,"born_in_chaos_v1:black_argillite":9,"iceandfire:podium_spruce":1,"tombstone:magic_scroll":1,"tombstone:grave_key":1,"tombstone:grave_dust":1,"minecraft:iron_leggings":3,"minecraft:iron_pickaxe":1,"minecraft:bone":4,"minecraft:gravel":1,"minecraft:stone_axe":3,"alexsmobs:animal_dictionary":1,"minecraft:cobbled_deepslate":15,"minecraft:raw_copper":9,"minecraft:wheat":2,"minecraft:raw_iron":21,"minecraft:rotten_flesh":19,"minecraft:oak_planks":5,"supplementaries:flax_seeds":1,"supplementaries:ash":63,"minecraft:skeleton_skull":1,"born_in_chaos_v1:corpse_maggot":2,"iceandfire:pixie_dust":1,"iceandfire:bestiary":1,"iceandfire:lectern":1,"tombstone:essence_of_undeath":1,"minecraft:arrow":3,"minecraft:stone_pickaxe":2,"iceandfire:manuscript":6},"minecraft:custom":{"minecraft:interact_with_smithing_table":1,"minecraft:interact_with_anvil":4,"minecraft:mob_kills":52,"minecraft:interact_with_crafting_table":19,"minecraft:open_barrel":20,"minecraft:damage_dealt_resisted":160,"minecraft:leave_game":3,"minecraft:time_since_death":3552,"minecraft:climb_one_cm":1702,"minecraft:sprint_one_cm":216556,"minecraft:walk_one_cm":349797,"minecraft:damage_blocked_by_shield":3265,"minecraft:drop":81,"minecraft:damage_dealt_absorbed":33,"minecraft:talked_to_villager":5,"minecraft:play_time":139120,"minecraft:deaths":18,"minecraft:sneak_time":10053,"minecraft:walk_under_water_one_cm":233,"minecraft:jump":2106,"minecraft:interact_with_brewingstand":1,"minecraft:interact_with_blast_furnace":9,"minecraft:walk_on_water_one_cm":15129,"minecraft:total_world_time":139120,"minecraft:interact_with_furnace":17,"tombstone:raider_killed":1,"minecraft:sleep_in_bed":2,"minecraft:time_since_rest":3294,"minecraft:damage_taken":7851,"minecraft:damage_dealt":12525,"minecraft:fly_one_cm":383913,"minecraft:swim_one_cm":2491,"minecraft:player_kills":2,"minecraft:open_chest":10,"minecraft:crouch_one_cm":28750,"tombstone:undead_killed":23,"minecraft:interact_with_smoker":1,"minecraft:fall_one_cm":53375},"minecraft:killed":{"minecraft:cave_spider":1,"minecraft:witch":1,"enemyexpansion:intruder":1,"minecraft:spider":3,"enemyexpansion:direwolf":2,"born_in_chaos_v1:maggot":1,"minecraft:skeleton":2,"undead_revamp2:thespitter":1,"artifacts:mimic":1,"earthmobsmod:bouldering_zombie":1,"born_in_chaos_v1:diamond_termite":6,"enemyexpansion:troll":1,"enemyexpansion:sprinter":2,"minecraft:creeper":2,"born_in_chaos_v1:bloody_gadfly":1,"mutantmonsters:creeper_minion":1,"minecraft:zombie":15,"born_in_chaos_v1:corpse_fly":2,"enemyexpansion:huntsman":1,"enemyexpansion:slugger":1},"minecraft:mined":{"minecraft:white_bed":1,"iceandfire:silver_ore":3,"minecraft:deepslate_diamond_ore":2,"born_in_chaos_v1:infected_diamond_ore":2,"born_in_chaos_v1:black_argillite":9,"iceandfire:lectern":2,"minecraft:hay_block":11,"minecraft:furnace":3,"minecraft:iron_ore":8,"minecraft:cobbled_deepslate":8,"minecraft:deepslate_lapis_ore":4,"minecraft:bookshelf":4,"minecraft:deepslate_iron_ore":36,"minecraft:stone":40,"iceandfire:podium_spruce":1,"minecraft:crafting_table":3,"minecraft:torch":2,"minecraft:blast_furnace":2,"minecraft:cobblestone":3,"minecraft:deepslate_gold_ore":4,"minecraft:oak_planks":11,"placeablesmod:bread_full_block":1,"supplementaries:urn":23,"minecraft:coal_ore":21,"minecraft:oak_log":8,"minecraft:dirt":1,"luminousworld:grassvariant_3":1,"minecraft:gold_ore":1,"minecraft:chipped_anvil":2,"minecraft:deepslate":56}},"DataVersion":3465}