{"stats":{"minecraft:broken":{"minecraft:shield":1},"minecraft:killed_by":{"mutantmonsters:mutant_creeper":1,"minecraft:cave_spider":1,"minecraft:skeleton":3,"enemyexpansion:botfly":1,"artifacts:mimic":2,"enemyexpansion:troll":1,"enemyexpansion:invisicreeper":3},"minecraft:used":{"iceandfire:lectern":1,"minecraft:shield":54,"minecraft:iron_sword":90,"minecraft:rotten_flesh":1,"minecraft:torch":80,"minecraft:iron_axe":1,"minecraft:furnace":2,"tombstone:gift":5,"minecraft:cobbled_deepslate":69,"minecraft:stone_pickaxe":75,"minecraft:oak_planks":27,"minecraft:crafting_table":3,"minecraft:blast_furnace":1,"minecraft:apple":9,"minecraft:bread":36,"minecraft:iron_pickaxe":145,"tombstone:magic_scroll":1,"minecraft:stone_axe":61,"minecraft:cobblestone":39,"alexsmobs:animal_dictionary":1},"minecraft:crafted":{"minecraft:oak_planks":36,"minecraft:iron_boots":1,"minecraft:iron_axe":1,"minecraft:stone_pickaxe":1,"minecraft:wheat":90,"minecraft:crafting_table":1,"minecraft:iron_helmet":1,"minecraft:iron_sword":1,"minecraft:stone_axe":1,"minecraft:bread":31,"minecraft:air":0,"minecraft:iron_chestplate":1,"minecraft:shield":2,"minecraft:stick":28,"minecraft:iron_pickaxe":1,"minecraft:iron_ingot":34,"minecraft:torch":76},"minecraft:picked_up":{"minecraft:crafting_table":3,"born_in_chaos_v1:diamond_termite_shard":1,"born_in_chaos_v1:black_argillite":9,"minecraft:string":6,"minecraft:raw_copper":9,"iceandfire:bestiary":1,"minecraft:gold_nugget":13,"minecraft:cobbled_deepslate":85,"minecraft:furnace":3,"minecraft:raw_iron":47,"minecraft:torch":6,"tombstone:grave_dust":3,"born_in_chaos_v1:pieceofdarkmetal":1,"minecraft:arrow":2,"minecraft:rotten_flesh":13,"supplementaries:antique_ink":5,"minecraft:hay_block":10,"tombstone:essence_of_undeath":1,"supplementaries:ash":57,"enemyexpansion:troll_molar":1,"minecraft:skeleton_skull":1,"minecraft:cobblestone":45,"minecraft:oak_log":9,"minecraft:gunpowder":3,"minecraft:lapis_lazuli":21,"minecraft:dirt":1,"artifacts:flippers":1,"minecraft:bone":23,"minecraft:chipped_anvil":1,"minecraft:raw_gold":13,"minecraft:stone_pickaxe":1,"artifacts:kitty_slippers":1,"minecraft:oak_planks":28,"minecraft:book":12,"iceandfire:podium_spruce":1,"minecraft:blast_furnace":2,"minecraft:white_bed":1,"minecraft:spider_eye":2,"minecraft:stone_axe":2,"iceandfire:lectern":2,"minecraft:bread":15,"minecraft:emerald":2,"tombstone:magic_scroll":2,"minecraft:coal":41,"iceandfire:raw_silver":3},"minecraft:dropped":{"minecraft:iron_ingot":3,"iceandfire:raw_silver":3,"minecraft:cod":3,"minecraft:dirt":1,"born_in_chaos_v1:black_argillite":9,"iceandfire:podium_spruce":1,"tombstone:magic_scroll":1,"tombstone:grave_key":1,"tombstone:grave_dust":1,"minecraft:bone":4,"minecraft:stone_axe":3,"minecraft:cobbled_deepslate":6,"minecraft:raw_copper":9,"minecraft:wheat":2,"minecraft:raw_iron":21,"minecraft:rotten_flesh":12,"supplementaries:ash":43,"minecraft:skeleton_skull":1,"iceandfire:pixie_dust":1,"iceandfire:bestiary":1,"iceandfire:lectern":1,"tombstone:essence_of_undeath":1,"minecraft:arrow":2,"minecraft:stone_pickaxe":2,"iceandfire:manuscript":6},"minecraft:custom":{"minecraft:interact_with_smithing_table":1,"minecraft:mob_kills":34,"minecraft:interact_with_crafting_table":16,"minecraft:open_barrel":19,"minecraft:damage_dealt_resisted":130,"minecraft:leave_game":2,"minecraft:time_since_death":18666,"minecraft:climb_one_cm":1702,"minecraft:sprint_one_cm":177596,"minecraft:walk_one_cm":267025,"minecraft:damage_blocked_by_shield":1350,"minecraft:drop":60,"minecraft:damage_dealt_absorbed":33,"minecraft:talked_to_villager":5,"minecraft:play_time":111029,"minecraft:deaths":15,"minecraft:sneak_time":9303,"minecraft:walk_under_water_one_cm":116,"minecraft:jump":1687,"minecraft:interact_with_brewingstand":1,"minecraft:interact_with_blast_furnace":9,"minecraft:walk_on_water_one_cm":3880,"minecraft:total_world_time":111029,"minecraft:interact_with_furnace":17,"minecraft:sleep_in_bed":2,"minecraft:time_since_rest":17965,"minecraft:damage_taken":6130,"minecraft:damage_dealt":7277,"minecraft:fly_one_cm":324789,"minecraft:swim_one_cm":2491,"minecraft:player_kills":1,"minecraft:open_chest":9,"minecraft:crouch_one_cm":27254,"tombstone:undead_killed":16,"minecraft:interact_with_smoker":1,"minecraft:fall_one_cm":43856},"minecraft:killed":{"minecraft:cave_spider":1,"enemyexpansion:intruder":1,"minecraft:spider":2,"enemyexpansion:direwolf":1,"minecraft:skeleton":2,"undead_revamp2:thespitter":1,"artifacts:mimic":1,"earthmobsmod:bouldering_zombie":1,"born_in_chaos_v1:diamond_termite":1,"enemyexpansion:troll":1,"enemyexpansion:sprinter":2,"minecraft:creeper":2,"mutantmonsters:creeper_minion":1,"minecraft:zombie":9,"born_in_chaos_v1:corpse_fly":2,"enemyexpansion:huntsman":1},"minecraft:mined":{"minecraft:white_bed":1,"iceandfire:silver_ore":3,"born_in_chaos_v1:black_argillite":9,"iceandfire:lectern":2,"minecraft:hay_block":11,"minecraft:furnace":3,"minecraft:iron_ore":8,"minecraft:cobbled_deepslate":6,"minecraft:deepslate_lapis_ore":4,"minecraft:bookshelf":4,"minecraft:deepslate_iron_ore":32,"minecraft:stone":39,"iceandfire:podium_spruce":1,"minecraft:crafting_table":3,"minecraft:torch":1,"minecraft:blast_furnace":2,"minecraft:cobblestone":3,"minecraft:deepslate_gold_ore":4,"minecraft:oak_planks":11,"placeablesmod:bread_full_block":1,"supplementaries:urn":22,"minecraft:coal_ore":21,"minecraft:oak_log":8,"minecraft:dirt":1,"luminousworld:grassvariant_3":1,"minecraft:gold_ore":1,"minecraft:chipped_anvil":1,"minecraft:deepslate":55}},"DataVersion":3465}