{"stats":{"minecraft:broken":{"minecraft:shield":1},"minecraft:killed_by":{"minecraft:cave_spider":1,"minecraft:skeleton":3,"enemyexpansion:botfly":1,"artifacts:mimic":2,"enemyexpansion:troll":1,"mutantmonsters:mutant_creeper":1,"enemyexpansion:invisicreeper":3},"minecraft:used":{"iceandfire:lectern":1,"minecraft:stone_pickaxe":75,"minecraft:oak_planks":27,"minecraft:shield":53,"minecraft:iron_sword":48,"minecraft:torch":53,"minecraft:crafting_table":2,"minecraft:apple":4,"minecraft:bread":27,"minecraft:iron_pickaxe":139,"minecraft:stone_axe":61,"minecraft:cobblestone":39,"minecraft:furnace":2,"minecraft:cobbled_deepslate":62,"alexsmobs:animal_dictionary":1,"tombstone:gift":3},"minecraft:crafted":{"minecraft:oak_planks":36,"minecraft:crafting_table":1,"minecraft:iron_helmet":1,"minecraft:iron_sword":1,"minecraft:stone_axe":1,"minecraft:bread":31,"minecraft:air":0,"minecraft:iron_chestplate":1,"minecraft:iron_boots":1,"minecraft:shield":1,"minecraft:iron_axe":1,"minecraft:stick":28,"minecraft:iron_ingot":29,"minecraft:iron_pickaxe":1,"minecraft:stone_pickaxe":1,"minecraft:torch":76,"minecraft:wheat":90},"minecraft:picked_up":{"born_in_chaos_v1:diamond_termite_shard":1,"minecraft:crafting_table":2,"minecraft:oak_log":9,"minecraft:gunpowder":3,"born_in_chaos_v1:black_argillite":9,"minecraft:lapis_lazuli":21,"minecraft:dirt":1,"minecraft:string":4,"artifacts:flippers":1,"minecraft:raw_copper":4,"minecraft:chipped_anvil":1,"minecraft:bone":14,"iceandfire:bestiary":1,"minecraft:gold_nugget":13,"minecraft:cobbled_deepslate":85,"minecraft:raw_gold":13,"minecraft:stone_pickaxe":1,"artifacts:kitty_slippers":1,"minecraft:oak_planks":16,"minecraft:furnace":3,"minecraft:book":12,"minecraft:raw_iron":38,"iceandfire:podium_spruce":1,"minecraft:torch":5,"tombstone:grave_dust":2,"minecraft:blast_furnace":1,"minecraft:white_bed":1,"born_in_chaos_v1:pieceofdarkmetal":1,"minecraft:spider_eye":1,"minecraft:arrow":2,"minecraft:rotten_flesh":9,"minecraft:stone_axe":2,"enemyexpansion:troll_molar":1,"iceandfire:lectern":2,"minecraft:hay_block":10,"supplementaries:antique_ink":5,"tombstone:essence_of_undeath":1,"supplementaries:ash":43,"minecraft:emerald":2,"minecraft:bread":1,"tombstone:magic_scroll":1,"minecraft:coal":41,"minecraft:skeleton_skull":1,"iceandfire:raw_silver":3,"minecraft:cobblestone":45},"minecraft:dropped":{"iceandfire:raw_silver":3,"minecraft:stone_axe":3,"minecraft:cobbled_deepslate":6,"minecraft:raw_copper":4,"minecraft:raw_iron":21,"minecraft:wheat":2,"minecraft:rotten_flesh":9,"minecraft:cod":3,"minecraft:dirt":1,"supplementaries:ash":43,"born_in_chaos_v1:black_argillite":9,"iceandfire:podium_spruce":1,"tombstone:magic_scroll":1,"minecraft:skeleton_skull":1,"tombstone:grave_key":1,"iceandfire:pixie_dust":1,"iceandfire:bestiary":1,"tombstone:grave_dust":1,"tombstone:essence_of_undeath":1,"iceandfire:lectern":1,"minecraft:arrow":2,"minecraft:stone_pickaxe":2,"iceandfire:manuscript":6,"minecraft:bone":4},"minecraft:custom":{"minecraft:interact_with_smithing_table":1,"minecraft:interact_with_furnace":17,"minecraft:mob_kills":24,"minecraft:interact_with_crafting_table":15,"minecraft:open_barrel":19,"minecraft:damage_dealt_resisted":122,"minecraft:leave_game":2,"minecraft:time_since_death":6666,"minecraft:sleep_in_bed":2,"minecraft:climb_one_cm":1702,"minecraft:time_since_rest":5965,"minecraft:sprint_one_cm":153399,"minecraft:damage_taken":5426,"minecraft:walk_one_cm":215933,"minecraft:damage_blocked_by_shield":1290,"minecraft:drop":57,"minecraft:damage_dealt":5355,"minecraft:player_kills":1,"minecraft:swim_one_cm":2491,"minecraft:talked_to_villager":5,"minecraft:fly_one_cm":265113,"minecraft:open_chest":9,"minecraft:crouch_one_cm":26740,"minecraft:play_time":99029,"tombstone:undead_killed":10,"minecraft:deaths":15,"minecraft:sneak_time":9065,"minecraft:walk_under_water_one_cm":116,"minecraft:interact_with_brewingstand":1,"minecraft:jump":1374,"minecraft:interact_with_blast_furnace":6,"minecraft:walk_on_water_one_cm":3880,"minecraft:interact_with_smoker":1,"minecraft:total_world_time":99029,"minecraft:fall_one_cm":34504},"minecraft:killed":{"born_in_chaos_v1:diamond_termite":1,"enemyexpansion:intruder":1,"minecraft:spider":1,"enemyexpansion:troll":1,"enemyexpansion:sprinter":1,"enemyexpansion:direwolf":1,"minecraft:creeper":2,"minecraft:skeleton":1,"mutantmonsters:creeper_minion":1,"minecraft:zombie":6,"enemyexpansion:huntsman":1,"undead_revamp2:thespitter":1,"artifacts:mimic":1},"minecraft:mined":{"minecraft:white_bed":1,"iceandfire:silver_ore":3,"minecraft:crafting_table":2,"minecraft:blast_furnace":1,"born_in_chaos_v1:black_argillite":9,"iceandfire:lectern":2,"minecraft:cobblestone":3,"minecraft:deepslate_gold_ore":4,"minecraft:oak_planks":11,"placeablesmod:bread_full_block":1,"supplementaries:urn":18,"minecraft:hay_block":11,"minecraft:furnace":3,"minecraft:iron_ore":8,"minecraft:cobbled_deepslate":6,"minecraft:deepslate_lapis_ore":4,"minecraft:bookshelf":4,"minecraft:oak_log":8,"minecraft:coal_ore":21,"minecraft:deepslate_iron_ore":32,"minecraft:dirt":1,"luminousworld:grassvariant_3":1,"minecraft:chipped_anvil":1,"minecraft:stone":39,"iceandfire:podium_spruce":1,"minecraft:gold_ore":1,"minecraft:deepslate":55}},"DataVersion":3465}