{"stats":{"minecraft:killed_by":{"minecraft:cave_spider":1,"minecraft:skeleton":2,"enemyexpansion:botfly":1,"enemyexpansion:invisicreeper":2},"minecraft:used":{"iceandfire:lectern":1,"minecraft:stone_pickaxe":75,"minecraft:oak_planks":24,"minecraft:shield":15,"minecraft:torch":21,"minecraft:crafting_table":2,"minecraft:bread":13,"minecraft:iron_pickaxe":32,"minecraft:stone_axe":49,"minecraft:cobblestone":39,"minecraft:furnace":1,"tombstone:gift":1,"alexsmobs:animal_dictionary":1},"minecraft:crafted":{"minecraft:oak_planks":36,"minecraft:crafting_table":1,"minecraft:stone_axe":1,"minecraft:bread":30,"minecraft:air":0,"minecraft:shield":1,"minecraft:stick":12,"minecraft:iron_ingot":4,"minecraft:iron_pickaxe":1,"minecraft:stone_pickaxe":1,"minecraft:torch":16,"minecraft:wheat":90},"minecraft:picked_up":{"minecraft:crafting_table":2,"minecraft:oak_log":9,"born_in_chaos_v1:black_argillite":9,"minecraft:string":3,"minecraft:dirt":1,"minecraft:bone":2,"minecraft:chipped_anvil":1,"iceandfire:bestiary":1,"minecraft:raw_gold":13,"artifacts:kitty_slippers":1,"minecraft:oak_planks":4,"minecraft:furnace":2,"minecraft:book":12,"minecraft:raw_iron":9,"iceandfire:podium_spruce":1,"minecraft:torch":5,"minecraft:blast_furnace":1,"minecraft:white_bed":1,"minecraft:rotten_flesh":6,"minecraft:stone_axe":1,"iceandfire:lectern":2,"minecraft:hay_block":10,"minecraft:bread":1,"supplementaries:ash":27,"tombstone:magic_scroll":1,"minecraft:skeleton_skull":1,"minecraft:coal":41,"iceandfire:raw_silver":3,"minecraft:cobblestone":45},"minecraft:dropped":{"minecraft:rotten_flesh":6,"minecraft:dirt":1,"iceandfire:pixie_dust":1},"minecraft:custom":{"minecraft:interact_with_smithing_table":1,"minecraft:interact_with_furnace":8,"minecraft:mob_kills":13,"minecraft:interact_with_crafting_table":7,"minecraft:open_barrel":3,"minecraft:leave_game":1,"minecraft:time_since_death":1326,"minecraft:sleep_in_bed":2,"minecraft:climb_one_cm":1702,"minecraft:time_since_rest":385,"minecraft:sprint_one_cm":75004,"minecraft:damage_taken":2520,"minecraft:walk_one_cm":107586,"minecraft:damage_blocked_by_shield":585,"minecraft:drop":5,"minecraft:damage_dealt":3059,"minecraft:talked_to_villager":5,"minecraft:swim_one_cm":2491,"minecraft:fly_one_cm":108091,"minecraft:open_chest":7,"minecraft:crouch_one_cm":14557,"minecraft:play_time":40019,"tombstone:undead_killed":7,"minecraft:deaths":7,"minecraft:sneak_time":4853,"minecraft:walk_under_water_one_cm":116,"minecraft:interact_with_brewingstand":1,"minecraft:jump":564,"minecraft:interact_with_blast_furnace":1,"minecraft:walk_on_water_one_cm":2381,"minecraft:interact_with_smoker":1,"minecraft:total_world_time":40019,"minecraft:fall_one_cm":15560},"minecraft:killed":{"enemyexpansion:intruder":1,"enemyexpansion:sprinter":1,"minecraft:creeper":2,"minecraft:skeleton":1,"minecraft:zombie":4,"undead_revamp2:thespitter":1},"minecraft:mined":{"minecraft:white_bed":1,"iceandfire:silver_ore":3,"minecraft:crafting_table":2,"minecraft:blast_furnace":1,"born_in_chaos_v1:black_argillite":9,"iceandfire:lectern":2,"minecraft:cobblestone":3,"minecraft:deepslate_gold_ore":4,"minecraft:oak_planks":4,"placeablesmod:bread_full_block":1,"supplementaries:urn":6,"minecraft:hay_block":11,"minecraft:furnace":2,"minecraft:iron_ore":8,"minecraft:bookshelf":4,"minecraft:oak_log":8,"minecraft:coal_ore":21,"minecraft:deepslate_iron_ore":2,"minecraft:dirt":1,"luminousworld:grassvariant_3":1,"minecraft:gold_ore":1,"minecraft:stone":39,"iceandfire:podium_spruce":1,"minecraft:chipped_anvil":1}},"DataVersion":3465}