{"stats":{"minecraft:picked_up":{"minecraft:crafting_table":4,"born_in_chaos_v1:diamond_termite_shard":4,"minecraft:chainmail_boots":1,"minecraft:leather_leggings":1,"minecraft:diamond_sword":1,"minecraft:amethyst_block":1,"born_in_chaos_v1:black_argillite":9,"minecraft:moss_carpet":1,"minecraft:string":12,"minecraft:raw_copper":9,"minecraft:iron_leggings":5,"iceandfire:bestiary":1,"minecraft:gold_nugget":13,"minecraft:cobbled_deepslate":1170,"minecraft:rose_bush":1,"minecraft:iron_pickaxe":2,"minecraft:birch_sapling":1,"minecraft:iron_boots":3,"minecraft:furnace":3,"minecraft:tipped_arrow":1,"minecraft:golden_helmet":2,"minecraft:stick":2,"minecraft:raw_iron":66,"minecraft:stone":1,"minecraft:torch":10,"tombstone:grave_dust":6,"born_in_chaos_v1:pieceofdarkmetal":1,"minecraft:redstone":9,"minecraft:arrow":3,"minecraft:rotten_flesh":77,"minecraft:diamond_boots":1,"supplementaries:antique_ink":7,"minecraft:hay_block":10,"minecraft:brick_stairs":1,"minecraft:cyan_terracotta":2,"tombstone:essence_of_undeath":1,"supplementaries:ash":89,"enemyexpansion:troll_molar":1,"minecraft:skeleton_skull":1,"minecraft:cobblestone":58,"minecraft:birch_log":4,"born_in_chaos_v1:corpse_maggot":11,"minecraft:air":0,"minecraft:golden_carrot":13,"minecraft:water_bucket":1,"minecraft:andesite":7,"luminousworld:ishstone":1,"minecraft:golden_leggings":1,"minecraft:potato":57,"minecraft:tuff":115,"artifacts:pickaxe_heater":1,"minecraft:oak_log":12,"supplementaries:flax_seeds":7,"minecraft:gunpowder":3,"tombstone:voodoo_poppet":1,"vanillaplustools:iron_hammer":1,"minecraft:lapis_lazuli":21,"minecraft:dirt":1,"artifacts:flippers":1,"tombstone:gift":1,"quark:forgotten_hat":1,"minecraft:bone":32,"minecraft:chipped_anvil":2,"minecraft:raw_gold":14,"minecraft:iron_ingot":6,"minecraft:stone_pickaxe":1,"minecraft:cobweb":10,"artifacts:kitty_slippers":1,"tombstone:bag_of_seeds":1,"minecraft:iron_sword":3,"minecraft:oak_planks":33,"minecraft:book":12,"iceandfire:podium_spruce":1,"earthmobsmod:harder_flesh":1,"minecraft:gravel":1,"minecraft:mossy_cobblestone":1,"minecraft:blast_furnace":2,"minecraft:white_bed":1,"minecraft:spider_eye":3,"alexsmobs:animal_dictionary":1,"minecraft:dark_prismarine":2,"minecraft:brick_slab":2,"minecraft:polished_andesite":3,"minecraft:bundle":2,"minecraft:iron_hoe":1,"luminousworld:cooked_venison":1,"minecraft:diamond":123,"minecraft:stone_axe":2,"iceandfire:lectern":2,"minecraft:chainmail_leggings":1,"minecraft:granite":4,"minecraft:grass":1,"minecraft:emerald":2,"minecraft:bread":25,"minecraft:terracotta":3,"tombstone:magic_scroll":3,"minecraft:coal":41,"iceandfire:raw_silver":3},"minecraft:custom":{"minecraft:interact_with_smithing_table":5,"minecraft:interact_with_anvil":11,"minecraft:mob_kills":138,"minecraft:interact_with_crafting_table":27,"minecraft:open_barrel":34,"minecraft:damage_dealt_resisted":180,"minecraft:leave_game":4,"minecraft:time_since_death":43907,"minecraft:climb_one_cm":7163,"minecraft:damage_resisted":4,"minecraft:sprint_one_cm":391569,"minecraft:walk_one_cm":803655,"minecraft:damage_blocked_by_shield":3895,"minecraft:drop":179,"minecraft:damage_dealt_absorbed":33,"minecraft:talked_to_villager":5,"minecraft:play_time":281401,"minecraft:deaths":21,"minecraft:sneak_time":14769,"minecraft:walk_under_water_one_cm":12269,"minecraft:interact_with_brewingstand":1,"minecraft:jump":3447,"minecraft:interact_with_blast_furnace":11,"minecraft:enchant_item":2,"minecraft:walk_on_water_one_cm":49859,"minecraft:total_world_time":281401,"minecraft:interact_with_furnace":27,"tombstone:raider_killed":1,"minecraft:interact_with_loom":3,"minecraft:sleep_in_bed":2,"minecraft:time_since_rest":43544,"minecraft:damage_taken":11728,"minecraft:damage_absorbed":39,"minecraft:trigger_trapped_chest":1,"minecraft:damage_dealt":27772,"tombstone:cast_on_ally":1,"minecraft:player_kills":2,"minecraft:swim_one_cm":18413,"minecraft:fly_one_cm":562662,"minecraft:open_chest":115,"minecraft:crouch_one_cm":48196,"tombstone:undead_killed":75,"minecraft:interact_with_smoker":14,"minecraft:fall_one_cm":78119},"minecraft:broken":{"vanillaplustools:iron_hammer":1,"minecraft:shield":2},"minecraft:dropped":{"minecraft:iron_ingot":3,"minecraft:iron_sword":2,"iceandfire:raw_silver":3,"minecraft:golden_helmet":2,"luminousworld:ishstone":1,"minecraft:mossy_cobblestone":1,"minecraft:glass_bottle":1,"minecraft:iron_helmet":1,"minecraft:cobblestone":5,"minecraft:amethyst_block":1,"minecraft:granite":4,"endrem:lost_eye":1,"born_in_chaos_v1:pieceofdarkmetal":1,"minecraft:polished_andesite":2,"minecraft:cod":3,"minecraft:cyan_terracotta":1,"minecraft:dirt":1,"tombstone:bag_of_seeds":1,"minecraft:grass":1,"born_in_chaos_v1:black_argillite":9,"iceandfire:podium_spruce":1,"tombstone:magic_scroll":1,"tombstone:grave_key":1,"minecraft:rose_bush":1,"tombstone:grave_dust":9,"minecraft:iron_leggings":4,"minecraft:iron_pickaxe":1,"minecraft:chainmail_leggings":1,"tombstone:voodoo_poppet":1,"minecraft:string":11,"minecraft:redstone":9,"iceandfire:dragonbone":1,"minecraft:bone":4,"minecraft:gravel":1,"minecraft:moss_carpet":1,"minecraft:stone_axe":3,"alexsmobs:animal_dictionary":1,"minecraft:cobbled_deepslate":806,"minecraft:raw_copper":9,"tombstone:gift":1,"minecraft:birch_sapling":1,"minecraft:tuff":115,"minecraft:wheat":2,"minecraft:raw_iron":21,"minecraft:rotten_flesh":71,"minecraft:iron_boots":4,"minecraft:oak_planks":6,"minecraft:iron_hoe":1,"earthmobsmod:harder_flesh":1,"supplementaries:antique_ink":1,"minecraft:diamond_sword":1,"supplementaries:flax_seeds":7,"supplementaries:ash":93,"minecraft:stone":1,"minecraft:golden_leggings":1,"minecraft:brick_stairs":1,"minecraft:bundle":1,"minecraft:skeleton_skull":1,"minecraft:andesite":1,"born_in_chaos_v1:diamond_termite_shard":3,"born_in_chaos_v1:corpse_maggot":11,"iceandfire:bestiary":1,"iceandfire:pixie_dust":1,"minecraft:leather_leggings":1,"iceandfire:lectern":1,"minecraft:spider_eye":3,"tombstone:essence_of_undeath":1,"minecraft:bow":1,"minecraft:arrow":3,"minecraft:stone_pickaxe":2,"minecraft:brick_slab":2,"minecraft:dark_prismarine":2,"iceandfire:manuscript":6,"minecraft:terracotta":3},"minecraft:used":{"iceandfire:lectern":1,"minecraft:shield":131,"minecraft:iron_sword":178,"luminousworld:cooked_venison":1,"minecraft:rotten_flesh":6,"minecraft:torch":122,"minecraft:cyan_terracotta":1,"minecraft:chipped_anvil":2,"minecraft:iron_axe":12,"minecraft:bow":20,"minecraft:golden_carrot":13,"minecraft:furnace":3,"tombstone:gift":8,"minecraft:potato":56,"minecraft:cobbled_deepslate":90,"minecraft:water_bucket":9,"tombstone:scroll_of_knowledge":1,"minecraft:baked_potato":16,"minecraft:polished_andesite":1,"minecraft:oak_planks":29,"minecraft:stone_pickaxe":75,"minecraft:golden_apple":1,"minecraft:crafting_table":5,"enemyexpansion:troll_molar":17,"minecraft:blast_furnace":2,"minecraft:white_bed":1,"minecraft:diamond_pickaxe":186,"minecraft:apple":9,"minecraft:bread":64,"minecraft:iron_pickaxe":170,"tombstone:magic_scroll":1,"minecraft:stone_axe":61,"minecraft:diamond_sword":249,"minecraft:potion":1,"minecraft:cobblestone":47,"vanillaplustools:iron_hammer":250,"minecraft:cooked_porkchop":4,"minecraft:bucket":10,"minecraft:andesite":6,"alexsmobs:animal_dictionary":1,"minecraft:cobweb":10},"minecraft:killed":{"minecraft:cave_spider":1,"minecraft:witch":1,"enemyexpansion:intruder":1,"minecraft:spider":5,"enemyexpansion:direwolf":3,"born_in_chaos_v1:zombie_bruiser":1,"born_in_chaos_v1:maggot":8,"minecraft:skeleton":3,"alexsmobs:blue_jay":1,"stalwart_dungeons:nether_wart_cocoon":1,"minecraft:silverfish":6,"born_in_chaos_v1:corpse_fish":1,"undead_revamp2:thespitter":1,"artifacts:mimic":2,"earthmobsmod:bouldering_zombie":3,"born_in_chaos_v1:diamond_termite":7,"enemyexpansion:troll":1,"enemyexpansion:sprinter":2,"minecraft:creeper":2,"born_in_chaos_v1:decrepit_skeleton":1,"enemyexpansion:crawler":1,"born_in_chaos_v1:bloody_gadfly":1,"endermanoverhaul:cave_enderman":1,"minecraft:zombie":62,"mutantmonsters:creeper_minion":1,"enemyexpansion:botfly":4,"born_in_chaos_v1:corpse_fly":9,"enemyexpansion:huntsman":1,"enemyexpansion:slugger":1},"minecraft:killed_by":{"minecraft:player":2,"born_in_chaos_v1:zombie_lumberjack":1,"mutantmonsters:mutant_creeper":1,"minecraft:silverfish":3,"minecraft:cave_spider":1,"minecraft:skeleton":3,"enemyexpansion:botfly":1,"artifacts:mimic":2,"enemyexpansion:troll":1,"enemyexpansion:invisicreeper":3},"minecraft:mined":{"minecraft:tuff":270,"minecraft:white_bed":1,"iceandfire:silver_ore":3,"minecraft:deepslate_diamond_ore":15,"born_in_chaos_v1:infected_diamond_ore":2,"quark:glow_shroom_stem":3,"born_in_chaos_v1:black_argillite":9,"iceandfire:lectern":2,"minecraft:spawner":1,"minecraft:hay_block":11,"minecraft:furnace":3,"minecraft:iron_ore":8,"minecraft:cobbled_deepslate":12,"minecraft:andesite":7,"minecraft:deepslate_lapis_ore":4,"minecraft:bookshelf":4,"minecraft:potatoes":24,"minecraft:deepslate_iron_ore":55,"minecraft:stone":49,"iceandfire:podium_spruce":1,"minecraft:deepslate_redstone_ore":5,"minecraft:cyan_terracotta":1,"minecraft:polished_granite":1,"minecraft:crafting_table":4,"minecraft:torch":3,"minecraft:blast_furnace":2,"minecraft:cobblestone":10,"minecraft:deepslate_gold_ore":5,"minecraft:oak_planks":12,"placeablesmod:bread_full_block":1,"minecraft:amethyst_block":1,"supplementaries:urn":31,"minecraft:birch_log":4,"minecraft:birch_leaves":1,"minecraft:smooth_stone_slab":1,"minecraft:oak_log":8,"minecraft:coal_ore":21,"minecraft:dirt":1,"luminousworld:grassvariant_3":1,"minecraft:cobweb":1,"minecraft:terracotta":2,"minecraft:polished_andesite":3,"minecraft:chipped_anvil":2,"minecraft:gold_ore":1,"minecraft:deepslate":2135},"minecraft:crafted":{"minecraft:oak_planks":36,"minecraft:diamond_helmet":1,"minecraft:diamond_leggings":1,"minecraft:iron_boots":2,"minecraft:iron_axe":2,"minecraft:stone_pickaxe":1,"minecraft:diamond_boots":1,"minecraft:wheat":90,"minecraft:diamond_sword":1,"minecraft:cooked_porkchop":4,"minecraft:baked_potato":17,"minecraft:crafting_table":2,"minecraft:iron_helmet":2,"minecraft:iron_sword":1,"minecraft:bucket":1,"minecraft:birch_planks":16,"minecraft:stone_axe":1,"minecraft:bread":31,"minecraft:air":0,"minecraft:iron_chestplate":1,"minecraft:diamond_pickaxe":1,"minecraft:shield":2,"minecraft:stick":40,"minecraft:iron_pickaxe":1,"minecraft:iron_ingot":34,"minecraft:torch":84,"minecraft:diamond_chestplate":1}},"DataVersion":3465}