{"stats":{"minecraft:picked_up":{"minecraft:crafting_table":3,"born_in_chaos_v1:diamond_termite_shard":4,"born_in_chaos_v1:black_argillite":9,"minecraft:string":7,"minecraft:raw_copper":9,"minecraft:iron_leggings":4,"iceandfire:bestiary":1,"minecraft:gold_nugget":13,"minecraft:cobbled_deepslate":482,"minecraft:iron_pickaxe":1,"minecraft:iron_boots":1,"minecraft:furnace":3,"minecraft:stick":2,"minecraft:raw_iron":58,"minecraft:torch":7,"tombstone:grave_dust":3,"born_in_chaos_v1:pieceofdarkmetal":1,"minecraft:arrow":3,"minecraft:rotten_flesh":20,"supplementaries:antique_ink":6,"minecraft:hay_block":10,"tombstone:essence_of_undeath":1,"supplementaries:ash":65,"enemyexpansion:troll_molar":1,"minecraft:skeleton_skull":1,"minecraft:cobblestone":46,"born_in_chaos_v1:corpse_maggot":2,"minecraft:golden_carrot":5,"minecraft:tuff":10,"minecraft:oak_log":9,"supplementaries:flax_seeds":5,"minecraft:gunpowder":3,"vanillaplustools:iron_hammer":1,"minecraft:lapis_lazuli":21,"minecraft:dirt":1,"artifacts:flippers":1,"quark:forgotten_hat":1,"minecraft:bone":28,"minecraft:chipped_anvil":2,"minecraft:raw_gold":13,"minecraft:stone_pickaxe":1,"minecraft:cobweb":10,"artifacts:kitty_slippers":1,"minecraft:iron_sword":3,"minecraft:oak_planks":33,"minecraft:book":12,"iceandfire:podium_spruce":1,"minecraft:gravel":1,"minecraft:blast_furnace":2,"minecraft:white_bed":1,"minecraft:spider_eye":3,"alexsmobs:animal_dictionary":1,"minecraft:iron_hoe":1,"minecraft:diamond":11,"minecraft:stone_axe":2,"iceandfire:lectern":2,"minecraft:chainmail_leggings":1,"minecraft:grass":1,"minecraft:emerald":2,"minecraft:bread":25,"tombstone:magic_scroll":2,"minecraft:coal":41,"iceandfire:raw_silver":3},"minecraft:custom":{"minecraft:interact_with_smithing_table":1,"minecraft:interact_with_anvil":4,"minecraft:mob_kills":59,"minecraft:interact_with_crafting_table":20,"minecraft:open_barrel":32,"minecraft:damage_dealt_resisted":160,"minecraft:leave_game":3,"minecraft:time_since_death":25742,"minecraft:climb_one_cm":4504,"minecraft:sprint_one_cm":277693,"minecraft:walk_one_cm":436612,"minecraft:damage_blocked_by_shield":3325,"minecraft:drop":102,"minecraft:damage_dealt_absorbed":33,"minecraft:talked_to_villager":5,"minecraft:play_time":169964,"minecraft:deaths":19,"minecraft:sneak_time":11733,"minecraft:walk_under_water_one_cm":1584,"minecraft:interact_with_brewingstand":1,"minecraft:jump":2459,"minecraft:interact_with_blast_furnace":9,"minecraft:walk_on_water_one_cm":18832,"minecraft:total_world_time":169964,"minecraft:interact_with_furnace":21,"tombstone:raider_killed":1,"minecraft:interact_with_loom":1,"minecraft:sleep_in_bed":2,"minecraft:time_since_rest":25363,"minecraft:damage_taken":8579,"minecraft:damage_absorbed":39,"minecraft:damage_dealt":13063,"minecraft:player_kills":2,"minecraft:swim_one_cm":2491,"minecraft:fly_one_cm":432375,"minecraft:open_chest":13,"minecraft:crouch_one_cm":34439,"tombstone:undead_killed":23,"minecraft:interact_with_smoker":1,"minecraft:fall_one_cm":58874},"minecraft:broken":{"minecraft:shield":1},"minecraft:dropped":{"minecraft:iron_ingot":3,"minecraft:iron_sword":2,"iceandfire:raw_silver":3,"minecraft:iron_helmet":1,"minecraft:cobblestone":1,"endrem:lost_eye":1,"born_in_chaos_v1:pieceofdarkmetal":1,"minecraft:cod":3,"minecraft:dirt":1,"minecraft:grass":1,"born_in_chaos_v1:black_argillite":9,"iceandfire:podium_spruce":1,"tombstone:magic_scroll":1,"tombstone:grave_key":1,"tombstone:grave_dust":5,"minecraft:iron_leggings":4,"minecraft:iron_pickaxe":1,"minecraft:chainmail_leggings":1,"minecraft:string":7,"iceandfire:dragonbone":1,"minecraft:bone":4,"minecraft:gravel":1,"minecraft:stone_axe":3,"alexsmobs:animal_dictionary":1,"minecraft:cobbled_deepslate":211,"minecraft:raw_copper":9,"minecraft:tuff":4,"minecraft:wheat":2,"minecraft:raw_iron":21,"minecraft:rotten_flesh":19,"minecraft:iron_boots":2,"minecraft:oak_planks":6,"minecraft:iron_hoe":1,"supplementaries:flax_seeds":5,"supplementaries:ash":69,"minecraft:skeleton_skull":1,"born_in_chaos_v1:diamond_termite_shard":3,"born_in_chaos_v1:corpse_maggot":2,"iceandfire:bestiary":1,"iceandfire:pixie_dust":1,"iceandfire:lectern":1,"minecraft:spider_eye":3,"tombstone:essence_of_undeath":1,"minecraft:arrow":3,"minecraft:stone_pickaxe":2,"iceandfire:manuscript":6},"minecraft:used":{"iceandfire:lectern":1,"minecraft:shield":130,"minecraft:iron_sword":178,"minecraft:rotten_flesh":1,"minecraft:torch":113,"minecraft:chipped_anvil":2,"minecraft:iron_axe":11,"minecraft:bow":2,"minecraft:golden_carrot":5,"minecraft:furnace":2,"tombstone:gift":5,"minecraft:cobbled_deepslate":81,"minecraft:oak_planks":29,"minecraft:stone_pickaxe":75,"minecraft:golden_apple":1,"minecraft:crafting_table":4,"enemyexpansion:troll_molar":6,"minecraft:blast_furnace":1,"minecraft:apple":9,"minecraft:bread":53,"minecraft:iron_pickaxe":160,"tombstone:magic_scroll":1,"minecraft:stone_axe":61,"minecraft:diamond_sword":28,"minecraft:cobblestone":39,"vanillaplustools:iron_hammer":55,"alexsmobs:animal_dictionary":1,"minecraft:cobweb":10},"minecraft:killed":{"minecraft:cave_spider":1,"minecraft:witch":1,"enemyexpansion:intruder":1,"minecraft:spider":3,"enemyexpansion:direwolf":2,"born_in_chaos_v1:maggot":1,"minecraft:skeleton":2,"minecraft:silverfish":6,"undead_revamp2:thespitter":1,"artifacts:mimic":1,"earthmobsmod:bouldering_zombie":1,"born_in_chaos_v1:diamond_termite":7,"enemyexpansion:troll":1,"enemyexpansion:sprinter":2,"minecraft:creeper":2,"born_in_chaos_v1:bloody_gadfly":1,"minecraft:zombie":15,"mutantmonsters:creeper_minion":1,"born_in_chaos_v1:corpse_fly":2,"enemyexpansion:huntsman":1,"enemyexpansion:slugger":1},"minecraft:killed_by":{"born_in_chaos_v1:zombie_lumberjack":1,"mutantmonsters:mutant_creeper":1,"minecraft:silverfish":3,"minecraft:cave_spider":1,"minecraft:skeleton":3,"enemyexpansion:botfly":1,"artifacts:mimic":2,"enemyexpansion:troll":1,"enemyexpansion:invisicreeper":3},"minecraft:mined":{"minecraft:tuff":28,"minecraft:white_bed":1,"iceandfire:silver_ore":3,"minecraft:deepslate_diamond_ore":11,"born_in_chaos_v1:infected_diamond_ore":2,"quark:glow_shroom_stem":3,"born_in_chaos_v1:black_argillite":9,"iceandfire:lectern":2,"minecraft:hay_block":11,"minecraft:furnace":3,"minecraft:iron_ore":8,"minecraft:cobbled_deepslate":8,"minecraft:deepslate_lapis_ore":4,"minecraft:bookshelf":4,"minecraft:deepslate_iron_ore":45,"minecraft:stone":40,"iceandfire:podium_spruce":1,"minecraft:deepslate_redstone_ore":3,"minecraft:crafting_table":3,"minecraft:torch":2,"minecraft:blast_furnace":2,"minecraft:cobblestone":3,"minecraft:deepslate_gold_ore":4,"minecraft:oak_planks":12,"placeablesmod:bread_full_block":1,"supplementaries:urn":26,"minecraft:oak_log":8,"minecraft:coal_ore":21,"minecraft:dirt":1,"luminousworld:grassvariant_3":1,"minecraft:cobweb":1,"minecraft:chipped_anvil":2,"minecraft:gold_ore":1,"minecraft:deepslate":484},"minecraft:crafted":{"minecraft:oak_planks":36,"minecraft:iron_boots":2,"minecraft:iron_axe":1,"minecraft:stone_pickaxe":1,"minecraft:wheat":90,"minecraft:diamond_sword":1,"minecraft:crafting_table":1,"minecraft:iron_helmet":2,"minecraft:iron_sword":1,"minecraft:stone_axe":1,"minecraft:bread":31,"minecraft:air":0,"minecraft:iron_chestplate":1,"minecraft:shield":2,"minecraft:stick":36,"minecraft:iron_pickaxe":1,"minecraft:iron_ingot":34,"minecraft:torch":84}},"DataVersion":3465}