{"stats":{"minecraft:picked_up":{"artifacts:universal_attractor":1,"minecraft:coarse_dirt":1,"luminousworld:spuds":2,"artifacts:thorn_pendant":1},"minecraft:custom":{"minecraft:open_chest":2,"minecraft:time_since_rest":3152,"minecraft:crouch_one_cm":433,"minecraft:play_time":12839,"minecraft:sprint_one_cm":9236,"minecraft:walk_one_cm":11642,"minecraft:damage_taken":110,"minecraft:deaths":3,"minecraft:sneak_time":488,"minecraft:walk_under_water_one_cm":1618,"minecraft:drop":6,"minecraft:jump":129,"minecraft:damage_dealt":10,"minecraft:walk_on_water_one_cm":2529,"minecraft:time_since_death":3958,"minecraft:total_world_time":12839,"minecraft:fall_one_cm":2491,"minecraft:fly_one_cm":389892},"minecraft:dropped":{"alexscaves:pure_darkness":61,"tombstone:grave_key":3,"luminousworld:spuds":1,"ad_astra:tier_4_rocket":1},"minecraft:used":{"twilightforest:ur_ghast_trophy":8,"alexscaves:tremorzilla_egg":1,"minecraft:flint_and_steel":2,"alexscaves:spawn_egg_nucleeper":4},"minecraft:mined":{"minecraft:coarse_dirt":1,"minecraft:spruce_leaves":1}},"DataVersion":3465}