{"stats":{"minecraft:killed_by":{"minecraft:cave_spider":1,"minecraft:skeleton":3,"enemyexpansion:botfly":1,"artifacts:mimic":2,"enemyexpansion:troll":1,"enemyexpansion:invisicreeper":2},"minecraft:used":{"iceandfire:lectern":1,"minecraft:stone_pickaxe":75,"minecraft:oak_planks":26,"minecraft:shield":33,"minecraft:iron_sword":10,"minecraft:torch":38,"minecraft:crafting_table":2,"minecraft:bread":22,"minecraft:iron_pickaxe":85,"minecraft:stone_axe":61,"minecraft:cobblestone":39,"minecraft:furnace":1,"minecraft:cobbled_deepslate":16,"alexsmobs:animal_dictionary":1,"tombstone:gift":1},"minecraft:crafted":{"minecraft:oak_planks":36,"minecraft:crafting_table":1,"minecraft:iron_helmet":1,"minecraft:iron_sword":1,"minecraft:stone_axe":1,"minecraft:bread":30,"minecraft:air":0,"minecraft:iron_boots":1,"minecraft:shield":1,"minecraft:stick":16,"minecraft:iron_ingot":15,"minecraft:iron_pickaxe":1,"minecraft:stone_pickaxe":1,"minecraft:torch":36,"minecraft:wheat":90},"minecraft:picked_up":{"minecraft:crafting_table":2,"minecraft:oak_log":9,"born_in_chaos_v1:black_argillite":9,"minecraft:lapis_lazuli":21,"minecraft:dirt":1,"minecraft:string":4,"minecraft:raw_copper":4,"minecraft:chipped_anvil":1,"minecraft:bone":11,"iceandfire:bestiary":1,"minecraft:gold_nugget":13,"minecraft:cobbled_deepslate":16,"minecraft:raw_gold":13,"artifacts:kitty_slippers":1,"minecraft:oak_planks":11,"minecraft:furnace":2,"minecraft:book":12,"minecraft:raw_iron":30,"iceandfire:podium_spruce":1,"minecraft:torch":5,"minecraft:blast_furnace":1,"minecraft:white_bed":1,"minecraft:arrow":2,"minecraft:rotten_flesh":8,"minecraft:stone_axe":1,"iceandfire:lectern":2,"minecraft:hay_block":10,"supplementaries:antique_ink":5,"tombstone:essence_of_undeath":1,"supplementaries:ash":43,"minecraft:emerald":2,"minecraft:bread":1,"tombstone:magic_scroll":1,"minecraft:coal":41,"minecraft:skeleton_skull":1,"iceandfire:raw_silver":3,"minecraft:cobblestone":45},"minecraft:dropped":{"minecraft:raw_copper":4,"minecraft:rotten_flesh":6,"minecraft:cod":3,"minecraft:dirt":1,"born_in_chaos_v1:black_argillite":9,"iceandfire:podium_spruce":1,"tombstone:magic_scroll":1,"tombstone:grave_key":1,"iceandfire:pixie_dust":1,"iceandfire:bestiary":1,"tombstone:grave_dust":1,"iceandfire:lectern":1,"iceandfire:manuscript":6,"minecraft:bone":4},"minecraft:custom":{"minecraft:interact_with_smithing_table":1,"minecraft:interact_with_furnace":8,"minecraft:mob_kills":18,"minecraft:interact_with_crafting_table":10,"minecraft:open_barrel":16,"minecraft:leave_game":2,"minecraft:time_since_death":1398,"minecraft:sleep_in_bed":2,"minecraft:climb_one_cm":1702,"minecraft:time_since_rest":1,"minecraft:sprint_one_cm":116297,"minecraft:damage_taken":4259,"minecraft:walk_one_cm":159188,"minecraft:damage_blocked_by_shield":960,"minecraft:drop":16,"minecraft:damage_dealt":3934,"minecraft:swim_one_cm":2491,"minecraft:talked_to_villager":5,"minecraft:fly_one_cm":190746,"minecraft:open_chest":9,"minecraft:crouch_one_cm":18673,"minecraft:play_time":63029,"tombstone:undead_killed":9,"minecraft:deaths":12,"minecraft:sneak_time":6154,"minecraft:walk_under_water_one_cm":116,"minecraft:interact_with_brewingstand":1,"minecraft:jump":955,"minecraft:interact_with_blast_furnace":6,"minecraft:walk_on_water_one_cm":3880,"minecraft:interact_with_smoker":1,"minecraft:total_world_time":63029,"minecraft:fall_one_cm":22001},"minecraft:killed":{"enemyexpansion:intruder":1,"minecraft:spider":1,"enemyexpansion:sprinter":1,"minecraft:creeper":2,"minecraft:skeleton":1,"minecraft:zombie":6,"undead_revamp2:thespitter":1},"minecraft:mined":{"minecraft:white_bed":1,"iceandfire:silver_ore":3,"minecraft:crafting_table":2,"minecraft:blast_furnace":1,"born_in_chaos_v1:black_argillite":9,"iceandfire:lectern":2,"minecraft:cobblestone":3,"minecraft:deepslate_gold_ore":4,"minecraft:oak_planks":11,"placeablesmod:bread_full_block":1,"supplementaries:urn":18,"minecraft:hay_block":11,"minecraft:furnace":2,"minecraft:iron_ore":8,"minecraft:deepslate_lapis_ore":4,"minecraft:bookshelf":4,"minecraft:oak_log":8,"minecraft:coal_ore":21,"minecraft:deepslate_iron_ore":24,"minecraft:dirt":1,"luminousworld:grassvariant_3":1,"minecraft:chipped_anvil":1,"minecraft:stone":39,"iceandfire:podium_spruce":1,"minecraft:gold_ore":1,"minecraft:deepslate":16}},"DataVersion":3465}