{"stats":{"minecraft:picked_up":{"minecraft:crafting_table":3,"born_in_chaos_v1:diamond_termite_shard":4,"born_in_chaos_v1:black_argillite":9,"minecraft:string":7,"minecraft:raw_copper":9,"minecraft:iron_leggings":4,"iceandfire:bestiary":1,"minecraft:gold_nugget":13,"minecraft:cobbled_deepslate":892,"minecraft:iron_pickaxe":1,"minecraft:iron_boots":1,"minecraft:furnace":3,"minecraft:stick":2,"minecraft:raw_iron":62,"minecraft:torch":9,"tombstone:grave_dust":3,"born_in_chaos_v1:pieceofdarkmetal":1,"minecraft:redstone":9,"minecraft:arrow":3,"minecraft:rotten_flesh":20,"supplementaries:antique_ink":6,"minecraft:hay_block":10,"tombstone:essence_of_undeath":1,"supplementaries:ash":65,"enemyexpansion:troll_molar":1,"minecraft:skeleton_skull":1,"minecraft:cobblestone":46,"born_in_chaos_v1:corpse_maggot":4,"minecraft:air":0,"minecraft:golden_carrot":7,"minecraft:tuff":10,"minecraft:oak_log":9,"supplementaries:flax_seeds":5,"minecraft:gunpowder":3,"vanillaplustools:iron_hammer":1,"minecraft:lapis_lazuli":21,"minecraft:dirt":1,"artifacts:flippers":1,"quark:forgotten_hat":1,"minecraft:bone":30,"minecraft:chipped_anvil":2,"minecraft:raw_gold":14,"minecraft:stone_pickaxe":1,"minecraft:cobweb":10,"artifacts:kitty_slippers":1,"minecraft:iron_sword":3,"minecraft:oak_planks":33,"minecraft:book":12,"iceandfire:podium_spruce":1,"minecraft:gravel":1,"minecraft:blast_furnace":2,"minecraft:white_bed":1,"minecraft:spider_eye":3,"alexsmobs:animal_dictionary":1,"minecraft:bundle":1,"minecraft:iron_hoe":1,"luminousworld:cooked_venison":1,"minecraft:diamond":12,"minecraft:stone_axe":2,"iceandfire:lectern":2,"minecraft:chainmail_leggings":1,"minecraft:grass":1,"minecraft:emerald":2,"minecraft:bread":25,"tombstone:magic_scroll":2,"minecraft:coal":41,"iceandfire:raw_silver":3},"minecraft:custom":{"minecraft:interact_with_smithing_table":1,"minecraft:interact_with_anvil":4,"minecraft:mob_kills":63,"minecraft:interact_with_crafting_table":21,"minecraft:open_barrel":32,"minecraft:damage_dealt_resisted":160,"minecraft:leave_game":3,"minecraft:time_since_death":61742,"minecraft:climb_one_cm":4504,"minecraft:sprint_one_cm":293309,"minecraft:walk_one_cm":502618,"minecraft:damage_blocked_by_shield":3895,"minecraft:drop":114,"minecraft:damage_dealt_absorbed":33,"minecraft:talked_to_villager":5,"minecraft:play_time":205964,"minecraft:deaths":19,"minecraft:sneak_time":12209,"minecraft:walk_under_water_one_cm":1584,"minecraft:interact_with_brewingstand":1,"minecraft:jump":2611,"minecraft:interact_with_blast_furnace":10,"minecraft:walk_on_water_one_cm":18832,"minecraft:total_world_time":205964,"minecraft:interact_with_furnace":22,"tombstone:raider_killed":1,"minecraft:interact_with_loom":1,"minecraft:sleep_in_bed":2,"minecraft:time_since_rest":61363,"minecraft:damage_taken":9047,"minecraft:damage_absorbed":39,"minecraft:trigger_trapped_chest":1,"minecraft:damage_dealt":13537,"minecraft:player_kills":2,"minecraft:swim_one_cm":2491,"minecraft:fly_one_cm":454817,"minecraft:open_chest":14,"minecraft:crouch_one_cm":36058,"tombstone:undead_killed":24,"minecraft:interact_with_smoker":1,"minecraft:fall_one_cm":62106},"minecraft:broken":{"minecraft:shield":2},"minecraft:dropped":{"minecraft:iron_ingot":3,"minecraft:iron_sword":2,"iceandfire:raw_silver":3,"minecraft:iron_helmet":1,"minecraft:cobblestone":1,"endrem:lost_eye":1,"born_in_chaos_v1:pieceofdarkmetal":1,"minecraft:cod":3,"minecraft:dirt":1,"minecraft:grass":1,"born_in_chaos_v1:black_argillite":9,"iceandfire:podium_spruce":1,"tombstone:magic_scroll":1,"tombstone:grave_key":1,"tombstone:grave_dust":5,"minecraft:iron_leggings":4,"minecraft:iron_pickaxe":1,"minecraft:chainmail_leggings":1,"minecraft:string":7,"minecraft:redstone":9,"iceandfire:dragonbone":1,"minecraft:bone":4,"minecraft:gravel":1,"minecraft:stone_axe":3,"alexsmobs:animal_dictionary":1,"minecraft:cobbled_deepslate":621,"minecraft:raw_copper":9,"minecraft:tuff":10,"minecraft:wheat":2,"minecraft:raw_iron":21,"minecraft:rotten_flesh":19,"minecraft:iron_boots":2,"minecraft:oak_planks":6,"minecraft:iron_hoe":1,"supplementaries:flax_seeds":5,"supplementaries:ash":69,"minecraft:skeleton_skull":1,"born_in_chaos_v1:diamond_termite_shard":3,"born_in_chaos_v1:corpse_maggot":4,"iceandfire:bestiary":1,"iceandfire:pixie_dust":1,"iceandfire:lectern":1,"minecraft:spider_eye":3,"tombstone:essence_of_undeath":1,"minecraft:arrow":3,"minecraft:stone_pickaxe":2,"iceandfire:manuscript":6},"minecraft:used":{"iceandfire:lectern":1,"minecraft:shield":131,"minecraft:iron_sword":178,"luminousworld:cooked_venison":1,"minecraft:rotten_flesh":1,"minecraft:torch":115,"minecraft:chipped_anvil":2,"minecraft:iron_axe":11,"minecraft:bow":2,"minecraft:golden_carrot":7,"minecraft:furnace":3,"tombstone:gift":5,"minecraft:cobbled_deepslate":90,"minecraft:oak_planks":29,"minecraft:stone_pickaxe":75,"minecraft:golden_apple":1,"minecraft:crafting_table":4,"enemyexpansion:troll_molar":6,"minecraft:blast_furnace":2,"minecraft:apple":9,"minecraft:bread":54,"minecraft:iron_pickaxe":170,"tombstone:magic_scroll":1,"minecraft:stone_axe":61,"minecraft:diamond_sword":39,"minecraft:cobblestone":39,"vanillaplustools:iron_hammer":222,"alexsmobs:animal_dictionary":1,"minecraft:cobweb":10},"minecraft:killed":{"minecraft:cave_spider":1,"minecraft:witch":1,"enemyexpansion:intruder":1,"minecraft:spider":3,"enemyexpansion:direwolf":3,"born_in_chaos_v1:maggot":3,"minecraft:skeleton":2,"minecraft:silverfish":6,"undead_revamp2:thespitter":1,"artifacts:mimic":1,"earthmobsmod:bouldering_zombie":1,"born_in_chaos_v1:diamond_termite":7,"enemyexpansion:troll":1,"enemyexpansion:sprinter":2,"minecraft:creeper":2,"born_in_chaos_v1:decrepit_skeleton":1,"born_in_chaos_v1:bloody_gadfly":1,"minecraft:zombie":15,"mutantmonsters:creeper_minion":1,"born_in_chaos_v1:corpse_fly":2,"enemyexpansion:huntsman":1,"enemyexpansion:slugger":1},"minecraft:killed_by":{"born_in_chaos_v1:zombie_lumberjack":1,"mutantmonsters:mutant_creeper":1,"minecraft:silverfish":3,"minecraft:cave_spider":1,"minecraft:skeleton":3,"enemyexpansion:botfly":1,"artifacts:mimic":2,"enemyexpansion:troll":1,"enemyexpansion:invisicreeper":3},"minecraft:mined":{"minecraft:tuff":153,"minecraft:white_bed":1,"iceandfire:silver_ore":3,"minecraft:deepslate_diamond_ore":12,"born_in_chaos_v1:infected_diamond_ore":2,"quark:glow_shroom_stem":3,"born_in_chaos_v1:black_argillite":9,"iceandfire:lectern":2,"minecraft:hay_block":11,"minecraft:furnace":3,"minecraft:iron_ore":8,"minecraft:cobbled_deepslate":12,"minecraft:deepslate_lapis_ore":4,"minecraft:bookshelf":4,"minecraft:deepslate_iron_ore":49,"minecraft:stone":40,"iceandfire:podium_spruce":1,"minecraft:deepslate_redstone_ore":5,"minecraft:crafting_table":3,"minecraft:torch":3,"minecraft:blast_furnace":2,"minecraft:cobblestone":3,"minecraft:deepslate_gold_ore":5,"minecraft:oak_planks":12,"placeablesmod:bread_full_block":1,"supplementaries:urn":26,"minecraft:oak_log":8,"minecraft:coal_ore":21,"minecraft:dirt":1,"luminousworld:grassvariant_3":1,"minecraft:cobweb":1,"minecraft:chipped_anvil":2,"minecraft:gold_ore":1,"minecraft:deepslate":1851},"minecraft:crafted":{"minecraft:oak_planks":36,"minecraft:iron_boots":2,"minecraft:iron_axe":1,"minecraft:stone_pickaxe":1,"minecraft:wheat":90,"minecraft:diamond_sword":1,"minecraft:crafting_table":1,"minecraft:iron_helmet":2,"minecraft:iron_sword":1,"minecraft:stone_axe":1,"minecraft:bread":31,"minecraft:air":0,"minecraft:iron_chestplate":1,"minecraft:shield":2,"minecraft:stick":36,"minecraft:iron_pickaxe":1,"minecraft:iron_ingot":34,"minecraft:torch":84}},"DataVersion":3465}