{"stats":{"minecraft:killed_by":{"enemyexpansion:slugger":2,"enemyexpansion:equestrian":2,"minecraft:cave_spider":1,"enemyexpansion:direwolf":2},"minecraft:used":{"iceandfire:lectern":1,"quark:ancient_tome":2,"minecraft:iron_shovel":17,"minecraft:diamond_hoe":6,"minecraft:shield":30,"minecraft:torch":6,"minecraft:dirt":1,"iceandfire:pixie_dust":1,"born_in_chaos_v1:corpse_maggot":8,"minecraft:lantern":2,"minecraft:iron_axe":68,"minecraft:bow":94,"tombstone:gift":5,"minecraft:cooked_beef":8,"minecraft:cooked_mutton":2,"minecraft:baked_potato":10,"luminousworld:ishstone":3,"minecraft:diamond_axe":294,"minecraft:crafting_table":6,"minecraft:shears":2,"minecraft:diamond_pickaxe":200,"minecraft:bread":14,"minecraft:iron_pickaxe":112,"minecraft:map":1,"minecraft:cobblestone":21,"minecraft:cooked_porkchop":6,"minecraft:smithing_table":1,"minecraft:cooked_rabbit":2,"minecraft:oak_boat":2,"minecraft:yellow_bed":1,"quark:oak_chest":2,"alexsmobs:animal_dictionary":1},"minecraft:crafted":{"minecraft:oak_planks":148,"minecraft:raw_iron":9,"ecologics:walnut_planks":32,"minecraft:crafting_table":5,"minecraft:bucket":2,"minecraft:oak_boat":2,"minecraft:stick":12,"quark:oak_chest":2,"minecraft:torch":32,"minecraft:shears":1},"minecraft:picked_up":{"born_in_chaos_v1:diamond_termite_shard":4,"luminousworld:groundpebbles_1":6,"minecraft:wheat":5,"minecraft:crafting_table":2,"minecraft:amethyst_block":8,"iceandfire:manuscript":2,"minecraft:string":1,"minecraft:raw_copper":17,"minecraft:iron_leggings":1,"minecraft:zombie_head":2,"iceandfire:bestiary":3,"minecraft:cobbled_deepslate":24,"minecraft:beef":17,"minecraft:oak_boat":1,"minecraft:cyan_wool":2,"minecraft:calcite":2,"minecraft:iron_nugget":11,"minecraft:iron_pickaxe":1,"minecraft:coal_block":8,"minecraft:furnace":1,"minecraft:stick":1,"minecraft:raw_iron":19,"ecologics:walnut_log":8,"minecraft:copper_ingot":2,"minecraft:torch":1,"minecraft:note_block":7,"minecraft:porkchop":9,"minecraft:pointed_dripstone":1,"tombstone:grave_dust":2,"born_in_chaos_v1:pieceofdarkmetal":1,"minecraft:redstone":1,"minecraft:light_blue_bed":1,"minecraft:stone_pressure_plate":1,"minecraft:rotten_flesh":34,"minecraft:shears":1,"supplementaries:antique_ink":3,"supplementaries:ash":1,"undead_revamp2:arapholia":1,"minecraft:cobblestone":83,"born_in_chaos_v1:corpse_maggot":8,"ecologics:walnut":1,"minecraft:air":1,"minecraft:andesite":2,"luminousworld:ishstone":3,"minecraft:brown_wool":2,"minecraft:leather":8,"minecraft:filled_map":1,"minecraft:oak_log":13,"minecraft:yellow_bed":1,"minecraft:gunpowder":2,"minecraft:wooden_hoe":1,"minecraft:lapis_lazuli":4,"minecraft:dirt":20,"minecraft:lantern":2,"minecraft:bone":4,"minecraft:wheat_seeds":19,"minecraft:raw_gold":15,"minecraft:cobweb":10,"minecraft:glass_bottle":2,"minecraft:iron_sword":1,"minecraft:oak_planks":6,"minecraft:pitcher_pod":1,"minecraft:book":138,"minecraft:smooth_basalt":2,"minecraft:music_disc_13":1,"iceandfire:podium_spruce":2,"minecraft:dripstone_block":1,"earthmobsmod:harder_flesh":2,"minecraft:amethyst_shard":8,"quark:oak_chest":1,"minecraft:iron_hoe":1,"minecraft:pumpkin_seeds":1,"minecraft:sugar":2,"iceandfire:lectern":3,"minecraft:granite":14,"minecraft:diamond_axe":2,"minecraft:gray_wool":2,"minecraft:bread":7,"tombstone:magic_scroll":1,"minecraft:oak_sapling":1,"minecraft:melon_seeds":3,"minecraft:coal":12,"iceandfire:raw_silver":3},"minecraft:dropped":{"minecraft:bread":6,"minecraft:iron_sword":1,"minecraft:oak_log":2,"minecraft:dripstone_block":1,"minecraft:leather":3,"minecraft:granite":14,"born_in_chaos_v1:pieceofdarkmetal":2,"minecraft:dirt":3,"minecraft:gray_wool":2,"minecraft:brown_wool":2,"minecraft:zombie_head":2,"minecraft:sugar":2,"minecraft:smooth_basalt":2,"quark:ancient_tome":2,"minecraft:cobbled_deepslate":11,"minecraft:raw_copper":13,"minecraft:smooth_stone_slab":5,"minecraft:pointed_dripstone":1,"minecraft:rotten_flesh":2,"minecraft:cooked_mutton":4,"earthmobsmod:harder_flesh":2,"minecraft:shears":1,"supplementaries:antique_ink":3,"minecraft:filled_map":1,"minecraft:diamond_sword":1,"supplementaries:ash":1,"minecraft:andesite":2,"minecraft:calcite":2},"minecraft:custom":{"minecraft:interact_with_smithing_table":2,"minecraft:mob_kills":79,"minecraft:interact_with_crafting_table":6,"minecraft:open_barrel":3,"minecraft:leave_game":2,"minecraft:time_since_death":5119,"minecraft:climb_one_cm":4377,"minecraft:sprint_one_cm":283104,"minecraft:walk_one_cm":238330,"minecraft:damage_blocked_by_shield":2455,"minecraft:drop":37,"minecraft:play_noteblock":10,"minecraft:talked_to_villager":4,"minecraft:play_time":97228,"minecraft:deaths":7,"minecraft:sneak_time":3127,"minecraft:walk_under_water_one_cm":9549,"minecraft:boat_one_cm":5748,"minecraft:jump":2197,"minecraft:interact_with_blast_furnace":1,"minecraft:walk_on_water_one_cm":27168,"minecraft:total_world_time":97228,"tombstone:raider_killed":3,"minecraft:sleep_in_bed":4,"minecraft:time_since_rest":2971,"minecraft:damage_taken":4312,"minecraft:damage_dealt":11383,"minecraft:swim_one_cm":21692,"minecraft:fly_one_cm":534160,"minecraft:open_chest":15,"minecraft:crouch_one_cm":7363,"tombstone:undead_killed":26,"minecraft:fall_one_cm":64986},"minecraft:killed":{"minecraft:cave_spider":2,"minecraft:witch":3,"undead_revamp2:theimmortal":1,"undead_revamp2:thegliter":1,"luminousworld:fawn":2,"alexsmobs:seagull":1,"born_in_chaos_v1:maggot":6,"minecraft:skeleton":1,"undead_revamp2:therod":1,"enemyexpansion:goblin":1,"enemyexpansion:vampflyer":1,"earthmobsmod:albino_cow":5,"artifacts:mimic":1,"born_in_chaos_v1:fallen_chaos_knight":1,"earthmobsmod:bouldering_zombie":1,"minecraft:pig":9,"born_in_chaos_v1:diamond_termite":4,"undead_revamp2:the_moonflower":1,"enemyexpansion:sprinter":2,"minecraft:creeper":1,"born_in_chaos_v1:decrepit_skeleton":2,"minecraft:sheep":2,"undead_revamp2:thesomnolence":2,"minecraft:zombie":13,"born_in_chaos_v1:corpse_fly":4,"minecraft:cow":5,"enemyexpansion:slugger":1},"minecraft:mined":{"luminousworld:groundpebbles_1":6,"minecraft:tuff":1,"minecraft:mossy_cobblestone":1,"luminousworld:grassvariant_4":1,"minecraft:deepslate_diamond_ore":4,"minecraft:granite":13,"minecraft:grass_block":5,"iceandfire:deepslate_silver_ore":3,"iceandfire:lectern":2,"minecraft:coal_block":8,"minecraft:smooth_stone":51,"minecraft:raw_iron_block":1,"minecraft:furnace":1,"minecraft:iron_ore":3,"minecraft:andesite":2,"minecraft:bookshelf":97,"minecraft:pointed_dripstone":1,"minecraft:vine":1,"minecraft:deepslate_iron_ore":38,"minecraft:lantern":1,"ecologics:walnut_log":8,"iceandfire:podium_spruce":1,"minecraft:stone":77,"minecraft:iron_block":1,"minecraft:redstone_wall_torch":1,"minecraft:smithing_table":2,"minecraft:oak_slab":1,"quark:oak_chest":1,"supplementaries:book_pile":2,"minecraft:smoker":1,"minecraft:amethyst_cluster":2,"minecraft:crafting_table":3,"born_in_chaos_v1:infected_deepslate_diamond_ore":3,"minecraft:note_block":7,"minecraft:calcite":2,"iceandfire:ghost_chest":1,"minecraft:campfire":4,"minecraft:tall_grass":1,"minecraft:cobblestone":16,"minecraft:deepslate_gold_ore":17,"minecraft:oak_planks":5,"minecraft:sugar_cane":7,"minecraft:iron_door":1,"minecraft:amethyst_block":8,"supplementaries:urn":1,"placeablesmod:cooked_pork_block":1,"minecraft:wheat":8,"minecraft:yellow_bed":2,"minecraft:smooth_stone_slab":5,"minecraft:grass":7,"luminousworld:ishstone":3,"minecraft:coal_ore":1,"minecraft:oak_log":39,"minecraft:dripstone_block":1,"minecraft:dirt":12,"minecraft:cobweb":2,"minecraft:smooth_basalt":2,"minecraft:stonecutter":1,"minecraft:stone_bricks":2,"minecraft:oak_leaves":10,"minecraft:deepslate":25}},"DataVersion":3465}