{"stats":{"minecraft:killed_by":{"enemyexpansion:equestrian":1},"minecraft:used":{"iceandfire:lectern":1,"quark:ancient_tome":2,"minecraft:iron_shovel":17,"minecraft:baked_potato":8,"minecraft:shield":8,"minecraft:diamond_axe":148,"minecraft:dirt":1,"iceandfire:pixie_dust":1,"minecraft:crafting_table":4,"minecraft:diamond_pickaxe":24,"minecraft:lantern":2,"minecraft:iron_axe":68,"minecraft:bread":6,"minecraft:iron_pickaxe":112,"minecraft:map":1,"minecraft:cobblestone":3,"minecraft:bow":4,"minecraft:smithing_table":1,"alexsmobs:animal_dictionary":1,"quark:oak_chest":2,"minecraft:yellow_bed":1,"minecraft:cooked_beef":3},"minecraft:crafted":{"minecraft:oak_planks":36,"minecraft:crafting_table":3,"ecologics:walnut_planks":32,"minecraft:stick":4,"quark:oak_chest":2},"minecraft:picked_up":{"luminousworld:groundpebbles_1":6,"ecologics:walnut":1,"minecraft:crafting_table":1,"minecraft:wheat":5,"minecraft:air":0,"minecraft:oak_log":9,"minecraft:yellow_bed":1,"iceandfire:manuscript":2,"minecraft:dirt":17,"minecraft:lantern":2,"iceandfire:bestiary":3,"minecraft:wheat_seeds":19,"minecraft:iron_pickaxe":1,"minecraft:coal_block":8,"minecraft:oak_planks":2,"minecraft:furnace":1,"minecraft:book":108,"ecologics:walnut_log":8,"iceandfire:podium_spruce":2,"quark:oak_chest":1,"minecraft:stone_pressure_plate":1,"iceandfire:lectern":3,"minecraft:cobblestone":18},"minecraft:dropped":{"minecraft:smooth_stone_slab":5,"quark:ancient_tome":2},"minecraft:custom":{"minecraft:interact_with_smithing_table":2,"minecraft:mob_kills":21,"minecraft:interact_with_crafting_table":4,"minecraft:open_barrel":3,"minecraft:leave_game":2,"minecraft:time_since_death":19326,"minecraft:sleep_in_bed":3,"minecraft:climb_one_cm":2135,"minecraft:time_since_rest":18161,"minecraft:sprint_one_cm":145518,"minecraft:damage_taken":1122,"minecraft:walk_one_cm":113735,"minecraft:damage_blocked_by_shield":510,"minecraft:drop":3,"minecraft:damage_dealt":3445,"minecraft:swim_one_cm":12115,"minecraft:talked_to_villager":3,"minecraft:fly_one_cm":293924,"minecraft:open_chest":14,"minecraft:crouch_one_cm":5985,"minecraft:play_time":49228,"tombstone:undead_killed":5,"minecraft:deaths":1,"minecraft:sneak_time":1807,"minecraft:walk_under_water_one_cm":4075,"minecraft:jump":969,"minecraft:interact_with_blast_furnace":1,"minecraft:walk_on_water_one_cm":5609,"minecraft:total_world_time":49228,"minecraft:fall_one_cm":32687},"minecraft:killed":{"minecraft:pig":4,"luminousworld:fawn":2,"enemyexpansion:sprinter":1,"alexsmobs:seagull":1,"minecraft:creeper":1,"minecraft:sheep":2,"undead_revamp2:thesomnolence":2,"minecraft:zombie":4,"minecraft:cow":3,"artifacts:mimic":1},"minecraft:mined":{"minecraft:smithing_table":2,"luminousworld:groundpebbles_1":6,"minecraft:oak_slab":1,"minecraft:tuff":1,"minecraft:mossy_cobblestone":1,"quark:oak_chest":1,"supplementaries:book_pile":2,"minecraft:smoker":1,"minecraft:crafting_table":1,"minecraft:grass_block":5,"iceandfire:ghost_chest":1,"iceandfire:lectern":2,"minecraft:campfire":4,"minecraft:coal_block":8,"minecraft:tall_grass":1,"minecraft:cobblestone":16,"minecraft:sugar_cane":7,"minecraft:oak_planks":5,"minecraft:iron_door":1,"minecraft:smooth_stone":51,"minecraft:furnace":1,"minecraft:wheat":8,"minecraft:yellow_bed":2,"minecraft:smooth_stone_slab":5,"minecraft:grass":4,"minecraft:bookshelf":87,"minecraft:oak_log":35,"minecraft:coal_ore":1,"minecraft:deepslate_iron_ore":19,"minecraft:vine":1,"minecraft:lantern":1,"minecraft:dirt":12,"ecologics:walnut_log":8,"minecraft:iron_block":1,"minecraft:stone_bricks":2,"minecraft:stonecutter":1,"minecraft:stone":13,"iceandfire:podium_spruce":1,"minecraft:oak_leaves":1,"minecraft:deepslate":3}},"DataVersion":3465}