{"stats":{"minecraft:broken":{"minecraft:iron_chestplate":1,"minecraft:iron_leggings":2,"minecraft:flint_and_steel":1,"aether:iron_gloves":2,"minecraft:iron_helmet":1},"minecraft:killed_by":{"enemyexpansion:slugger":2,"iceandfire:sea_serpent":2,"undead_revamp2:clogger":2,"minecraft:vindicator":1,"minecraft:cave_spider":2,"iceandfire:ice_dragon":13,"born_in_chaos_v1:pumpkinhead":3,"iceandfire:fire_dragon":4,"enemyexpansion:invisicreeper":1,"takesapillage:clay_golem":1,"minecraft:player":3,"enemyexpansion:equestrian":2,"mowziesmobs:ferrous_wroughtnaut":11,"iceandfire:gorgon":1,"enemyexpansion:direwolf":2,"iceandfire:ghost":1},"minecraft:used":{"iceandfire:lectern":1,"quark:ancient_tome":2,"minecraft:iron_shovel":17,"iceandfire:dragon_skull_ice":1,"minecraft:diamond_hoe":223,"minecraft:shield":30,"minecraft:rotten_flesh":1,"born_in_chaos_v1:soul_cutlass":111,"born_in_chaos_v1:corpse_maggot":8,"minecraft:lantern":2,"iceandfire:armor_silver_metal_leggings":1,"minecraft:stone_bricks":7,"born_in_chaos_v1:nightmare_stalker_skull":1,"minecraft:bow":146,"luminousworld:ironhammer":21,"minecraft:spruce_door":2,"minecraft:oak_planks":81,"minecraft:diamond_axe":776,"naturalist:duck_egg":1,"minecraft:white_wool":2,"minecraft:golden_apple":3,"minecraft:sand":18,"alexscaves:cave_book":2,"minecraft:stone_brick_wall":2,"minecraft:shears":2,"minecraft:melon_slice":7,"minecraft:bread":14,"ecologics:coconut_slice":2,"iceandfire:dragon_skull_fire":1,"minecraft:smithing_table":1,"minecraft:cooked_rabbit":2,"iceandfire:dragonegg_silver":1,"minecraft:oak_boat":7,"minecraft:bone_meal":15,"minecraft:cobweb":8,"minecraft:enchanting_table":2,"minecraft:flint_and_steel":64,"minecraft:torch":6,"minecraft:dirt":4,"iceandfire:pixie_dust":1,"minecraft:granite":3,"iceandfire:armor_silver_metal_helmet":1,"minecraft:iron_axe":69,"iceandfire:armor_blue_boots":1,"minecraft:infested_cobblestone":20,"tombstone:gift":7,"minecraft:cooked_beef":20,"minecraft:cooked_mutton":7,"minecraft:water_bucket":12,"iceandfire:fire_dragon_flesh":1,"quark:cobblestone_bricks":192,"minecraft:baked_potato":22,"luminousworld:ishstone":6,"minecraft:stonecutter":1,"minecraft:tnt":1,"minecraft:oak_slab":1,"minecraft:crafting_table":9,"supplementaries:bomb":8,"minecraft:spruce_log":145,"mowziesmobs:wrought_axe":2,"minecraft:diamond_pickaxe":510,"minecraft:iron_pickaxe":112,"minecraft:map":1,"minecraft:spruce_sapling":20,"minecraft:cobblestone":319,"minecraft:stripped_crimson_hyphae":3,"vanillaplustools:iron_hammer":78,"minecraft:cooked_porkchop":17,"minecraft:bucket":14,"minecraft:yellow_bed":6,"quark:oak_chest":2,"alexsmobs:animal_dictionary":1,"minecraft:splash_potion":1},"minecraft:crafted":{"minecraft:oak_planks":148,"iceandfire:armor_blue_helmet":2,"hangglider:hang_glider":1,"ecologics:walnut_planks":32,"vanillaplustools:iron_hammer":1,"minecraft:melon_seeds":1,"minecraft:crafting_table":7,"minecraft:spruce_planks":328,"minecraft:baked_potato":1,"minecraft:spruce_door":3,"luminousworld:ironhammer":1,"iceandfire:armor_blue_leggings":1,"minecraft:iron_pickaxe":9,"minecraft:stick":32,"quark:oak_chest":2,"minecraft:iron_ingot":21,"minecraft:iron_block":5,"minecraft:shears":1,"hangglider:glider_framework":1,"minecraft:raw_iron":9,"iceandfire:armor_blue_chestplate":1,"minecraft:bone_meal":111,"hangglider:glider_wing":2,"supplementaries:bomb":8,"minecraft:bucket":2,"minecraft:air":0,"minecraft:oak_boat":4,"minecraft:torch":32},"minecraft:picked_up":{"minecraft:iron_chestplate":2,"minecraft:wheat":5,"alexscaves:radgill":1,"minecraft:flower_pot":1,"minecraft:prismarine_shard":5,"aether:iron_gloves":1,"minecraft:wither_rose":1,"minecraft:amethyst_block":8,"born_in_chaos_v1:holiday_candy":22,"born_in_chaos_v1:black_argillite":3,"iceandfire:manuscript":2,"minecraft:string":36,"minecraft:raw_copper":26,"minecraft:iron_leggings":2,"minecraft:zombie_head":2,"minecraft:sea_pickle":1,"minecraft:gold_nugget":284,"minecraft:cobbled_deepslate":25,"minecraft:calcite":2,"minecraft:iron_pickaxe":1,"minecraft:melon_slice":11,"minecraft:coal_block":8,"minecraft:iron_boots":1,"ecologics:crab_claw":3,"minecraft:furnace":1,"minecraft:stick":15,"ecologics:walnut_log":8,"minecraft:torch":1,"minecraft:acacia_log":1,"minecraft:porkchop":13,"minecraft:golden_axe":1,"minecraft:diorite":53,"minecraft:pointed_dripstone":1,"tombstone:grave_dust":7,"luminousworld:grassflowers":6,"minecraft:rotten_flesh":43,"luminousworld:yellow_grassflowers":1,"minecraft:tropical_fish":1,"supplementaries:antique_ink":3,"iceandfire:fire_dragon_heart":1,"supplementaries:ash":55,"minecraft:cod":10,"undead_revamp2:arapholia":1,"alexsmobs:flying_fish":2,"minecraft:cobblestone":867,"minecraft:enchanting_table":2,"ecologics:walnut":1,"minecraft:water_bucket":2,"minecraft:andesite":83,"minecraft:brown_wool":2,"minecraft:potato":17,"alexscaves:cave_book":1,"minecraft:flint":5,"supplementaries:flax_seeds":1,"minecraft:lapis_lazuli":4,"minecraft:dirt":31,"minecraft:lantern":2,"born_in_chaos_v1:nightmare_stalker_skull":1,"born_in_chaos_v1:marigolds":1,"minecraft:bone":58,"minecraft:bow":1,"minecraft:wheat_seeds":31,"minecraft:raw_gold":22,"minecraft:pitcher_pod":1,"minecraft:oak_planks":12,"minecraft:music_disc_13":1,"iceandfire:podium_spruce":2,"earthmobsmod:harder_flesh":3,"iceandfire:dragon_skull_fire":2,"minecraft:sand":18,"minecraft:lily_of_the_valley":1,"quark:red_corundum":8,"minecraft:mossy_cobblestone":2,"minecraft:barrel":8,"naturalist:duck_egg":1,"minecraft:iron_hoe":1,"minecraft:sugar":2,"iceandfire:lectern":3,"minecraft:granite":111,"minecraft:emerald":9,"minecraft:bread":7,"minecraft:oak_sapling":2,"minecraft:netherrack":1,"iceandfire:raw_silver":3,"minecraft:charcoal":2,"luminousworld:groundpebbles_1":12,"minecraft:crafting_table":3,"born_in_chaos_v1:diamond_termite_shard":4,"artifacts:night_vision_goggles":1,"born_in_chaos_v1:river_mint":1,"minecraft:golden_pickaxe":1,"minecraft:stone_brick_wall":2,"minecraft:gold_block":2,"iceandfire:frozen_cobblestone":2,"minecraft:chain":1,"iceandfire:dragonegg_silver":2,"minecraft:iron_axe":1,"minecraft:flint_and_steel":1,"iceandfire:bestiary":3,"minecraft:beef":18,"minecraft:oak_boat":5,"minecraft:cyan_wool":2,"minecraft:iron_nugget":11,"minecraft:birch_sapling":1,"iceandfire:ice_dragon_heart":1,"minecraft:stripped_crimson_hyphae":3,"minecraft:raw_iron":28,"iceandfire:dragonbone":28,"naturalist:duck":1,"ecologics:coconut_slice":6,"minecraft:copper_ingot":2,"minecraft:note_block":7,"minecraft:stone_button":1,"minecraft:cookie":5,"born_in_chaos_v1:pieceofdarkmetal":1,"minecraft:redstone":19,"minecraft:light_blue_bed":1,"iceandfire:armor_blue_boots":1,"minecraft:stone_pressure_plate":1,"iceandfire:dragon_skull_ice":1,"minecraft:cooked_cod":1,"minecraft:shears":1,"minecraft:mutton":8,"minecraft:white_wool":7,"born_in_chaos_v1:corpse_maggot":11,"minecraft:air":1,"born_in_chaos_v1:pumpkin_staff":2,"minecraft:salmon":1,"luminousworld:ishstone":19,"minecraft:leather":8,"minecraft:filled_map":2,"minecraft:oak_log":13,"iceandfire:ectoplasm":1,"minecraft:cobblestone_wall":1,"minecraft:yellow_bed":5,"minecraft:gunpowder":29,"mowziesmobs:wrought_axe":1,"iceandfire:dragonscales_blue":71,"minecraft:wooden_hoe":1,"minecraft:paper":1,"born_in_chaos_v1:soul_cutlass":2,"minecraft:stone_bricks":35,"minecraft:kelp":14,"minecraft:spruce_wood":4,"minecraft:cobweb":24,"minecraft:glass_bottle":5,"luminousworld:white_petunias":1,"iceandfire:fire_dragon_flesh":1,"minecraft:iron_sword":1,"minecraft:oak_slab":1,"minecraft:book":193,"minecraft:scaffolding":3,"minecraft:smooth_basalt":2,"luminousworld:clovers_1":6,"quark:red_corundum_cluster":14,"iceandfire:ash":1,"minecraft:dripstone_block":1,"minecraft:gravel":6,"minecraft:amethyst_shard":8,"minecraft:spruce_sapling":21,"minecraft:blast_furnace":1,"minecraft:spruce_log":228,"artifacts:scarf_of_invisibility":2,"quark:blue_corundum_cluster":2,"quark:oak_chest":2,"minecraft:spruce_door":1,"quark:cobblestone_bricks":25,"minecraft:pumpkin_seeds":1,"minecraft:slime_ball":1,"minecraft:iron_helmet":1,"minecraft:diamond_axe":2,"iceandfire:ice_dragon_flesh":3,"minecraft:gray_wool":2,"tombstone:magic_scroll":2,"minecraft:black_wool":1,"quark:blue_corundum":1,"minecraft:melon_seeds":4,"iceandfire:chared_gravel":2,"minecraft:coal":43},"minecraft:dropped":{"sophisticatedbackpacks:iron_backpack":1,"minecraft:iron_sword":1,"minecraft:lapis_lazuli":4,"quark:blue_corundum":1,"minecraft:oak_log":2,"luminousworld:white_petunias":1,"minecraft:pitcher_pod":1,"iceandfire:ice_dragon_flesh":2,"minecraft:leather":3,"born_in_chaos_v1:pieceofdarkmetal":2,"minecraft:dirt":3,"minecraft:packed_ice":1,"iceandfire:armor_silver_metal_leggings":1,"iceandfire:chared_gravel":2,"iceandfire:armor_blue_helmet":1,"iceandfire:ash":1,"minecraft:sugar":2,"iceandfire:armor_silver_metal_helmet":1,"minecraft:bone":23,"quark:ancient_tome":2,"minecraft:gravel":1,"minecraft:sugar_cane":13,"minecraft:cobbled_deepslate":42,"minecraft:birch_sapling":1,"minecraft:pointed_dripstone":1,"undead_revamp2:arapholia":1,"minecraft:rotten_flesh":53,"minecraft:oak_planks":2,"minecraft:cooked_mutton":4,"iceandfire:dragonscales_blue":46,"supplementaries:antique_ink":3,"supplementaries:flax_seeds":1,"supplementaries:ash":42,"luminousworld:grassflowers":4,"iceandfire:ghost_chest":1,"minecraft:gunpowder":3,"minecraft:charcoal":10,"minecraft:melon_seeds":5,"born_in_chaos_v1:corpse_maggot":1,"born_in_chaos_v1:diamond_termite_shard":4,"minecraft:spruce_wood":4,"minecraft:beef":1,"artifacts:scarf_of_invisibility":2,"minecraft:netherrack":1,"iceandfire:manuscript":8,"minecraft:water_bucket":1,"minecraft:iron_ingot":37,"minecraft:bread":12,"minecraft:oak_slab":1,"minecraft:wheat_seeds":94,"luminousworld:ishstone":6,"minecraft:mossy_cobblestone":1,"minecraft:dripstone_block":1,"minecraft:iron_helmet":1,"minecraft:cobblestone":36,"minecraft:book":256,"minecraft:granite":41,"minecraft:spruce_door":1,"born_in_chaos_v1:soul_cutlass":1,"minecraft:acacia_log":1,"mowziesmobs:wrought_axe":1,"born_in_chaos_v1:pumpkin_staff":1,"minecraft:gray_wool":3,"born_in_chaos_v1:black_argillite":3,"minecraft:diorite":6,"born_in_chaos_v1:river_mint":3,"minecraft:brown_wool":2,"minecraft:iron_door":1,"minecraft:zombie_head":2,"minecraft:iron_leggings":1,"minecraft:string":1,"iceandfire:frozen_cobblestone":2,"minecraft:smooth_basalt":2,"minecraft:redstone":19,"naturalist:duck_egg":1,"minecraft:kelp":23,"minecraft:oak_trapdoor":1,"quark:blue_corundum_cluster":2,"minecraft:cobblestone_wall":1,"minecraft:raw_copper":17,"minecraft:smooth_stone_slab":5,"quark:red_corundum_cluster":14,"minecraft:tuff":2,"minecraft:iron_boots":1,"earthmobsmod:harder_flesh":3,"minecraft:shears":1,"minecraft:pumpkin_seeds":1,"luminousworld:yellow_grassflowers":2,"minecraft:filled_map":2,"minecraft:diamond_sword":1,"alexscaves:radgill":1,"minecraft:cyan_wool":2,"mutantmonsters:mutant_skeleton_rib_cage":2,"minecraft:shield":1,"minecraft:flower_pot":1,"ecologics:walnut":1,"minecraft:iron_chestplate":2,"luminousworld:groundpebbles_1":5,"minecraft:andesite":5,"minecraft:oak_sapling":1,"minecraft:stone_pressure_plate":1,"minecraft:barrel":8,"minecraft:stone_bricks":6,"minecraft:raw_gold":7,"minecraft:calcite":2,"minecraft:black_wool":1,"quark:red_corundum":8},"minecraft:custom":{"minecraft:interact_with_crafting_table":34,"minecraft:open_barrel":6,"minecraft:leave_game":4,"minecraft:time_since_death":52561,"minecraft:sprint_one_cm":726327,"minecraft:damage_blocked_by_shield":2455,"minecraft:drop":159,"minecraft:play_noteblock":10,"minecraft:talked_to_villager":4,"minecraft:play_time":280768,"minecraft:deaths":53,"minecraft:interact_with_brewingstand":2,"minecraft:jump":5582,"minecraft:walk_on_water_one_cm":114563,"minecraft:interact_with_furnace":3,"minecraft:interact_with_loom":8,"minecraft:sleep_in_bed":8,"minecraft:damage_dealt":29587,"minecraft:player_kills":8,"minecraft:crouch_one_cm":40900,"tombstone:undead_killed":39,"minecraft:interact_with_smoker":1,"minecraft:interact_with_smithing_table":2,"minecraft:mob_kills":141,"minecraft:damage_dealt_resisted":638,"minecraft:climb_one_cm":5040,"minecraft:walk_one_cm":664914,"minecraft:sneak_time":11176,"minecraft:walk_under_water_one_cm":75988,"minecraft:boat_one_cm":357438,"minecraft:interact_with_blast_furnace":1,"minecraft:total_world_time":280768,"tombstone:raider_killed":13,"minecraft:interact_with_stonecutter":4,"minecraft:time_since_rest":40947,"minecraft:damage_absorbed":100,"minecraft:damage_taken":2147483647,"minecraft:swim_one_cm":237714,"minecraft:fly_one_cm":1252699,"minecraft:open_chest":118,"minecraft:fall_one_cm":149859},"minecraft:killed":{"illagerinvasion:archivist":2,"minecraft:cave_spider":5,"born_in_chaos_v1:mr_pumpkin":3,"minecraft:witch":3,"born_in_chaos_v1:zombie_lumberjack":1,"born_in_chaos_v1:sir_the_headless":1,"iceandfire:gorgon":1,"luminousworld:fawn":2,"naturalist:snail":1,"minecraft:skeleton":1,"illagerinvasion:provoker":1,"ecologics:coconut_crab":4,"undead_revamp2:therod":1,"enemyexpansion:vampflyer":1,"artifacts:mimic":2,"minecraft:pig":9,"minecraft:zombie_villager":1,"born_in_chaos_v1:diamond_termite":4,"alexsmobs:seal":1,"illagerinvasion:alchemist":1,"minecraft:creeper":1,"luminousworld:crab":2,"minecraft:sheep":7,"minecraft:zombie":14,"alexsmobs:terrapin":1,"born_in_chaos_v1:corpse_fly":6,"minecraft:cow":5,"undead_revamp2:theimmortal":4,"undead_revamp2:thegliter":1,"minecraft:vindicator":3,"illagerinvasion:marauder":3,"alexsmobs:seagull":1,"naturalist:duck":2,"born_in_chaos_v1:maggot":11,"born_in_chaos_v1:pumpkinhead":1,"undead_revamp2:coppertar":1,"minecraft:drowned":1,"undead_revamp2:sucker":1,"enemyexpansion:goblin":1,"earthmobsmod:albino_cow":5,"born_in_chaos_v1:fallen_chaos_knight":1,"born_in_chaos_v1:felsteed":1,"earthmobsmod:bouldering_zombie":1,"born_in_chaos_v1:baby_skeleton":1,"undead_revamp2:the_moonflower":1,"enemyexpansion:sprinter":2,"born_in_chaos_v1:decrepit_skeleton":2,"born_in_chaos_v1:bloody_gadfly":1,"undead_revamp2:thesomnolence":2,"iceandfire:ghost":2,"enemyexpansion:huntsman":1,"enemyexpansion:slugger":1},"minecraft:mined":{"minecraft:farmland":7,"minecraft:granite":110,"minecraft:stripped_crimson_hyphae":3,"minecraft:grass_block":12,"iceandfire:lectern":2,"minecraft:coal_block":8,"minecraft:spawner":2,"minecraft:smooth_stone":51,"minecraft:raw_iron_block":1,"minecraft:iron_ore":10,"minecraft:fire":2,"minecraft:barrel":9,"minecraft:enchanting_table":2,"minecraft:pointed_dripstone":1,"iceandfire:gold_pile":5,"ecologics:walnut_log":8,"minecraft:iron_block":1,"minecraft:kelp_plant":2,"supplementaries:book_pile":2,"minecraft:smoker":1,"minecraft:amethyst_cluster":2,"quark:cobblestone_bricks":26,"born_in_chaos_v1:infected_deepslate_diamond_ore":3,"minecraft:note_block":7,"minecraft:blast_furnace":1,"minecraft:calcite":2,"minecraft:melon":2,"iceandfire:ghost_chest":1,"minecraft:cobblestone":52,"minecraft:sugar_cane":7,"minecraft:oak_planks":20,"minecraft:damaged_anvil":1,"minecraft:iron_door":1,"minecraft:amethyst_block":8,"placeablesmod:cooked_pork_block":1,"luminousworld:clovers_1":3,"minecraft:wheat":8,"minecraft:smooth_stone_slab":5,"minecraft:grass":14,"minecraft:oak_log":40,"minecraft:sand":19,"minecraft:dirt":13,"luminousworld:grassvariant_3":1,"minecraft:smooth_basalt":2,"minecraft:stonecutter":1,"minecraft:netherrack":1,"minecraft:oak_leaves":13,"minecraft:deepslate":40,"quark:red_corundum":8,"alexscaves:spelunkery_table":1,"luminousworld:groundpebbles_1":6,"minecraft:tuff":1,"minecraft:mossy_cobblestone":2,"minecraft:potted_wither_rose":1,"minecraft:deepslate_diamond_ore":4,"luminousworld:grassvariant_4":5,"born_in_chaos_v1:nightmare_stalker_skull":1,"iceandfire:frozen_cobblestone":14,"iceandfire:frozen_stone":23,"luminousworld:clovers_4":1,"born_in_chaos_v1:black_argillite":3,"iceandfire:deepslate_silver_ore":4,"luminousworld:grassvariant_2":5,"minecraft:spruce_leaves":227,"minecraft:kelp":2,"minecraft:furnace":1,"luminousworld:yellow_grassflowers":1,"minecraft:andesite":93,"minecraft:gold_block":1,"minecraft:bookshelf":127,"minecraft:potatoes":15,"minecraft:deepslate_iron_ore":38,"minecraft:vine":1,"minecraft:lantern":1,"luminousworld:groundpebbles_2":1,"minecraft:stone":501,"iceandfire:podium_spruce":1,"minecraft:white_wool":4,"minecraft:redstone_wall_torch":1,"minecraft:smithing_table":2,"minecraft:oak_slab":2,"born_in_chaos_v1:marigolds":1,"minecraft:scaffolding":2,"quark:blue_corundum":1,"quark:oak_chest":2,"minecraft:crafting_table":5,"minecraft:emerald_ore":2,"minecraft:campfire":5,"luminousworld:grassflowers":3,"minecraft:copper_ore":1,"minecraft:tall_grass":4,"minecraft:lapis_ore":2,"minecraft:deepslate_gold_ore":17,"minecraft:diorite":55,"minecraft:spruce_stairs":1,"supplementaries:urn":7,"minecraft:cobblestone_wall":1,"minecraft:spruce_log":167,"minecraft:birch_leaves":1,"luminousworld:autumnplank":1,"minecraft:yellow_bed":6,"luminousworld:clovers_5":2,"minecraft:coal_ore":10,"luminousworld:ishstone":18,"minecraft:gravel":1,"minecraft:dripstone_block":1,"minecraft:cobweb":25,"minecraft:stone_bricks":48,"minecraft:mossy_stone_bricks":1}},"DataVersion":3465}