{"stats":{"minecraft:mined":{"minecraft:snow":30,"minecraft:grass_block":43,"minecraft:dirt":67},"minecraft:used":{"creeperoverhaul:jungle_creeper_spawn_egg":3,"minecraft:redstone_torch":1,"alexscaves:hood_of_darkness":1,"alexscaves:spawn_egg_brainiac":1,"iceandfire:spawn_egg_ice_dragon":11,"alexscaves:spawn_egg_tremorzilla":6,"alexscaves:spawn_egg_gammaroach":6,"alexscaves:spawn_egg_deep_one":1,"iceandfire:spawn_egg_gorgon":2,"alexscaves:spawn_egg_deep_one_knight":1,"creeperoverhaul:desert_creeper_spawn_egg":2,"alexscaves:spawn_egg_lanternfish":1,"alexscaves:spawn_egg_hullbreaker":1,"creeperoverhaul:bamboo_creeper_spawn_egg":1,"enemyexpansion:direwolf_spawn_egg":1,"alexscaves:spawn_egg_raycat":2,"alexscaves:darkened_apple":3,"alexscaves:spawn_egg_radgill":1,"alexscaves:tremorzilla_egg":5,"naturalist:duck_spawn_egg":1,"iceandfire:spawn_egg_lightning_dragon":2,"iceandfire:spawn_egg_hippogryph":2,"alexscaves:spawn_egg_tripodfish":1,"alexscaves:spawn_egg_nucleeper":2,"iceandfire:spawn_egg_fire_dragon":9,"alexscaves:nuclear_bomb":1,"alexscaves:spawn_egg_gossamer_worm":1,"alexscaves:cloak_of_darkness":1,"alexscaves:spawn_egg_sea_pig":1},"minecraft:picked_up":{"minecraft:dirt":95,"vanillaplustools:netherite_shovel":1,"minecraft:snowball":15},"minecraft:dropped":{"alexsmobs:animal_dictionary":1,"tombstone:grave_key":2},"minecraft:killed":{"minecraft:pillager":3,"luminousworld:firefly":1,"quark:stoneling":1,"enemyexpansion:botfly":1,"minecraft:bat":1,"minecraft:glow_squid":1,"born_in_chaos_v1:maggot":1},"minecraft:custom":{"minecraft:time_since_rest":1749,"minecraft:sprint_one_cm":1248,"minecraft:walk_one_cm":22351,"minecraft:damage_taken":749,"minecraft:mob_kills":10,"minecraft:drop":3,"tombstone:raider_killed":3,"minecraft:damage_dealt":48,"minecraft:fly_one_cm":143082,"minecraft:play_time":16832,"minecraft:crouch_one_cm":280,"minecraft:deaths":3,"minecraft:sneak_time":855,"minecraft:walk_under_water_one_cm":963,"minecraft:jump":61,"minecraft:time_since_death":1969,"minecraft:walk_on_water_one_cm":218,"minecraft:total_world_time":16832,"minecraft:fall_one_cm":269}},"DataVersion":3465}