{"stats":{"minecraft:broken":{"minecraft:stone_axe":1},"minecraft:killed":{"minecraft:cave_spider":1,"minecraft:witch":1,"minecraft:spider":2,"alexsmobs:seagull":1,"minecraft:skeleton":6,"minecraft:chicken":14,"minecraft:pig":9,"minecraft:sheep":4,"minecraft:zombie":5,"minecraft:cow":3},"minecraft:dropped":{"minecraft:candle":2,"minecraft:birch_planks":8,"minecraft:wheat_seeds":1,"minecraft:oak_log":2,"minecraft:feather":14,"minecraft:cobblestone":98,"minecraft:leather":1,"minecraft:granite":47,"tombstone:grave_dust":4,"minecraft:oak_stairs":2,"minecraft:sugar":1,"minecraft:string":2,"minecraft:bone":5,"minecraft:kelp":1,"minecraft:oak_trapdoor":1,"alexsmobs:animal_dictionary":2,"minecraft:clay_ball":4,"minecraft:cooked_mutton":6,"minecraft:filled_map":3,"minecraft:oak_sapling":20,"minecraft:ladder":2,"minecraft:spider_eye":1,"minecraft:arrow":4,"minecraft:egg":6},"minecraft:picked_up":{"minecraft:crafting_table":2,"minecraft:chicken":13,"minecraft:ladder":2,"minecraft:clay_ball":4,"minecraft:oak_stairs":2,"minecraft:string":3,"minecraft:oak_trapdoor":1,"alexsmobs:banana":1,"minecraft:candle":2,"minecraft:cobbled_deepslate":11,"minecraft:beef":15,"minecraft:sugar_cane":14,"minecraft:furnace":1,"minecraft:egg":6,"minecraft:raw_iron":16,"minecraft:stick":9,"minecraft:oak_fence":1,"minecraft:torch":6,"minecraft:porkchop":19,"minecraft:cookie":5,"tombstone:grave_dust":3,"minecraft:diorite":13,"minecraft:chicken_spawn_egg":1,"minecraft:rotten_flesh":2,"minecraft:arrow":4,"minecraft:mutton":6,"alexsmobs:flying_fish":1,"minecraft:white_wool":4,"minecraft:cobblestone":278,"minecraft:stripped_oak_log":8,"minecraft:birch_log":6,"minecraft:feather":15,"minecraft:jungle_log":11,"minecraft:leather":4,"minecraft:smoker":2,"minecraft:filled_map":3,"minecraft:birch_planks":4,"minecraft:oak_log":44,"minecraft:dirt":31,"minecraft:bone":5,"minecraft:apple":2,"minecraft:kelp":1,"minecraft:wheat_seeds":2,"minecraft:raw_gold":6,"minecraft:iron_ingot":30,"minecraft:iron_sword":1,"minecraft:oak_planks":5,"minecraft:pig_spawn_egg":1,"minecraft:blast_furnace":1,"minecraft:spider_eye":1,"minecraft:sugar":1,"minecraft:granite":61,"minecraft:oak_sapling":20,"minecraft:coal":74},"minecraft:mined":{"minecraft:granite":70,"minecraft:grass_block":5,"minecraft:jungle_log":12,"minecraft:furnace":1,"minecraft:iron_ore":9,"minecraft:andesite":32,"minecraft:deepslate_iron_ore":7,"minecraft:vine":1,"minecraft:stone":279,"minecraft:smoker":2,"minecraft:crafting_table":2,"minecraft:torch":1,"minecraft:blast_furnace":1,"minecraft:cobblestone":18,"minecraft:deepslate_gold_ore":6,"minecraft:sugar_cane":6,"minecraft:oak_planks":1,"minecraft:diorite":13,"minecraft:birch_log":18,"minecraft:grass":16,"minecraft:coal_ore":41,"minecraft:oak_log":33,"minecraft:gravel":4,"minecraft:sand":1,"minecraft:dirt":19,"minecraft:cobweb":1,"minecraft:oak_leaves":2,"minecraft:deepslate":52},"minecraft:custom":{"lootr:looted_stat":3,"minecraft:mob_kills":47,"minecraft:interact_with_crafting_table":14,"minecraft:open_barrel":2,"minecraft:damage_dealt_resisted":85,"minecraft:leave_game":5,"minecraft:time_since_death":6994,"minecraft:climb_one_cm":597,"champions:champion_mobs_killed":15,"minecraft:sprint_one_cm":231236,"minecraft:walk_one_cm":154758,"minecraft:damage_blocked_by_shield":2547,"minecraft:drop":31,"minecraft:damage_dealt_absorbed":8,"minecraft:play_time":66382,"minecraft:deaths":7,"minecraft:sneak_time":542,"minecraft:walk_under_water_one_cm":6337,"minecraft:boat_one_cm":60945,"tombstone:tomb_raiding":1,"minecraft:jump":1334,"minecraft:walk_on_water_one_cm":15023,"minecraft:total_world_time":66382,"minecraft:interact_with_furnace":4,"tombstone:raider_killed":1,"minecraft:sleep_in_bed":1,"minecraft:time_since_rest":6828,"minecraft:damage_taken":3598,"minecraft:damage_dealt":6477,"minecraft:player_kills":1,"minecraft:fly_one_cm":308947,"minecraft:swim_one_cm":6869,"minecraft:crouch_one_cm":1612,"tombstone:undead_killed":11,"minecraft:interact_with_smoker":16,"minecraft:fall_one_cm":22405},"minecraft:used":{"minecraft:oak_fence":1,"minecraft:iron_sword":102,"minecraft:cooked_chicken":3,"minecraft:torch":37,"minecraft:dirt":31,"minecraft:granite":14,"minecraft:chicken_spawn_egg":1,"spartanshields:iron_basic_shield":53,"minecraft:furnace":1,"alexsmobs:banana":1,"tombstone:gift":2,"minecraft:cooked_beef":9,"minecraft:diorite":13,"minecraft:stone_pickaxe":68,"minecraft:oak_planks":78,"minecraft:wooden_pickaxe":15,"minecraft:crafting_table":5,"minecraft:white_bed":1,"minecraft:smoker":2,"onlyhammers:stone_hammer":459,"minecraft:iron_pickaxe":46,"minecraft:stone_axe":122,"minecraft:cobblestone":21,"minecraft:cooked_porkchop":6,"useless_sword:cactus_sword":1,"alexsmobs:animal_dictionary":1,"minecraft:stripped_oak_log":3},"minecraft:crafted":{"minecraft:oak_planks":144,"minecraft:cooked_chicken":13,"minecraft:furnace":2,"minecraft:cooked_mutton":6,"spartanshields:iron_basic_shield":1,"minecraft:stone_pickaxe":1,"minecraft:smoker":2,"minecraft:cooked_beef":9,"minecraft:cooked_porkchop":11,"minecraft:crafting_table":3,"minecraft:wooden_pickaxe":1,"minecraft:iron_sword":1,"minecraft:birch_planks":8,"minecraft:stone_axe":2,"minecraft:air":0,"minecraft:oak_boat":1,"minecraft:stick":12,"minecraft:iron_ingot":4,"minecraft:iron_pickaxe":1,"spartanshields:wooden_basic_shield":1,"minecraft:white_bed":1,"minecraft:torch":24,"onlyhammers:stone_hammer":1}},"DataVersion":3465}