{"stats":{"minecraft:picked_up":{"minecraft:iron_chestplate":6,"minecraft:chainmail_boots":5,"minecraft:flower_pot":2,"minecraft:prismarine_shard":5,"minecraft:diamond_sword":2,"minecraft:wither_rose":1,"minecraft:golden_sword":1,"minecraft:amethyst_block":8,"iceandfire:manuscript":2,"minecraft:string":63,"minecraft:soul_soil":21,"minecraft:red_nether_bricks":6,"minecraft:gold_nugget":301,"minecraft:cobbled_deepslate":1890,"minecraft:spruce_planks":4,"minecraft:melon_slice":11,"minecraft:coal_block":8,"ecologics:crab_claw":3,"minecraft:golden_helmet":1,"minecraft:acacia_log":1,"quark:nether_wart_sack":1,"stalwart_dungeons:tungsten_chestplate":1,"minecraft:golden_axe":1,"minecraft:golden_chestplate":1,"stalwart_dungeons:soul_magma_bricks":5,"luminousworld:grassflowers":6,"luminousworld:yellow_grassflowers":1,"minecraft:tropical_fish":1,"iceandfire:fire_dragon_heart":1,"minecraft:cyan_terracotta":5,"supplementaries:quiver":1,"supplementaries:ash":76,"minecraft:blaze_rod":331,"alexsmobs:flying_fish":2,"minecraft:birch_log":2,"minecraft:magma_block":2,"minecraft:mossy_cobblestone_slab":2,"minecraft:water_bucket":2,"minecraft:brown_wool":2,"minecraft:smoker":1,"minecraft:flint":5,"minecraft:lantern":2,"born_in_chaos_v1:nightmare_stalker_skull":1,"born_in_chaos_v1:marigolds":1,"stalwart_dungeons:blaze_armor_scrap":30,"quark:soul_bead":1,"minecraft:glowstone_dust":64,"minecraft:pitcher_pod":1,"iceandfire:dragon_skull_fire":3,"minecraft:barrel":8,"naturalist:duck_egg":1,"minecraft:bundle":3,"minecraft:iron_hoe":3,"stalwart_dungeons:spore_vaporizer":5,"iceandfire:lectern":3,"luminousworld:yellowpetunias":2,"minecraft:granite":111,"minecraft:bread":7,"iceandfire:gorgon_head":1,"born_in_chaos_v1:rotten_fish":2,"iceandfire:raw_silver":3,"minecraft:diamond_pickaxe":1,"luminousworld:groundpebbles_1":12,"minecraft:crafting_table":5,"minecraft:nether_wart":4,"minecraft:leather_leggings":1,"minecraft:golden_pickaxe":1,"iceandfire:dragonegg_silver":2,"minecraft:flint_and_steel":1,"minecraft:cracked_stone_bricks":4,"iceandfire:bestiary":3,"minecraft:beef":18,"minecraft:cyan_wool":2,"minecraft:iron_nugget":11,"minecraft:poppy":1,"minecraft:spruce_slab":34,"minecraft:birch_sapling":1,"naturalist:duck":1,"sophisticatedbackpacks:backpack":3,"stalwart_dungeons:tungsten_sword":1,"born_in_chaos_v1:pieceofdarkmetal":1,"minecraft:redstone":19,"iceandfire:armor_blue_boots":1,"iceandfire:dragon_skull_ice":4,"minecraft:cooked_cod":1,"minecraft:shears":1,"stalwart_dungeons:tungsten_axe":3,"minecraft:mutton":8,"minecraft:white_wool":7,"born_in_chaos_v1:monster_flesh":1,"born_in_chaos_v1:pumpkin_staff":2,"luminousworld:ishstone":21,"minecraft:filled_map":2,"minecraft:oak_log":14,"mowziesmobs:wrought_axe":1,"iceandfire:dragonscales_blue":71,"vanillaplustools:iron_hammer":1,"minecraft:paper":3,"born_in_chaos_v1:soul_cutlass":7,"minecraft:stone_bricks":35,"minecraft:kelp":14,"minecraft:cobweb":24,"tombstone:bag_of_seeds":1,"minecraft:glass_bottle":5,"minecraft:iron_sword":8,"minecraft:smooth_basalt":2,"born_in_chaos_v1:ethereal_spirit":3,"minecraft:cracked_nether_bricks":1,"minecraft:gravel":8,"iceandfire:armor_blue_leggings":1,"minecraft:spruce_sapling":21,"minecraft:spruce_log":228,"minecraft:crying_obsidian":2,"quark:blue_corundum_cluster":2,"quark:cobblestone_bricks":25,"minecraft:slime_ball":1,"minecraft:diamond_axe":3,"minecraft:gray_wool":2,"iceandfire:ice_dragon_flesh":3,"minecraft:baked_potato":1,"quark:blue_corundum":1,"minecraft:melon_seeds":4,"minecraft:wheat":5,"alexscaves:radgill":1,"aether:iron_gloves":2,"minecraft:nether_brick":507,"born_in_chaos_v1:holiday_candy":22,"born_in_chaos_v1:black_argillite":19,"minecraft:raw_copper":26,"minecraft:smooth_stone_slab":2,"minecraft:iron_leggings":3,"minecraft:zombie_head":2,"minecraft:sea_pickle":1,"minecraft:calcite":2,"minecraft:iron_pickaxe":5,"minecraft:iron_boots":2,"minecraft:furnace":18,"minecraft:stick":17,"ecologics:walnut_log":8,"minecraft:torch":76,"minecraft:porkchop":13,"minecraft:pointed_dripstone":1,"tombstone:grave_dust":19,"minecraft:diorite":53,"quark:ancient_tome":1,"minecraft:rotten_flesh":98,"supplementaries:antique_ink":3,"minecraft:obsidian":1,"minecraft:cod":10,"undead_revamp2:arapholia":1,"minecraft:cobblestone":1218,"minecraft:enchanting_table":3,"ecologics:walnut":1,"minecraft:andesite":86,"minecraft:potato":27,"alexscaves:cave_book":1,"minecraft:tuff":21,"supplementaries:flax_seeds":3,"minecraft:lapis_lazuli":116,"minecraft:dirt":55,"minecraft:polished_granite":1,"minecraft:bone":105,"minecraft:bow":4,"minecraft:wheat_seeds":31,"minecraft:raw_gold":27,"stalwart_dungeons:tungsten_shield":1,"minecraft:oak_planks":13,"minecraft:music_disc_13":1,"iceandfire:podium_spruce":2,"earthmobsmod:harder_flesh":3,"minecraft:sand":18,"minecraft:lily_of_the_valley":1,"minecraft:mossy_cobblestone":2,"quark:red_corundum":8,"minecraft:sugar":2,"minecraft:diamond":51,"minecraft:cracked_polished_blackstone_bricks":1,"minecraft:golden_apple":3,"minecraft:emerald":10,"minecraft:oak_sapling":2,"minecraft:netherrack":243,"minecraft:charcoal":2,"born_in_chaos_v1:diamond_termite_shard":5,"minecraft:chicken":1,"artifacts:night_vision_goggles":1,"born_in_chaos_v1:river_mint":1,"minecraft:stone_brick_wall":2,"minecraft:gold_block":2,"iceandfire:frozen_cobblestone":2,"stalwart_dungeons:soul_bricks":65,"minecraft:chain":1,"minecraft:iron_axe":5,"minecraft:oak_boat":5,"iceandfire:ice_dragon_heart":1,"minecraft:raw_iron":105,"minecraft:stripped_crimson_hyphae":3,"iceandfire:dragonbone":28,"ecologics:coconut_slice":6,"minecraft:copper_ingot":2,"stalwart_dungeons:ancient_fire":1,"minecraft:note_block":14,"minecraft:polished_blackstone_bricks":6,"minecraft:stone_button":4,"minecraft:cookie":30,"minecraft:light_blue_bed":1,"minecraft:stone_pressure_plate":1,"stalwart_dungeons:raw_tungsten":21,"minecraft:nether_bricks":64,"minecraft:skeleton_skull":1,"born_in_chaos_v1:fused_bone":2,"born_in_chaos_v1:corpse_maggot":26,"minecraft:air":37,"minecraft:salmon":1,"minecraft:leather":8,"minecraft:chainmail_chestplate":4,"iceandfire:ectoplasm":1,"minecraft:gunpowder":37,"minecraft:yellow_bed":8,"minecraft:cobblestone_wall":2,"minecraft:wooden_hoe":1,"quark:forgotten_hat":2,"minecraft:spruce_wood":4,"minecraft:iron_ingot":3,"luminousworld:white_petunias":1,"iceandfire:fire_dragon_flesh":1,"minecraft:soul_sand":11,"minecraft:book":194,"stalwart_dungeons:transient_block_close":2,"minecraft:scaffolding":3,"minecraft:oak_slab":1,"quark:red_corundum_cluster":14,"luminousworld:clovers_1":6,"minecraft:stone_brick_slab":5,"iceandfire:ash":1,"minecraft:quartz":8,"minecraft:dripstone_block":1,"stalwart_dungeons:soul_tiles":3,"minecraft:amethyst_shard":8,"mowziesmobs:wrought_helmet":1,"minecraft:blast_furnace":1,"artifacts:scarf_of_invisibility":3,"quark:oak_chest":2,"minecraft:spruce_door":1,"minecraft:pumpkin_seeds":1,"minecraft:chainmail_leggings":1,"minecraft:iron_helmet":3,"minecraft:terracotta":14,"tombstone:magic_scroll":4,"minecraft:black_wool":1,"minecraft:coal":58,"iceandfire:chared_gravel":2},"minecraft:custom":{"minecraft:interact_with_crafting_table":79,"minecraft:open_barrel":19,"minecraft:leave_game":5,"minecraft:time_since_death":99224,"minecraft:damage_blocked_by_shield":2455,"minecraft:play_time":642180,"minecraft:deaths":89,"minecraft:jump":11185,"minecraft:enchant_item":1,"minecraft:interact_with_furnace":61,"minecraft:sleep_in_bed":10,"minecraft:damage_dealt":98176,"tombstone:undead_killed":135,"minecraft:interact_with_smoker":14,"minecraft:interact_with_smithing_table":3,"minecraft:interact_with_anvil":12,"minecraft:sneak_time":43671,"minecraft:interact_with_blast_furnace":18,"minecraft:total_world_time":642180,"tombstone:raider_killed":16,"minecraft:interact_with_stonecutter":4,"minecraft:time_since_rest":99161,"minecraft:swim_one_cm":337230,"minecraft:fly_one_cm":2127091,"minecraft:open_chest":378,"minecraft:fall_one_cm":249469,"minecraft:damage_resisted":16,"minecraft:sprint_one_cm":1453509,"minecraft:drop":536,"minecraft:play_noteblock":10,"minecraft:talked_to_villager":4,"minecraft:interact_with_brewingstand":2,"minecraft:walk_on_water_one_cm":315914,"minecraft:interact_with_loom":10,"minecraft:player_kills":10,"minecraft:crouch_one_cm":168407,"minecraft:mob_kills":672,"minecraft:damage_dealt_resisted":1380,"minecraft:climb_one_cm":8604,"minecraft:walk_one_cm":1736274,"minecraft:walk_under_water_one_cm":131573,"minecraft:boat_one_cm":392301,"minecraft:damage_taken":2147483647,"minecraft:damage_absorbed":314,"minecraft:trigger_trapped_chest":1},"minecraft:broken":{"minecraft:iron_chestplate":1,"minecraft:iron_leggings":2,"quark:forgotten_hat":1,"aether:iron_gloves":3,"stalwart_dungeons:tungsten_axe":1,"minecraft:iron_helmet":1,"vanillaplustools:iron_hammer":1,"iceandfire:armor_blue_boots":1,"minecraft:flint_and_steel":1,"minecraft:leather_boots":1},"minecraft:used":{"iceandfire:lectern":1,"minecraft:spruce_slab":539,"iceandfire:dragon_skull_ice":4,"minecraft:rotten_flesh":1,"minecraft:soul_sand":9,"born_in_chaos_v1:soul_cutlass":739,"born_in_chaos_v1:nightmare_stalker_skull":1,"minecraft:bow":225,"minecraft:furnace":27,"minecraft:potato":2,"luminousworld:ironhammer":21,"minecraft:spruce_door":2,"naturalist:duck_egg":1,"minecraft:cookie":8,"minecraft:golden_apple":9,"minecraft:sand":18,"stalwart_dungeons:soul_bricks":54,"minecraft:blast_furnace":1,"minecraft:stone_button":1,"minecraft:diamond_sword":135,"minecraft:smithing_table":2,"minecraft:oak_boat":7,"iceandfire:dragonegg_silver":1,"minecraft:enchanting_table":2,"born_in_chaos_v1:smoked_fish":2,"minecraft:netherrack":161,"minecraft:torch":108,"minecraft:anvil":2,"minecraft:iron_axe":140,"stalwart_dungeons:tungsten_axe":160,"iceandfire:armor_blue_boots":1,"minecraft:diamond_chestplate":1,"tombstone:gift":11,"minecraft:cobbled_deepslate":103,"minecraft:water_bucket":64,"minecraft:birch_planks":24,"quark:cobblestone_bricks":208,"minecraft:polished_blackstone_bricks":3,"minecraft:tnt":1,"minecraft:oak_slab":1,"minecraft:crafting_table":14,"supplementaries:bomb":8,"minecraft:birch_sign":27,"minecraft:spruce_log":145,"mowziesmobs:wrought_axe":2,"minecraft:diamond_pickaxe":1397,"minecraft:iron_pickaxe":360,"tombstone:magic_scroll":4,"quark:nether_wart_sack":1,"minecraft:spruce_sapling":20,"enchantinginfuser:enchanting_infuser":1,"minecraft:cobblestone":2337,"vanillaplustools:iron_hammer":784,"minecraft:cooked_porkchop":17,"minecraft:glass_pane":48,"quark:oak_chest":2,"minecraft:kelp":61,"minecraft:diamond_leggings":1,"quark:ancient_tome":2,"minecraft:iron_shovel":17,"minecraft:diamond_hoe":256,"minecraft:shield":30,"minecraft:iron_sword":50,"minecraft:nether_wart":3,"minecraft:mutton":1,"minecraft:nether_bricks":47,"minecraft:tuff":9,"born_in_chaos_v1:corpse_maggot":8,"minecraft:glass":2,"minecraft:lantern":2,"iceandfire:armor_silver_metal_leggings":1,"minecraft:mossy_cobblestone_slab":1,"minecraft:stone_bricks":7,"minecraft:skeleton_skull":1,"minecraft:diamond_boots":1,"minecraft:oak_planks":81,"minecraft:diamond_axe":840,"minecraft:white_wool":2,"iceandfire:podium_spruce":1,"alexscaves:cave_book":2,"minecraft:stone_brick_wall":2,"minecraft:shears":2,"minecraft:bread":14,"minecraft:melon_slice":7,"minecraft:gravel":2,"ecologics:coconut_slice":3,"iceandfire:dragon_skull_fire":2,"minecraft:cooked_rabbit":2,"minecraft:bone_meal":15,"minecraft:cobweb":8,"minecraft:flint_and_steel":64,"minecraft:spruce_planks":6,"minecraft:dirt":5,"iceandfire:pixie_dust":1,"minecraft:cobblestone_wall":24,"minecraft:granite":3,"iceandfire:armor_silver_metal_helmet":1,"minecraft:spruce_fence":22,"minecraft:golden_carrot":87,"minecraft:soul_soil":1,"minecraft:infested_cobblestone":20,"minecraft:cooked_beef":20,"minecraft:cooked_mutton":7,"iceandfire:fire_dragon_flesh":1,"minecraft:baked_potato":41,"minecraft:birch_boat":1,"luminousworld:ishstone":6,"minecraft:stonecutter":1,"minecraft:cobblestone_slab":5,"minecraft:smoker":2,"tombstone:bag_of_seeds":2,"minecraft:map":1,"stalwart_dungeons:soul_tiles":1,"minecraft:stripped_crimson_hyphae":3,"minecraft:bucket":65,"minecraft:yellow_bed":9,"alexsmobs:animal_dictionary":1,"minecraft:splash_potion":4},"minecraft:dropped":{"sophisticatedbackpacks:iron_backpack":1,"stalwart_dungeons:ancient_fire":1,"minecraft:iron_sword":3,"minecraft:lapis_lazuli":4,"quark:blue_corundum":1,"minecraft:diamond":108,"minecraft:pitcher_pod":2,"minecraft:cracked_stone_bricks":3,"born_in_chaos_v1:pieceofdarkmetal":2,"born_in_chaos_v1:monster_flesh":1,"minecraft:dirt":23,"minecraft:stone_button":2,"minecraft:sugar":2,"vanillaplustools:iron_hammer":3,"iceandfire:armor_silver_metal_helmet":1,"stalwart_dungeons:tungsten_sword":1,"quark:ancient_tome":2,"minecraft:bone":23,"minecraft:sugar_cane":13,"minecraft:golden_chestplate":1,"minecraft:cobbled_deepslate":12069,"minecraft:nether_brick":64,"alexscaves:cave_tablet":1,"minecraft:birch_sapling":1,"undead_revamp2:arapholia":1,"minecraft:rotten_flesh":80,"minecraft:oak_planks":3,"iceandfire:dragonscales_blue":46,"supplementaries:flax_seeds":3,"luminousworld:grassflowers":4,"iceandfire:ghost_chest":1,"minecraft:charcoal":10,"minecraft:beef":1,"stalwart_dungeons:tungsten_ingot":21,"iceandfire:manuscript":8,"minecraft:iron_ingot":71,"minecraft:wheat_seeds":94,"luminousworld:ishstone":8,"minecraft:dripstone_block":1,"minecraft:iron_helmet":1,"minecraft:cobblestone":38,"minecraft:book":256,"minecraft:granite":41,"minecraft:spruce_door":1,"born_in_chaos_v1:soul_cutlass":1,"minecraft:coal":34,"stalwart_dungeons:soul_bricks":4,"minecraft:gray_wool":3,"born_in_chaos_v1:black_argillite":3,"minecraft:golden_carrot":35,"minecraft:string":1,"tombstone:voodoo_poppet":1,"iceandfire:frozen_cobblestone":2,"naturalist:duck_egg":1,"minecraft:soul_soil":1,"quark:blue_corundum_cluster":2,"minecraft:cobblestone_wall":1,"minecraft:cocoa_beans":3,"minecraft:smooth_stone_slab":5,"quark:red_corundum_cluster":14,"minecraft:iron_boots":1,"sophisticatedbackpacks:backpack":3,"minecraft:torchflower_seeds":5,"earthmobsmod:harder_flesh":5,"minecraft:shears":1,"minecraft:pumpkin_seeds":1,"minecraft:diamond_sword":2,"minecraft:cyan_wool":2,"mutantmonsters:mutant_skeleton_rib_cage":2,"minecraft:flower_pot":2,"ecologics:walnut":1,"minecraft:bundle":1,"minecraft:diamond_pickaxe":1,"minecraft:stone_pressure_plate":1,"minecraft:stone_bricks":6,"minecraft:barrel":8,"minecraft:bow":1,"minecraft:black_wool":1,"minecraft:soul_sand":1,"minecraft:oak_log":3,"luminousworld:white_petunias":1,"iceandfire:ice_dragon_flesh":2,"minecraft:leather":3,"stalwart_dungeons:tungsten_shield":1,"minecraft:cyan_terracotta":5,"minecraft:packed_ice":1,"iceandfire:armor_silver_metal_leggings":1,"iceandfire:chared_gravel":2,"iceandfire:armor_blue_helmet":1,"iceandfire:ash":1,"minecraft:polished_blackstone_bricks":3,"minecraft:gravel":6,"minecraft:pointed_dripstone":1,"minecraft:cooked_mutton":4,"supplementaries:antique_ink":3,"supplementaries:ash":58,"minecraft:gunpowder":5,"minecraft:melon_seeds":5,"born_in_chaos_v1:corpse_maggot":5,"minecraft:chainmail_boots":1,"quark:forgotten_hat":1,"born_in_chaos_v1:diamond_termite_shard":5,"minecraft:spruce_wood":4,"artifacts:scarf_of_invisibility":2,"minecraft:netherrack":3433,"minecraft:water_bucket":1,"minecraft:bread":12,"minecraft:oak_slab":1,"minecraft:golden_helmet":1,"minecraft:mossy_cobblestone":9,"minecraft:amethyst_block":15,"minecraft:acacia_log":1,"mowziesmobs:wrought_axe":1,"born_in_chaos_v1:pumpkin_staff":1,"born_in_chaos_v1:river_mint":3,"minecraft:diorite":6,"tombstone:grave_key":1,"minecraft:brown_wool":2,"minecraft:iron_door":1,"minecraft:zombie_head":2,"minecraft:iron_leggings":1,"minecraft:smooth_basalt":16,"minecraft:redstone":19,"minecraft:kelp":23,"minecraft:oak_trapdoor":1,"minecraft:raw_copper":17,"minecraft:tuff":1086,"minecraft:raw_iron":271,"luminousworld:yellow_grassflowers":2,"minecraft:filled_map":2,"alexscaves:radgill":1,"minecraft:shield":1,"minecraft:iron_chestplate":2,"luminousworld:groundpebbles_1":5,"minecraft:andesite":5,"stalwart_dungeons:tungsten_axe":1,"minecraft:oak_sapling":1,"minecraft:golden_sword":1,"minecraft:infested_stone":21,"minecraft:raw_gold":7,"minecraft:calcite":14,"quark:red_corundum":8},"minecraft:killed":{"illagerinvasion:archivist":3,"minecraft:cave_spider":6,"born_in_chaos_v1:mr_pumpkin":3,"born_in_chaos_v1:restless_spirit":2,"born_in_chaos_v1:zombie_lumberjack":1,"born_in_chaos_v1:skeleton_demoman":1,"born_in_chaos_v1:sir_the_headless":1,"iceandfire:gorgon":1,"luminousworld:fawn":2,"born_in_chaos_v1:siamese_skeletonsright":1,"born_in_chaos_v1:baby_skeleton_minion":1,"minecraft:skeleton":31,"luminousworld:dark_oak_skeleton":1,"minecraft:fox":1,"minecraft:chicken":1,"ecologics:coconut_crab":4,"enemyexpansion:vampflyer":1,"illagerinvasion:necromancer":1,"stalwart_dungeons:giddy_blaze":246,"alexsmobs:seal":1,"luminousworld:crab":2,"minecraft:zombie":55,"stalwart_dungeons:incomplete_wither":7,"born_in_chaos_v1:corpse_fly":12,"enemyexpansion:botfly":30,"minecraft:cow":5,"undead_revamp2:theimmortal":4,"minecraft:vindicator":4,"illagerinvasion:marauder":3,"alexsmobs:seagull":1,"undead_revamp2:bomber":1,"naturalist:duck":2,"luminousworld:yellow_swallowtail":1,"born_in_chaos_v1:pumpkinhead":1,"enemyexpansion:faller":1,"enemyexpansion:silverqueen":1,"earthmobsmod:albino_cow":5,"earthmobsmod:bouldering_zombie":2,"undead_revamp2:the_moonflower":1,"enemyexpansion:sprinter":5,"born_in_chaos_v1:decrepit_skeleton":4,"stalwart_dungeons:nether_keeper":1,"born_in_chaos_v1:bloody_gadfly":1,"undead_revamp2:thesomnolence":3,"iceandfire:ghost":2,"born_in_chaos_v1:dark_vortex":1,"quark:wraith":1,"minecraft:witch":3,"minecraft:spider":3,"quark:forgotten":1,"naturalist:snail":1,"illagerinvasion:provoker":1,"minecraft:silverfish":45,"undead_revamp2:therod":3,"artifacts:mimic":2,"minecraft:piglin":1,"minecraft:pig":9,"minecraft:zombie_villager":1,"born_in_chaos_v1:diamond_termite":14,"illagerinvasion:alchemist":1,"minecraft:creeper":5,"minecraft:sheep":7,"born_in_chaos_v1:dread_hound":1,"alexsmobs:terrapin":1,"born_in_chaos_v1:siamese_skeletonsleft":1,"undead_revamp2:thegliter":1,"luminousworld:sunken_skeleton":1,"enemyexpansion:direwolf":1,"born_in_chaos_v1:maggot":23,"undead_revamp2:coppertar":1,"alexsmobs:soul_vulture":1,"minecraft:drowned":1,"born_in_chaos_v1:corpse_fish":3,"undead_revamp2:sucker":1,"enemyexpansion:goblin":1,"born_in_chaos_v1:felsteed":1,"born_in_chaos_v1:fallen_chaos_knight":1,"born_in_chaos_v1:baby_skeleton":1,"stalwart_dungeons:reinforced_blaze":36,"enemyexpansion:huntsman":2,"enemyexpansion:slugger":1},"minecraft:killed_by":{"stalwart_dungeons:nether_keeper":8,"enemyexpansion:slugger":2,"minecraft:vindicator":1,"born_in_chaos_v1:pumpkinhead":3,"minecraft:zombie":1,"stalwart_dungeons:incomplete_wither":5,"enemyexpansion:invisicreeper":3,"takesapillage:clay_golem":1,"stalwart_dungeons:giddy_blaze":13,"enemyexpansion:direwolf":2,"iceandfire:ghost":1,"iceandfire:sea_serpent":2,"undead_revamp2:clogger":2,"minecraft:silverfish":1,"minecraft:cave_spider":2,"iceandfire:ice_dragon":13,"enemyexpansion:silverqueen":1,"stalwart_dungeons:reinforced_blaze":2,"iceandfire:fire_dragon":4,"minecraft:player":4,"enemyexpansion:equestrian":2,"mowziesmobs:ferrous_wroughtnaut":11,"iceandfire:gorgon":1},"minecraft:mined":{"minecraft:red_nether_bricks":2,"minecraft:obsidian":1,"minecraft:granite":117,"minecraft:coal_block":8,"minecraft:spawner":9,"minecraft:polished_blackstone_bricks":7,"minecraft:cobbled_deepslate":23,"minecraft:fire":2,"minecraft:barrel":9,"minecraft:deepslate_lapis_ore":19,"minecraft:enchanting_table":3,"iceandfire:gold_pile":5,"stalwart_dungeons:soul_magma_bricks":5,"minecraft:iron_block":1,"minecraft:kelp_plant":47,"minecraft:smoker":2,"minecraft:soul_fire":14,"minecraft:amethyst_cluster":2,"minecraft:torch":11,"born_in_chaos_v1:infected_deepslate_diamond_ore":16,"minecraft:note_block":7,"minecraft:blast_furnace":1,"minecraft:melon":2,"minecraft:sugar_cane":7,"minecraft:damaged_anvil":1,"minecraft:amethyst_block":8,"minecraft:skeleton_skull":1,"minecraft:wheat":8,"minecraft:potted_poppy":1,"minecraft:grass":15,"quark:birch_chest":1,"luminousworld:grassvariant_3":1,"stalwart_dungeons:pusher":2,"minecraft:smooth_basalt":2,"minecraft:stonecutter":1,"minecraft:deepslate":4662,"minecraft:infested_deepslate":1,"quark:red_corundum":8,"minecraft:dark_prismarine":5,"minecraft:mossy_cobblestone":11,"stalwart_dungeons:soul_bricks":72,"minecraft:nether_bricks":83,"born_in_chaos_v1:black_argillite":19,"iceandfire:deepslate_silver_ore":4,"luminousworld:grassvariant_2":5,"minecraft:kelp":33,"minecraft:andesite":95,"minecraft:potatoes":17,"minecraft:vine":1,"luminousworld:groundpebbles_2":1,"iceandfire:podium_spruce":1,"minecraft:white_wool":4,"minecraft:smithing_table":2,"minecraft:oak_slab":2,"minecraft:glass_pane":4,"minecraft:soul_sand":8,"quark:oak_chest":2,"minecraft:stone_brick_slab":10,"minecraft:emerald_ore":2,"minecraft:campfire":5,"luminousworld:grassflowers":3,"quark:glow_shroom_block":2,"minecraft:tall_grass":4,"minecraft:copper_ore":2,"minecraft:deepslate_gold_ore":28,"minecraft:diorite":55,"stalwart_dungeons:tungsten_ore":21,"minecraft:coarse_dirt":1,"minecraft:cobblestone_wall":4,"minecraft:spruce_log":167,"minecraft:birch_leaves":8,"luminousworld:autumnplank":1,"luminousworld:clovers_5":2,"luminousworld:ishstone":27,"minecraft:gravel":6,"minecraft:dripstone_block":1,"minecraft:cobweb":37,"minecraft:stone_bricks":56,"luminousworld:white_petunias":1,"stalwart_dungeons:spore_vaporizer":2,"minecraft:spruce_planks":5,"luminousworld:yellowpetunias":2,"minecraft:farmland":7,"minecraft:mossy_stone_brick_slab":1,"minecraft:sculk_vein":4,"quark:glow_shroom_stem":4,"minecraft:stripped_crimson_hyphae":3,"minecraft:grass_block":12,"minecraft:cracked_polished_blackstone_bricks":1,"iceandfire:lectern":2,"minecraft:soul_soil":21,"minecraft:frosted_ice":2,"minecraft:smooth_stone":51,"minecraft:raw_iron_block":5,"minecraft:mossy_cobblestone_slab":2,"minecraft:iron_ore":34,"minecraft:anvil":1,"minecraft:pointed_dripstone":1,"minecraft:birch_wall_sign":9,"ecologics:walnut_log":8,"minecraft:spruce_slab":30,"minecraft:deepslate_redstone_ore":13,"minecraft:cyan_terracotta":2,"supplementaries:book_pile":2,"stalwart_dungeons:transient_block_close":1,"stalwart_dungeons:soul_tiles":4,"quark:cobblestone_bricks":26,"minecraft:calcite":2,"iceandfire:ghost_chest":1,"minecraft:nether_quartz_ore":6,"minecraft:cobblestone":362,"minecraft:oak_planks":21,"minecraft:iron_door":1,"minecraft:wall_torch":35,"minecraft:seagrass":1,"placeablesmod:cooked_pork_block":1,"luminousworld:clovers_1":3,"minecraft:tnt":1,"minecraft:smooth_stone_slab":7,"minecraft:oak_log":41,"minecraft:sand":19,"minecraft:dirt":17,"quark:glow_shroom_ring":1,"minecraft:netherrack":132,"minecraft:oak_leaves":13,"minecraft:nether_gold_ore":4,"alexscaves:spelunkery_table":1,"luminousworld:groundpebbles_1":6,"minecraft:tuff":794,"minecraft:deepslate_diamond_ore":46,"minecraft:potted_wither_rose":1,"luminousworld:grassvariant_4":5,"born_in_chaos_v1:nightmare_stalker_skull":1,"iceandfire:frozen_cobblestone":14,"born_in_chaos_v1:infected_diamond_ore":2,"iceandfire:frozen_stone":23,"luminousworld:clovers_4":1,"minecraft:brick_stairs":3,"minecraft:spruce_leaves":231,"minecraft:furnace":2,"luminousworld:yellow_grassflowers":1,"minecraft:gold_block":1,"quark:nether_wart_sack":1,"minecraft:bookshelf":127,"minecraft:deepslate_iron_ore":334,"minecraft:lantern":1,"minecraft:stone":709,"minecraft:redstone_wall_torch":1,"minecraft:scaffolding":2,"born_in_chaos_v1:marigolds":1,"quark:blue_corundum":1,"minecraft:crafting_table":7,"minecraft:rose_bush":1,"minecraft:lapis_ore":10,"minecraft:sculk":43,"supplementaries:urn":18,"minecraft:spruce_stairs":1,"minecraft:birch_planks":6,"minecraft:brick_slab":4,"minecraft:yellow_bed":8,"minecraft:coal_ore":15,"minecraft:cracked_stone_bricks":13,"minecraft:terracotta":14,"minecraft:mossy_stone_bricks":10},"minecraft:crafted":{"minecraft:birch_boat":1,"ecologics:walnut_planks":32,"minecraft:glass":21,"vanillaplustools:iron_hammer":1,"minecraft:diamond_leggings":1,"minecraft:melon_seeds":1,"enchantinginfuser:enchanting_infuser":1,"minecraft:spruce_door":3,"quark:oak_chest":2,"minecraft:iron_pickaxe":9,"minecraft:iron_block":54,"hangglider:glider_framework":1,"minecraft:diamond_hoe":1,"minecraft:bone_meal":111,"hangglider:glider_wing":2,"minecraft:spruce_fence":24,"minecraft:spruce_slab":528,"minecraft:diamond_boots":1,"minecraft:redstone_block":15,"stalwart_dungeons:tungsten_shield":1,"minecraft:oak_planks":148,"minecraft:cobblestone_slab":6,"iceandfire:armor_blue_helmet":2,"hangglider:hang_glider":1,"minecraft:bow":1,"minecraft:raw_iron_block":40,"born_in_chaos_v1:smoked_fish":2,"minecraft:crafting_table":10,"minecraft:spruce_planks":336,"minecraft:baked_potato":19,"luminousworld:ironhammer":1,"minecraft:gold_block":12,"quark:nether_wart_sack":1,"minecraft:birch_planks":248,"iceandfire:armor_blue_leggings":1,"minecraft:stick":64,"minecraft:iron_ingot":184,"minecraft:shears":1,"minecraft:raw_iron":45,"iceandfire:armor_blue_chestplate":1,"minecraft:furnace":9,"minecraft:glass_pane":48,"supplementaries:bomb":8,"minecraft:cobblestone_wall":30,"minecraft:birch_sign":21,"stalwart_dungeons:tungsten_ingot":24,"minecraft:bucket":9,"minecraft:air":0,"minecraft:oak_boat":4,"minecraft:anvil":2,"minecraft:torch":32,"minecraft:crying_obsidian":1,"minecraft:lapis_block":26,"minecraft:diamond_chestplate":1}},"DataVersion":3465}