{"stats":{"minecraft:picked_up":{"luminousworld:groundpebbles_1":6,"ecologics:walnut_log":4,"minecraft:oak_log":6,"minecraft:dirt":1},"minecraft:custom":{"minecraft:time_since_rest":4932,"minecraft:open_chest":2,"minecraft:sprint_one_cm":14498,"minecraft:crouch_one_cm":130,"minecraft:play_time":6382,"minecraft:walk_one_cm":18060,"minecraft:sneak_time":63,"minecraft:walk_under_water_one_cm":132,"minecraft:mob_kills":1,"minecraft:jump":77,"minecraft:damage_dealt":80,"minecraft:leave_game":1,"minecraft:walk_on_water_one_cm":442,"minecraft:time_since_death":6382,"minecraft:sleep_in_bed":1,"minecraft:total_world_time":6382,"minecraft:swim_one_cm":2881,"minecraft:talked_to_villager":1,"minecraft:fall_one_cm":1370,"minecraft:fly_one_cm":23368},"minecraft:used":{"minecraft:dirt":1,"minecraft:iron_axe":15,"alexsmobs:animal_dictionary":1},"minecraft:killed":{"minecraft:sheep":1},"minecraft:mined":{"luminousworld:groundpebbles_1":6,"minecraft:grass_block":1,"minecraft:oak_log":6,"minecraft:tall_grass":1,"ecologics:walnut_log":4},"minecraft:crafted":{"minecraft:oak_planks":24,"minecraft:crafting_table":1,"ecologics:walnut_planks":16}},"DataVersion":3465}