{"stats":{"minecraft:picked_up":{"luminousworld:groundpebbles_1":6,"ecologics:walnut":1,"minecraft:crafting_table":1,"minecraft:wheat":5,"minecraft:air":0,"minecraft:oak_log":9,"minecraft:yellow_bed":1,"iceandfire:manuscript":2,"minecraft:dirt":17,"minecraft:lantern":2,"iceandfire:bestiary":3,"minecraft:wheat_seeds":19,"minecraft:iron_pickaxe":1,"minecraft:coal_block":8,"minecraft:oak_planks":2,"minecraft:furnace":1,"minecraft:book":108,"ecologics:walnut_log":8,"iceandfire:podium_spruce":2,"quark:oak_chest":1,"minecraft:stone_pressure_plate":1,"iceandfire:lectern":3,"minecraft:cobblestone":18},"minecraft:custom":{"minecraft:mob_kills":5,"minecraft:interact_with_crafting_table":4,"minecraft:leave_game":1,"minecraft:time_since_death":480,"minecraft:sleep_in_bed":2,"minecraft:climb_one_cm":662,"minecraft:time_since_rest":1,"minecraft:sprint_one_cm":75938,"minecraft:damage_taken":756,"minecraft:walk_one_cm":70664,"minecraft:damage_blocked_by_shield":510,"minecraft:drop":1,"minecraft:damage_dealt":633,"minecraft:swim_one_cm":2881,"minecraft:talked_to_villager":3,"minecraft:fly_one_cm":80479,"minecraft:open_chest":14,"minecraft:crouch_one_cm":4923,"minecraft:play_time":30382,"tombstone:undead_killed":1,"minecraft:deaths":1,"minecraft:sneak_time":1319,"minecraft:walk_under_water_one_cm":132,"minecraft:jump":311,"minecraft:walk_on_water_one_cm":442,"minecraft:total_world_time":30382,"minecraft:fall_one_cm":11973},"minecraft:dropped":{"minecraft:smooth_stone_slab":5},"minecraft:used":{"iceandfire:lectern":1,"minecraft:iron_shovel":17,"minecraft:shield":8,"minecraft:diamond_axe":79,"minecraft:dirt":1,"minecraft:crafting_table":4,"minecraft:lantern":2,"minecraft:iron_axe":68,"minecraft:bread":6,"minecraft:iron_pickaxe":108,"minecraft:cobblestone":3,"quark:oak_chest":2,"alexsmobs:animal_dictionary":1,"minecraft:cooked_beef":3},"minecraft:killed":{"enemyexpansion:sprinter":1,"minecraft:creeper":1,"minecraft:sheep":1,"minecraft:cow":2},"minecraft:killed_by":{"enemyexpansion:equestrian":1},"minecraft:mined":{"minecraft:smithing_table":1,"luminousworld:groundpebbles_1":6,"minecraft:oak_slab":1,"minecraft:mossy_cobblestone":1,"quark:oak_chest":1,"minecraft:smoker":1,"minecraft:crafting_table":1,"minecraft:grass_block":5,"minecraft:campfire":4,"iceandfire:lectern":2,"minecraft:coal_block":8,"minecraft:tall_grass":1,"minecraft:cobblestone":16,"minecraft:oak_planks":3,"minecraft:iron_door":1,"minecraft:smooth_stone":51,"minecraft:furnace":1,"minecraft:wheat":8,"minecraft:yellow_bed":1,"minecraft:smooth_stone_slab":5,"minecraft:grass":1,"minecraft:bookshelf":87,"minecraft:oak_log":9,"minecraft:lantern":1,"minecraft:dirt":12,"minecraft:stone":13,"ecologics:walnut_log":8,"minecraft:stonecutter":1,"iceandfire:podium_spruce":1,"minecraft:iron_block":1,"minecraft:oak_leaves":1},"minecraft:crafted":{"minecraft:oak_planks":36,"minecraft:crafting_table":3,"ecologics:walnut_planks":32,"minecraft:stick":4,"quark:oak_chest":2}},"DataVersion":3465}