{"stats":{"minecraft:picked_up":{"minecraft:book":108,"luminousworld:groundpebbles_1":6,"minecraft:crafting_table":1,"minecraft:wheat":5,"ecologics:walnut":1,"ecologics:walnut_log":8,"iceandfire:podium_spruce":2,"minecraft:oak_log":9,"minecraft:yellow_bed":1,"quark:oak_chest":1,"iceandfire:manuscript":2,"minecraft:dirt":17,"minecraft:stone_pressure_plate":1,"minecraft:lantern":2,"minecraft:wheat_seeds":19,"iceandfire:bestiary":3,"iceandfire:lectern":3,"minecraft:iron_pickaxe":1,"minecraft:coal_block":8,"minecraft:oak_planks":2,"minecraft:cobblestone":18,"minecraft:furnace":1},"minecraft:custom":{"minecraft:time_since_rest":5348,"minecraft:sprint_one_cm":38395,"minecraft:walk_one_cm":38264,"minecraft:mob_kills":1,"minecraft:damage_dealt":80,"minecraft:talked_to_villager":1,"minecraft:swim_one_cm":2881,"minecraft:interact_with_crafting_table":4,"minecraft:fly_one_cm":43418,"minecraft:open_chest":11,"minecraft:crouch_one_cm":1099,"minecraft:play_time":18382,"minecraft:sneak_time":326,"minecraft:walk_under_water_one_cm":132,"minecraft:jump":168,"minecraft:leave_game":1,"minecraft:time_since_death":18382,"minecraft:walk_on_water_one_cm":442,"minecraft:sleep_in_bed":2,"minecraft:climb_one_cm":662,"minecraft:total_world_time":18382,"minecraft:fall_one_cm":3518},"minecraft:used":{"iceandfire:lectern":1,"minecraft:iron_shovel":17,"minecraft:lantern":2,"minecraft:iron_axe":68,"minecraft:bread":2,"minecraft:iron_pickaxe":36,"minecraft:dirt":1,"minecraft:cobblestone":3,"minecraft:crafting_table":3,"alexsmobs:animal_dictionary":1,"quark:oak_chest":2},"minecraft:killed":{"minecraft:sheep":1},"minecraft:mined":{"luminousworld:groundpebbles_1":6,"minecraft:furnace":1,"quark:oak_chest":1,"minecraft:wheat":8,"minecraft:crafting_table":1,"minecraft:yellow_bed":1,"minecraft:grass":1,"minecraft:bookshelf":37,"minecraft:grass_block":5,"minecraft:oak_log":9,"minecraft:lantern":1,"iceandfire:lectern":2,"minecraft:dirt":12,"minecraft:coal_block":8,"minecraft:tall_grass":1,"minecraft:cobblestone":5,"ecologics:walnut_log":8,"iceandfire:podium_spruce":1,"minecraft:stone":13,"minecraft:oak_planks":2,"minecraft:oak_leaves":1},"minecraft:crafted":{"minecraft:oak_planks":36,"minecraft:crafting_table":3,"minecraft:stick":4,"quark:oak_chest":2,"ecologics:walnut_planks":32}},"DataVersion":3465}