{"stats":{"minecraft:broken":{"aether:iron_gloves":1,"minecraft:iron_helmet":1},"minecraft:killed_by":{"enemyexpansion:slugger":2,"minecraft:vindicator":1,"minecraft:cave_spider":1,"born_in_chaos_v1:pumpkinhead":3,"takesapillage:clay_golem":1,"minecraft:player":2,"enemyexpansion:equestrian":2,"enemyexpansion:direwolf":2,"iceandfire:ghost":1},"minecraft:used":{"iceandfire:lectern":1,"quark:ancient_tome":2,"minecraft:iron_shovel":17,"minecraft:diamond_hoe":6,"minecraft:shield":30,"born_in_chaos_v1:soul_cutlass":3,"born_in_chaos_v1:corpse_maggot":8,"minecraft:lantern":2,"minecraft:bow":94,"minecraft:oak_planks":6,"minecraft:diamond_axe":481,"minecraft:sand":18,"minecraft:stone_brick_wall":2,"minecraft:shears":2,"minecraft:bread":14,"minecraft:smithing_table":1,"minecraft:cooked_rabbit":2,"minecraft:oak_boat":4,"minecraft:cobweb":8,"minecraft:flint_and_steel":22,"minecraft:torch":6,"minecraft:dirt":1,"iceandfire:pixie_dust":1,"minecraft:iron_axe":68,"tombstone:gift":5,"minecraft:cooked_beef":20,"minecraft:cooked_mutton":2,"minecraft:baked_potato":10,"luminousworld:ishstone":6,"minecraft:tnt":1,"minecraft:crafting_table":6,"supplementaries:bomb":8,"minecraft:diamond_pickaxe":236,"minecraft:iron_pickaxe":112,"minecraft:map":1,"minecraft:cobblestone":26,"minecraft:stripped_crimson_hyphae":3,"minecraft:cooked_porkchop":6,"minecraft:bucket":2,"minecraft:yellow_bed":2,"quark:oak_chest":2,"alexsmobs:animal_dictionary":1},"minecraft:crafted":{"minecraft:oak_planks":148,"ecologics:walnut_planks":32,"minecraft:melon_seeds":1,"minecraft:crafting_table":5,"minecraft:stick":12,"quark:oak_chest":2,"minecraft:shears":1,"minecraft:raw_iron":9,"supplementaries:bomb":8,"minecraft:bucket":2,"minecraft:oak_boat":2,"minecraft:torch":32},"minecraft:picked_up":{"minecraft:iron_chestplate":1,"minecraft:wheat":5,"alexscaves:radgill":1,"aether:iron_gloves":1,"minecraft:amethyst_block":8,"born_in_chaos_v1:holiday_candy":22,"iceandfire:manuscript":2,"minecraft:string":3,"minecraft:raw_copper":17,"minecraft:iron_leggings":2,"minecraft:zombie_head":2,"minecraft:cobbled_deepslate":25,"minecraft:calcite":2,"minecraft:iron_pickaxe":1,"minecraft:melon_slice":11,"minecraft:coal_block":8,"ecologics:crab_claw":1,"minecraft:furnace":1,"minecraft:stick":1,"ecologics:walnut_log":8,"minecraft:torch":1,"minecraft:porkchop":13,"minecraft:pointed_dripstone":1,"tombstone:grave_dust":2,"minecraft:rotten_flesh":34,"minecraft:tropical_fish":1,"supplementaries:antique_ink":3,"supplementaries:ash":39,"minecraft:cod":9,"undead_revamp2:arapholia":1,"alexsmobs:flying_fish":2,"minecraft:cobblestone":103,"ecologics:walnut":1,"minecraft:water_bucket":2,"minecraft:andesite":4,"minecraft:brown_wool":2,"minecraft:potato":2,"minecraft:flint":5,"minecraft:lapis_lazuli":4,"minecraft:dirt":20,"minecraft:lantern":2,"minecraft:bone":4,"minecraft:wheat_seeds":28,"minecraft:raw_gold":15,"minecraft:pitcher_pod":1,"minecraft:oak_planks":9,"minecraft:music_disc_13":1,"iceandfire:podium_spruce":2,"earthmobsmod:harder_flesh":2,"minecraft:sand":18,"minecraft:mossy_cobblestone":1,"minecraft:barrel":7,"naturalist:duck_egg":1,"minecraft:iron_hoe":1,"minecraft:sugar":2,"iceandfire:lectern":3,"minecraft:granite":15,"minecraft:emerald":4,"minecraft:bread":7,"minecraft:oak_sapling":1,"minecraft:netherrack":1,"iceandfire:raw_silver":3,"minecraft:crafting_table":3,"luminousworld:groundpebbles_1":6,"born_in_chaos_v1:diamond_termite_shard":4,"minecraft:stone_brick_wall":2,"minecraft:gold_block":2,"minecraft:chain":1,"minecraft:flint_and_steel":1,"iceandfire:bestiary":3,"minecraft:beef":18,"minecraft:oak_boat":2,"minecraft:cyan_wool":2,"minecraft:iron_nugget":11,"minecraft:stripped_crimson_hyphae":3,"minecraft:raw_iron":24,"naturalist:duck":1,"ecologics:coconut_slice":4,"minecraft:copper_ingot":2,"minecraft:note_block":7,"born_in_chaos_v1:pieceofdarkmetal":1,"minecraft:redstone":19,"minecraft:light_blue_bed":1,"minecraft:stone_pressure_plate":1,"minecraft:cooked_cod":1,"minecraft:shears":1,"minecraft:mutton":1,"born_in_chaos_v1:corpse_maggot":8,"minecraft:air":1,"born_in_chaos_v1:pumpkin_staff":2,"minecraft:salmon":1,"luminousworld:ishstone":6,"minecraft:leather":8,"minecraft:filled_map":2,"minecraft:oak_log":13,"iceandfire:ectoplasm":1,"minecraft:yellow_bed":2,"minecraft:gunpowder":26,"minecraft:wooden_hoe":1,"born_in_chaos_v1:soul_cutlass":1,"minecraft:stone_bricks":2,"minecraft:kelp":1,"minecraft:spruce_wood":4,"minecraft:cobweb":24,"minecraft:glass_bottle":2,"luminousworld:white_petunias":1,"minecraft:iron_sword":1,"minecraft:book":138,"minecraft:scaffolding":3,"minecraft:smooth_basalt":2,"minecraft:dripstone_block":1,"minecraft:gravel":1,"minecraft:amethyst_shard":8,"quark:oak_chest":1,"minecraft:spruce_door":1,"minecraft:pumpkin_seeds":1,"minecraft:slime_ball":1,"minecraft:diamond_axe":2,"minecraft:gray_wool":2,"tombstone:magic_scroll":2,"minecraft:melon_seeds":3,"minecraft:coal":20},"minecraft:dropped":{"minecraft:iron_sword":1,"minecraft:oak_log":2,"luminousworld:white_petunias":1,"minecraft:pitcher_pod":1,"minecraft:leather":3,"born_in_chaos_v1:pieceofdarkmetal":2,"minecraft:dirt":3,"minecraft:sugar":2,"quark:ancient_tome":2,"minecraft:gravel":1,"minecraft:sugar_cane":13,"minecraft:cobbled_deepslate":42,"minecraft:pointed_dripstone":1,"undead_revamp2:arapholia":1,"minecraft:rotten_flesh":45,"minecraft:oak_planks":2,"minecraft:cooked_mutton":4,"supplementaries:antique_ink":3,"supplementaries:flax_seeds":1,"supplementaries:ash":42,"iceandfire:ghost_chest":1,"minecraft:charcoal":8,"minecraft:melon_seeds":3,"born_in_chaos_v1:corpse_maggot":1,"born_in_chaos_v1:diamond_termite_shard":4,"minecraft:spruce_wood":4,"minecraft:beef":1,"minecraft:netherrack":1,"iceandfire:manuscript":8,"minecraft:bread":12,"minecraft:oak_slab":1,"minecraft:wheat_seeds":94,"minecraft:mossy_cobblestone":1,"minecraft:dripstone_block":1,"minecraft:cobblestone":3,"minecraft:granite":14,"minecraft:spruce_door":1,"born_in_chaos_v1:soul_cutlass":1,"born_in_chaos_v1:pumpkin_staff":1,"minecraft:gray_wool":3,"minecraft:brown_wool":2,"minecraft:iron_door":1,"minecraft:zombie_head":2,"minecraft:string":1,"minecraft:smooth_basalt":2,"minecraft:redstone":19,"naturalist:duck_egg":1,"minecraft:kelp":1,"minecraft:oak_trapdoor":1,"minecraft:raw_copper":13,"minecraft:smooth_stone_slab":5,"minecraft:tuff":2,"earthmobsmod:harder_flesh":2,"minecraft:shears":1,"minecraft:pumpkin_seeds":1,"minecraft:filled_map":2,"minecraft:diamond_sword":1,"alexscaves:radgill":1,"minecraft:cyan_wool":2,"mutantmonsters:mutant_skeleton_rib_cage":2,"minecraft:shield":1,"ecologics:walnut":1,"minecraft:andesite":4,"minecraft:oak_sapling":1,"minecraft:stone_pressure_plate":1,"minecraft:barrel":7,"minecraft:stone_bricks":2,"minecraft:calcite":2},"minecraft:custom":{"minecraft:interact_with_crafting_table":11,"minecraft:open_barrel":4,"minecraft:leave_game":3,"minecraft:time_since_death":10328,"minecraft:sprint_one_cm":397360,"minecraft:damage_blocked_by_shield":2455,"minecraft:drop":89,"minecraft:play_noteblock":10,"minecraft:talked_to_villager":4,"minecraft:play_time":147459,"minecraft:deaths":15,"minecraft:jump":3333,"minecraft:walk_on_water_one_cm":47436,"minecraft:interact_with_furnace":1,"minecraft:sleep_in_bed":5,"minecraft:damage_dealt":19121,"minecraft:player_kills":3,"minecraft:crouch_one_cm":8116,"tombstone:undead_killed":30,"minecraft:interact_with_smithing_table":2,"minecraft:mob_kills":101,"minecraft:damage_dealt_resisted":638,"minecraft:climb_one_cm":4754,"minecraft:walk_one_cm":323665,"minecraft:sneak_time":3482,"minecraft:walk_under_water_one_cm":15563,"minecraft:boat_one_cm":209270,"minecraft:interact_with_blast_furnace":1,"minecraft:total_world_time":147459,"tombstone:raider_killed":5,"minecraft:time_since_rest":9941,"minecraft:damage_taken":7566,"minecraft:swim_one_cm":43458,"minecraft:fly_one_cm":777544,"minecraft:open_chest":18,"minecraft:fall_one_cm":99531},"minecraft:killed":{"minecraft:cave_spider":2,"born_in_chaos_v1:mr_pumpkin":3,"minecraft:witch":3,"born_in_chaos_v1:sir_the_headless":1,"luminousworld:fawn":2,"naturalist:snail":1,"minecraft:skeleton":1,"ecologics:coconut_crab":2,"undead_revamp2:therod":1,"enemyexpansion:vampflyer":1,"artifacts:mimic":1,"minecraft:pig":9,"born_in_chaos_v1:diamond_termite":4,"minecraft:creeper":1,"luminousworld:crab":1,"minecraft:sheep":2,"minecraft:zombie":14,"alexsmobs:terrapin":1,"born_in_chaos_v1:corpse_fly":4,"minecraft:cow":5,"undead_revamp2:theimmortal":1,"undead_revamp2:thegliter":1,"minecraft:vindicator":2,"alexsmobs:seagull":1,"naturalist:duck":2,"born_in_chaos_v1:maggot":6,"born_in_chaos_v1:pumpkinhead":1,"undead_revamp2:coppertar":1,"minecraft:drowned":1,"enemyexpansion:goblin":1,"earthmobsmod:albino_cow":5,"born_in_chaos_v1:fallen_chaos_knight":1,"born_in_chaos_v1:felsteed":1,"earthmobsmod:bouldering_zombie":1,"undead_revamp2:the_moonflower":1,"enemyexpansion:sprinter":2,"born_in_chaos_v1:decrepit_skeleton":2,"undead_revamp2:thesomnolence":2,"iceandfire:ghost":1,"enemyexpansion:huntsman":1,"enemyexpansion:slugger":1},"minecraft:mined":{"minecraft:granite":14,"minecraft:stripped_crimson_hyphae":3,"minecraft:grass_block":5,"iceandfire:lectern":2,"minecraft:coal_block":8,"minecraft:smooth_stone":51,"minecraft:raw_iron_block":1,"minecraft:fire":2,"minecraft:iron_ore":8,"minecraft:barrel":8,"minecraft:pointed_dripstone":1,"ecologics:walnut_log":8,"minecraft:iron_block":1,"supplementaries:book_pile":2,"minecraft:smoker":1,"minecraft:amethyst_cluster":2,"born_in_chaos_v1:infected_deepslate_diamond_ore":3,"minecraft:note_block":7,"minecraft:calcite":2,"minecraft:melon":2,"iceandfire:ghost_chest":1,"minecraft:cobblestone":17,"minecraft:sugar_cane":7,"minecraft:oak_planks":17,"minecraft:iron_door":1,"minecraft:amethyst_block":8,"placeablesmod:cooked_pork_block":1,"minecraft:wheat":8,"minecraft:smooth_stone_slab":5,"minecraft:grass":14,"minecraft:oak_log":40,"minecraft:sand":19,"minecraft:dirt":12,"luminousworld:grassvariant_3":1,"minecraft:smooth_basalt":2,"minecraft:stonecutter":1,"minecraft:netherrack":1,"minecraft:oak_leaves":12,"minecraft:deepslate":25,"luminousworld:groundpebbles_1":6,"minecraft:tuff":1,"minecraft:mossy_cobblestone":2,"minecraft:deepslate_diamond_ore":4,"luminousworld:grassvariant_4":1,"iceandfire:deepslate_silver_ore":3,"luminousworld:grassvariant_2":1,"minecraft:kelp":2,"minecraft:furnace":1,"minecraft:andesite":4,"minecraft:gold_block":1,"minecraft:bookshelf":109,"minecraft:deepslate_iron_ore":38,"minecraft:vine":1,"minecraft:lantern":1,"minecraft:stone":96,"iceandfire:podium_spruce":1,"minecraft:redstone_wall_torch":1,"minecraft:smithing_table":2,"minecraft:oak_slab":1,"minecraft:scaffolding":2,"quark:oak_chest":1,"minecraft:crafting_table":5,"minecraft:emerald_ore":2,"minecraft:campfire":4,"minecraft:tall_grass":2,"minecraft:deepslate_gold_ore":17,"supplementaries:urn":1,"luminousworld:autumnplank":1,"minecraft:yellow_bed":3,"minecraft:coal_ore":1,"luminousworld:ishstone":6,"minecraft:gravel":1,"minecraft:dripstone_block":1,"minecraft:cobweb":2,"minecraft:stone_bricks":2}},"DataVersion":3465}