{"stats":{"minecraft:mined":{"minecraft:grass_block":43,"minecraft:snow":30,"minecraft:dirt":67},"minecraft:used":{"born_in_chaos_v1:spiny_shell_armor_helmet":1,"creeperoverhaul:jungle_creeper_spawn_egg":3,"born_in_chaos_v1:barrel_zombie_spawn_egg":1,"iceandfire:spawn_egg_ice_dragon":11,"born_in_chaos_v1:dark_metal_armor_helmet":1,"born_in_chaos_v1:siamese_skeletons_spawn_egg":1,"alexscaves:spawn_egg_tremorzilla":6,"alexscaves:spawn_egg_gammaroach":6,"born_in_chaos_v1:decaying_zombie_spawn_egg":1,"twilightforest:hydra_boss_spawner":1,"aether:black_moa_egg":1,"aether:aerwhale_spawn_egg":6,"twilightforest:glass_sword":109,"iceandfire:spawn_egg_gorgon":2,"creeperoverhaul:desert_creeper_spawn_egg":2,"alexscaves:spawn_egg_hullbreaker":1,"alexscaves:spawn_egg_lanternfish":1,"born_in_chaos_v1:dark_metal_armor_leggings":1,"creeperoverhaul:bamboo_creeper_spawn_egg":1,"enemyexpansion:direwolf_spawn_egg":1,"alexscaves:tremorzilla_egg":5,"alexscaves:darkened_apple":3,"twilightforest:final_boss_boss_spawner":1,"naturalist:duck_spawn_egg":1,"twilightforest:alpha_yeti_boss_spawner":1,"alexscaves:spawn_egg_nucleeper":2,"aether:white_moa_egg":2,"iceandfire:spawn_egg_fire_dragon":9,"alexscaves:cloak_of_darkness":1,"born_in_chaos_v1:decrepit_skeleton_spawn_egg":1,"born_in_chaos_v1:dark_metal_armor_boots":1,"alexscaves:spawn_egg_sea_pig":1,"twilightforest:knight_phantom_boss_spawner":1,"minecraft:redstone_torch":1,"born_in_chaos_v1:soulbane":3,"born_in_chaos_v1:dark_metal_armor_chestplate":1,"alexscaves:hood_of_darkness":1,"alexsmobs:spawn_egg_murmur":4,"alexscaves:spawn_egg_brainiac":1,"aether:blue_moa_egg":2,"quark:tiny_potato":13,"twilightforest:minoshroom_boss_spawner":1,"alexscaves:spawn_egg_deep_one":1,"aether:aerbunny_spawn_egg":2,"twilightforest:seeker_bow":29,"born_in_chaos_v1:spiny_shell_armor_chestplate":1,"twilightforest:snow_queen_boss_spawner":1,"alexscaves:spawn_egg_deep_one_knight":1,"born_in_chaos_v1:baby_skeleton_spawn_egg":1,"twilightforest:naga_boss_spawner":1,"alexscaves:spawn_egg_raycat":2,"aether:aechor_plant_spawn_egg":19,"alexscaves:spawn_egg_radgill":1,"born_in_chaos_v1:skeleton_demoman_spawn_egg":1,"iceandfire:spawn_egg_lightning_dragon":2,"iceandfire:spawn_egg_hippogryph":2,"twilightforest:ur_ghast_boss_spawner":1,"twilightforest:lich_boss_spawner":1,"alexscaves:spawn_egg_tripodfish":1,"born_in_chaos_v1:wood_splitter_axe":4,"twilightforest:violet_castle_door":1,"alexscaves:spawn_egg_gossamer_worm":1,"alexscaves:nuclear_bomb":1},"minecraft:picked_up":{"minecraft:dirt":95,"iceandfire:troll_leather_frost":3,"minecraft:arrow":1,"vanillaplustools:netherite_shovel":1,"iceandfire:troll_weapon_column_frost":1,"minecraft:iron_helmet":1,"minecraft:snowball":15},"minecraft:dropped":{"alexsmobs:animal_dictionary":1,"tombstone:grave_key":3},"minecraft:killed":{"luminousworld:firefly":1,"quark:stoneling":1,"iceandfire:troll":1,"minecraft:bat":1,"born_in_chaos_v1:maggot":1,"twilightforest:snow_queen":2,"minecraft:skeleton":1,"minecraft:pillager":3,"twilightforest:naga":2,"enemyexpansion:botfly":1,"twilightforest:ur_ghast":1,"minecraft:glow_squid":1},"minecraft:custom":{"minecraft:mob_kills":18,"tombstone:raider_killed":3,"minecraft:time_since_death":2485,"minecraft:time_since_rest":2426,"minecraft:sprint_one_cm":3179,"minecraft:damage_taken":899,"minecraft:walk_one_cm":31358,"minecraft:drop":4,"minecraft:damage_dealt":17741,"minecraft:swim_one_cm":134,"minecraft:fly_one_cm":285906,"minecraft:open_chest":2,"minecraft:crouch_one_cm":610,"minecraft:play_time":28832,"tombstone:undead_killed":1,"minecraft:deaths":4,"minecraft:sneak_time":1464,"minecraft:walk_under_water_one_cm":8217,"minecraft:jump":96,"minecraft:walk_on_water_one_cm":620,"minecraft:total_world_time":28832,"minecraft:fall_one_cm":269}},"DataVersion":3465}