{"stats":{"minecraft:killed_by":{"enemyexpansion:equestrian":1,"minecraft:cave_spider":1,"enemyexpansion:direwolf":2},"minecraft:used":{"iceandfire:lectern":1,"quark:ancient_tome":2,"minecraft:iron_shovel":17,"minecraft:shield":30,"minecraft:dirt":1,"iceandfire:pixie_dust":1,"born_in_chaos_v1:corpse_maggot":8,"minecraft:lantern":2,"minecraft:iron_axe":68,"minecraft:bow":94,"tombstone:gift":5,"minecraft:cooked_beef":3,"minecraft:cooked_mutton":2,"minecraft:baked_potato":10,"minecraft:diamond_axe":230,"minecraft:crafting_table":4,"minecraft:shears":2,"minecraft:diamond_pickaxe":60,"minecraft:bread":14,"minecraft:iron_pickaxe":112,"minecraft:map":1,"minecraft:cobblestone":3,"minecraft:cooked_porkchop":6,"minecraft:smithing_table":1,"minecraft:yellow_bed":1,"quark:oak_chest":2,"alexsmobs:animal_dictionary":1},"minecraft:crafted":{"minecraft:oak_planks":36,"minecraft:raw_iron":9,"ecologics:walnut_planks":32,"minecraft:crafting_table":3,"minecraft:stick":4,"quark:oak_chest":2,"minecraft:shears":1},"minecraft:picked_up":{"luminousworld:groundpebbles_1":6,"minecraft:wheat":5,"minecraft:crafting_table":1,"iceandfire:manuscript":2,"minecraft:string":1,"minecraft:raw_copper":4,"minecraft:iron_leggings":1,"iceandfire:bestiary":3,"minecraft:cobbled_deepslate":13,"minecraft:iron_nugget":11,"minecraft:iron_pickaxe":1,"minecraft:coal_block":8,"minecraft:furnace":1,"minecraft:raw_iron":7,"ecologics:walnut_log":8,"tombstone:grave_dust":1,"minecraft:redstone":1,"minecraft:stone_pressure_plate":1,"minecraft:rotten_flesh":13,"minecraft:shears":1,"supplementaries:antique_ink":3,"supplementaries:ash":1,"minecraft:cobblestone":18,"born_in_chaos_v1:corpse_maggot":8,"ecologics:walnut":1,"minecraft:air":1,"minecraft:oak_log":9,"minecraft:yellow_bed":1,"minecraft:gunpowder":2,"minecraft:dirt":17,"minecraft:lantern":2,"minecraft:bone":4,"minecraft:wheat_seeds":19,"minecraft:raw_gold":7,"minecraft:cobweb":2,"minecraft:glass_bottle":2,"minecraft:oak_planks":2,"minecraft:pitcher_pod":1,"minecraft:book":108,"minecraft:music_disc_13":1,"iceandfire:podium_spruce":2,"quark:oak_chest":1,"minecraft:iron_hoe":1,"minecraft:pumpkin_seeds":1,"iceandfire:lectern":3,"minecraft:diamond_axe":2,"minecraft:bread":7,"tombstone:magic_scroll":1,"minecraft:melon_seeds":3,"minecraft:coal":12},"minecraft:dropped":{"minecraft:bread":6,"born_in_chaos_v1:pieceofdarkmetal":2,"quark:ancient_tome":2,"minecraft:smooth_stone_slab":5,"minecraft:cooked_mutton":4,"earthmobsmod:harder_flesh":2,"minecraft:shears":1,"supplementaries:antique_ink":3,"minecraft:diamond_sword":1},"minecraft:custom":{"minecraft:interact_with_smithing_table":2,"minecraft:mob_kills":59,"minecraft:interact_with_crafting_table":4,"minecraft:open_barrel":3,"minecraft:leave_game":2,"minecraft:time_since_death":3555,"minecraft:climb_one_cm":2135,"minecraft:sprint_one_cm":194053,"minecraft:walk_one_cm":193581,"minecraft:damage_blocked_by_shield":2455,"minecraft:drop":17,"minecraft:talked_to_villager":3,"minecraft:play_time":73228,"minecraft:deaths":4,"minecraft:sneak_time":2497,"minecraft:walk_under_water_one_cm":8737,"minecraft:jump":1506,"minecraft:interact_with_blast_furnace":1,"minecraft:walk_on_water_one_cm":24390,"minecraft:total_world_time":73228,"tombstone:raider_killed":3,"minecraft:sleep_in_bed":3,"minecraft:time_since_rest":3270,"minecraft:damage_taken":3207,"minecraft:damage_dealt":8905,"minecraft:swim_one_cm":14615,"minecraft:fly_one_cm":362937,"minecraft:open_chest":14,"minecraft:crouch_one_cm":7190,"tombstone:undead_killed":24,"minecraft:fall_one_cm":44992},"minecraft:killed":{"minecraft:cave_spider":2,"minecraft:witch":3,"undead_revamp2:theimmortal":1,"undead_revamp2:thegliter":1,"luminousworld:fawn":2,"alexsmobs:seagull":1,"born_in_chaos_v1:maggot":6,"minecraft:skeleton":1,"enemyexpansion:goblin":1,"enemyexpansion:vampflyer":1,"artifacts:mimic":1,"born_in_chaos_v1:fallen_chaos_knight":1,"earthmobsmod:bouldering_zombie":1,"minecraft:pig":4,"undead_revamp2:the_moonflower":1,"enemyexpansion:sprinter":2,"minecraft:creeper":1,"born_in_chaos_v1:decrepit_skeleton":2,"minecraft:sheep":2,"undead_revamp2:thesomnolence":2,"minecraft:zombie":12,"born_in_chaos_v1:corpse_fly":2,"minecraft:cow":3,"enemyexpansion:slugger":1},"minecraft:mined":{"luminousworld:groundpebbles_1":6,"minecraft:tuff":1,"minecraft:mossy_cobblestone":1,"minecraft:deepslate_diamond_ore":4,"minecraft:grass_block":5,"iceandfire:lectern":2,"minecraft:coal_block":8,"minecraft:smooth_stone":51,"minecraft:raw_iron_block":1,"minecraft:furnace":1,"minecraft:bookshelf":87,"minecraft:vine":1,"minecraft:deepslate_iron_ore":30,"minecraft:lantern":1,"ecologics:walnut_log":8,"iceandfire:podium_spruce":1,"minecraft:stone":13,"minecraft:iron_block":1,"minecraft:smithing_table":2,"minecraft:oak_slab":1,"quark:oak_chest":1,"supplementaries:book_pile":2,"minecraft:smoker":1,"minecraft:crafting_table":1,"iceandfire:ghost_chest":1,"minecraft:campfire":4,"minecraft:tall_grass":1,"minecraft:cobblestone":16,"minecraft:deepslate_gold_ore":9,"minecraft:oak_planks":5,"minecraft:sugar_cane":7,"minecraft:iron_door":1,"supplementaries:urn":1,"placeablesmod:cooked_pork_block":1,"minecraft:wheat":8,"minecraft:yellow_bed":2,"minecraft:smooth_stone_slab":5,"minecraft:grass":4,"minecraft:coal_ore":1,"minecraft:oak_log":35,"minecraft:dirt":12,"minecraft:cobweb":2,"minecraft:stonecutter":1,"minecraft:stone_bricks":2,"minecraft:oak_leaves":1,"minecraft:deepslate":12}},"DataVersion":3465}