{"stats":{"minecraft:broken":{"minecraft:iron_pickaxe":1,"minecraft:iron_helmet":1},"minecraft:killed_by":{"minecraft:pillager":1,"born_in_chaos_v1:corpse_fly":1,"mutantmonsters:mutant_creeper":1,"minecraft:cave_spider":1,"undead_revamp2:bomber":1,"mutantmonsters:creeper_minion":1,"born_in_chaos_v1:pumpkinhead":2,"minecraft:zombie":1,"enemyexpansion:vampflyer":1,"enemyexpansion:invisicreeper":4,"minecraft:player":1,"enemyexpansion:trollenraged":1,"minecraft:skeleton":2,"enemyexpansion:direwolf":2,"undead_revamp2:thebeartamer":1},"minecraft:used":{"quark:ancient_tome":1,"minecraft:iron_shovel":20,"minecraft:shield":39,"minecraft:iron_sword":159,"minecraft:rotten_flesh":4,"born_in_chaos_v1:soul_cutlass":1,"minecraft:tuff":12,"born_in_chaos_v1:corpse_maggot":11,"minecraft:lantern":7,"supplementaries:bomb_blue":1,"minecraft:furnace":3,"luminousworld:autumnplank":30,"minecraft:diorite":14,"minecraft:oak_planks":8,"minecraft:stone_pickaxe":66,"minecraft:wooden_pickaxe":8,"minecraft:diamond_axe":9,"minecraft:bread":67,"minecraft:gravel":6,"minecraft:diamond_sword":177,"minecraft:andesite":8,"minecraft:oak_boat":1,"minecraft:experience_bottle":1,"minecraft:stone_hoe":14,"minecraft:torch":119,"earthmobsmod:harder_flesh":2,"minecraft:dirt":6,"ecologics:seashell":1,"minecraft:iron_axe":56,"tombstone:gift":7,"minecraft:acacia_planks":4,"minecraft:cobbled_deepslate":135,"minecraft:wheat_seeds":87,"minecraft:cooked_mutton":2,"luminousworld:white_oak_plank":2,"minecraft:tnt":2,"minecraft:crafting_table":12,"minecraft:white_bed":2,"tombstone:bag_of_seeds":1,"minecraft:diamond_pickaxe":306,"minecraft:apple":1,"minecraft:oak_button":1,"minecraft:iron_pickaxe":250,"tombstone:magic_scroll":7,"minecraft:stone_axe":72,"minecraft:cobblestone":46,"minecraft:cooked_porkchop":7},"minecraft:crafted":{"minecraft:oak_planks":132,"minecraft:iron_boots":1,"minecraft:oak_button":1,"minecraft:stone_hoe":1,"sophisticatedbackpacks:backpack":1,"minecraft:cooked_porkchop":7,"minecraft:crafting_table":4,"minecraft:iron_helmet":2,"minecraft:wooden_pickaxe":1,"minecraft:string":16,"minecraft:iron_chestplate":1,"minecraft:diamond_pickaxe":1,"minecraft:shield":1,"minecraft:stick":40,"quark:oak_chest":1,"minecraft:iron_pickaxe":1,"minecraft:iron_ingot":30,"minecraft:raw_iron":9,"minecraft:furnace":2,"luminousworld:white_oak_plank":28,"minecraft:stone_pickaxe":1,"minecraft:diamond_boots":1,"minecraft:wheat":117,"luminousworld:autumnplank":28,"minecraft:diamond_sword":1,"minecraft:iron_sword":1,"minecraft:stone_axe":1,"minecraft:bread":69,"minecraft:air":0,"minecraft:iron_shovel":1,"minecraft:iron_leggings":1,"minecraft:acacia_planks":4,"minecraft:torch":84},"minecraft:picked_up":{"minecraft:iron_chestplate":1,"minecraft:wheat":92,"illagerinvasion:platinum_chunk":4,"minecraft:creeper_head":1,"supplementaries:bomb_blue":1,"minecraft:diamond_sword":2,"minecraft:brewing_stand":1,"minecraft:amethyst_block":12,"born_in_chaos_v1:black_argillite":1,"minecraft:string":1,"minecraft:raw_copper":16,"minecraft:iron_leggings":1,"minecraft:zombie_head":4,"minecraft:gold_nugget":12,"minecraft:cobbled_deepslate":168,"minecraft:rose_bush":1,"minecraft:calcite":2,"minecraft:furnace":2,"minecraft:stick":4,"luminousworld:auburnlog":7,"minecraft:torch":45,"minecraft:acacia_log":1,"minecraft:porkchop":7,"tombstone:grave_dust":9,"minecraft:diorite":15,"quark:ancient_tome":3,"minecraft:rotten_flesh":23,"supplementaries:antique_ink":4,"supplementaries:ash":44,"minecraft:cobblestone":85,"minecraft:cooked_beef":5,"minecraft:lilac":1,"minecraft:andesite":12,"minecraft:brown_wool":2,"minecraft:tuff":14,"supplementaries:flax_seeds":3,"minecraft:lapis_lazuli":4,"minecraft:dirt":8,"minecraft:lantern":7,"minecraft:name_tag":1,"minecraft:bone":37,"minecraft:wheat_seeds":416,"minecraft:raw_gold":23,"minecraft:pitcher_pod":1,"minecraft:oak_planks":7,"earthmobsmod:harder_flesh":2,"minecraft:sand":19,"alexsmobs:animal_dictionary":1,"naturalist:duck_egg":1,"minecraft:mossy_cobblestone":1,"minecraft:sugar":2,"minecraft:diamond":9,"minecraft:grass":2,"minecraft:emerald":21,"minecraft:bread":9,"minecraft:oak_sapling":1,"minecraft:crafting_table":11,"born_in_chaos_v1:diamond_termite_shard":10,"ecologics:seashell":1,"minecraft:chain":1,"minecraft:iron_axe":2,"minecraft:item_frame":1,"minecraft:beef":7,"minecraft:oak_boat":1,"minecraft:iron_nugget":11,"minecraft:sugar_cane":10,"luminousworld:white_oak_plank":1,"minecraft:egg":1,"minecraft:raw_iron":135,"born_in_chaos_v1:pieceofdarkmetal":4,"minecraft:redstone":66,"minecraft:iron_horse_armor":1,"minecraft:tnt":2,"minecraft:arrow":5,"minecraft:hay_block":13,"minecraft:bone_block":24,"minecraft:skeleton_skull":1,"born_in_chaos_v1:corpse_maggot":11,"minecraft:air":0,"born_in_chaos_v1:pumpkin_staff":1,"minecraft:glow_ink_sac":12,"luminousworld:ishstone":1,"minecraft:leather":5,"minecraft:filled_map":1,"minecraft:oak_log":33,"iceandfire:ectoplasm":1,"minecraft:gunpowder":16,"tombstone:gift":1,"minecraft:cooked_mutton":2,"born_in_chaos_v1:soul_cutlass":1,"minecraft:apple":1,"minecraft:cobweb":8,"tombstone:bag_of_seeds":1,"minecraft:glass_bottle":2,"luminousworld:autumnplank":2,"minecraft:iron_sword":2,"minecraft:book":108,"minecraft:smooth_basalt":2,"minecraft:dandelion":1,"minecraft:raw_iron_block":1,"minecraft:gravel":7,"minecraft:white_bed":2,"artifacts:scarf_of_invisibility":1,"minecraft:spider_eye":1,"luminousworld:whiteoaklog":7,"minecraft:pumpkin_seeds":1,"minecraft:diamond_axe":4,"minecraft:gray_wool":2,"tombstone:magic_scroll":1,"minecraft:melon_seeds":3,"minecraft:coal":124},"minecraft:dropped":{"minecraft:iron_sword":3,"minecraft:diamond_axe":1,"minecraft:lapis_lazuli":4,"minecraft:glass_bottle":2,"minecraft:crafting_table":1,"minecraft:pitcher_pod":1,"iceandfire:ectoplasm":1,"born_in_chaos_v1:pieceofdarkmetal":2,"minecraft:item_frame":1,"minecraft:emerald":13,"minecraft:dirt":2,"minecraft:grass":2,"minecraft:chain":1,"minecraft:gold_nugget":11,"minecraft:bone_block":12,"minecraft:sugar":2,"quark:ancient_tome":1,"minecraft:gravel":1,"minecraft:sugar_cane":10,"luminousworld:white_oak_plank":27,"minecraft:cobbled_deepslate":33,"alexsmobs:animal_dictionary":2,"minecraft:wheat":2,"tombstone:gift":1,"minecraft:rotten_flesh":21,"minecraft:oak_planks":13,"supplementaries:antique_ink":1,"supplementaries:flax_seeds":3,"supplementaries:ash":44,"minecraft:gunpowder":16,"minecraft:melon_seeds":3,"minecraft:arrow":1,"minecraft:egg":1,"minecraft:stone_hoe":1,"minecraft:enchanted_book":1,"minecraft:bread":15,"minecraft:wheat_seeds":329,"minecraft:lilac":1,"minecraft:mossy_cobblestone":1,"minecraft:cobblestone":8,"born_in_chaos_v1:soul_cutlass":1,"minecraft:stick":1,"minecraft:cobweb":16,"born_in_chaos_v1:pumpkin_staff":1,"minecraft:gray_wool":2,"born_in_chaos_v1:black_argillite":1,"minecraft:diorite":1,"minecraft:rose_bush":1,"minecraft:brown_wool":2,"minecraft:zombie_head":4,"tombstone:grave_dust":2,"minecraft:iron_axe":1,"minecraft:string":1,"minecraft:dandelion":1,"minecraft:smooth_basalt":2,"minecraft:redstone":1,"minecraft:creeper_head":1,"minecraft:raw_copper":16,"minecraft:tuff":2,"minecraft:iron_boots":1,"minecraft:pumpkin_seeds":1,"minecraft:filled_map":2,"aether:iron_gloves":2,"minecraft:iron_chestplate":1,"minecraft:andesite":4,"minecraft:oak_sapling":1,"minecraft:stone_pickaxe":1,"minecraft:wooden_pickaxe":1,"minecraft:calcite":2},"minecraft:custom":{"minecraft:interact_with_crafting_table":47,"minecraft:open_barrel":18,"minecraft:bell_ring":4,"minecraft:leave_game":13,"minecraft:time_since_death":6882,"minecraft:sprint_one_cm":454406,"minecraft:damage_blocked_by_shield":1980,"minecraft:drop":127,"minecraft:talked_to_villager":5,"minecraft:play_time":200284,"minecraft:deaths":23,"minecraft:jump":4358,"minecraft:walk_on_water_one_cm":47030,"minecraft:interact_with_furnace":27,"minecraft:sleep_in_bed":4,"tombstone:sneak_grave":3,"minecraft:damage_dealt":16505,"minecraft:player_kills":4,"minecraft:crouch_one_cm":11839,"tombstone:undead_killed":32,"minecraft:interact_with_smoker":1,"minecraft:interact_with_smithing_table":2,"minecraft:mob_kills":87,"minecraft:interact_with_anvil":2,"minecraft:damage_dealt_resisted":516,"minecraft:climb_one_cm":3710,"minecraft:walk_one_cm":577233,"minecraft:damage_dealt_absorbed":7,"minecraft:sneak_time":4907,"minecraft:walk_under_water_one_cm":17132,"minecraft:boat_one_cm":115993,"minecraft:interact_with_blast_furnace":6,"minecraft:total_world_time":200284,"tombstone:raider_killed":8,"minecraft:time_since_rest":6812,"minecraft:damage_taken":11207,"tombstone:cast_on_ally":1,"minecraft:swim_one_cm":38686,"minecraft:fly_one_cm":866257,"minecraft:open_chest":17,"minecraft:fall_one_cm":120029},"minecraft:killed":{"minecraft:cave_spider":3,"minecraft:witch":1,"born_in_chaos_v1:restless_spirit":1,"born_in_chaos_v1:zombie_lumberjack":1,"minecraft:skeleton":1,"undead_revamp2:therod":1,"artifacts:mimic":2,"minecraft:pig":4,"born_in_chaos_v1:diamond_termite":10,"minecraft:creeper":1,"undead_revamp2:thebidyupside":1,"minecraft:pillager":7,"minecraft:zombie":20,"enemyexpansion:vampire":1,"born_in_chaos_v1:corpse_fly":3,"minecraft:glow_squid":3,"born_in_chaos_v1:door_knight":1,"minecraft:cow":1,"enemyexpansion:intruder":1,"enemyexpansion:direwolf":3,"born_in_chaos_v1:maggot":4,"earthmobsmod:albino_cow":1,"born_in_chaos_v1:baby_skeleton":1,"enemyexpansion:sprinter":2,"undead_revamp2:thesomnolence":1,"iceandfire:ghost":2,"enemyexpansion:slugger":2},"minecraft:mined":{"undead_revamp2:arapholia":1,"minecraft:large_amethyst_bud":4,"minecraft:white_bed":2,"minecraft:brewing_stand":1,"minecraft:budding_amethyst":6,"minecraft:grass_block":4,"born_in_chaos_v1:dark_metal_deposit":1,"minecraft:brown_wool":2,"minecraft:raw_iron_block":1,"minecraft:iron_ore":41,"minecraft:cobbled_deepslate":16,"minecraft:fire":7,"minecraft:small_amethyst_bud":6,"minecraft:deepslate_redstone_ore":11,"supplementaries:book_pile":1,"minecraft:medium_amethyst_bud":2,"born_in_chaos_v1:infected_deepslate_diamond_ore":2,"minecraft:torch":2,"minecraft:calcite":2,"minecraft:cobblestone":8,"minecraft:sugar_cane":7,"minecraft:oak_planks":1,"minecraft:wall_torch":6,"minecraft:amethyst_block":12,"minecraft:cyan_wool":2,"ecologics:seashell":1,"minecraft:wheat":91,"minecraft:lilac":1,"minecraft:grass":18,"minecraft:oak_log":34,"minecraft:sand":19,"minecraft:dirt":6,"luminousworld:grassvariant_3":2,"minecraft:smooth_basalt":2,"minecraft:oak_leaves":4,"minecraft:deepslate":155,"minecraft:tuff":19,"minecraft:mossy_cobblestone":1,"minecraft:deepslate_diamond_ore":9,"born_in_chaos_v1:infected_diamond_ore":3,"born_in_chaos_v1:black_argillite":1,"placeablesmod:gold_nugget_block":1,"luminousworld:grassvariant_2":4,"luminousworld:white_oak_plank":1,"minecraft:hay_block":13,"minecraft:redstone_ore":3,"minecraft:furnace":3,"minecraft:andesite":12,"minecraft:bookshelf":36,"minecraft:deepslate_iron_ore":95,"minecraft:stone":83,"minecraft:glass_pane":1,"minecraft:dandelion":1,"minecraft:crafting_table":9,"minecraft:rose_bush":1,"luminousworld:auburnlog":7,"minecraft:tall_grass":5,"minecraft:deepslate_gold_ore":19,"minecraft:diorite":14,"luminousworld:whiteoaklog":7,"supplementaries:urn":41,"minecraft:gray_wool":2,"minecraft:light_blue_bed":1,"luminousworld:autumnplank":2,"minecraft:coal_ore":62,"luminousworld:ishstone":2,"minecraft:gravel":1}},"DataVersion":3465}