{"stats":{"minecraft:broken":{"mutantmonsters:mutant_skeleton_chestplate":1,"minecraft:iron_leggings":1,"mutantmonsters:mutant_skeleton_leggings":1,"mutantmonsters:mutant_skeleton_boots":1,"minecraft:flint_and_steel":1,"minecraft:shield":1,"minecraft:iron_pickaxe":1,"minecraft:iron_helmet":1},"minecraft:killed_by":{"minecraft:pillager":1,"born_in_chaos_v1:corpse_fly":1,"undead_revamp2:clogger":2,"mutantmonsters:mutant_creeper":1,"minecraft:cave_spider":2,"undead_revamp2:bomber":1,"iceandfire:ice_dragon":15,"mutantmonsters:creeper_minion":1,"born_in_chaos_v1:pumpkinhead":2,"minecraft:zombie":2,"enemyexpansion:vampflyer":1,"iceandfire:fire_dragon":1,"enemyexpansion:invisicreeper":4,"minecraft:player":3,"enemyexpansion:trollenraged":1,"undead_revamp2:thehunter":1,"mowziesmobs:ferrous_wroughtnaut":8,"iceandfire:gorgon":1,"minecraft:skeleton":2,"enemyexpansion:direwolf":2,"undead_revamp2:thebeartamer":1},"minecraft:used":{"quark:ancient_tome":1,"minecraft:iron_shovel":41,"minecraft:shield":45,"minecraft:iron_sword":159,"minecraft:rotten_flesh":4,"born_in_chaos_v1:soul_cutlass":1,"minecraft:tuff":12,"minecraft:obsidian":11,"born_in_chaos_v1:corpse_maggot":13,"minecraft:lantern":7,"supplementaries:bomb_blue":1,"minecraft:sweet_berries":51,"quark:birch_bookshelf":14,"minecraft:furnace":8,"luminousworld:autumnplank":30,"minecraft:diorite":14,"minecraft:oak_planks":8,"minecraft:stone_pickaxe":66,"minecraft:ender_pearl":1,"minecraft:wooden_pickaxe":8,"minecraft:diamond_axe":9,"alexscaves:cave_book":2,"minecraft:bread":67,"minecraft:gravel":16,"iceandfire:ice_dragon_flesh":2,"ecologics:coconut_slice":7,"minecraft:diamond_sword":412,"born_in_chaos_v1:rotten_fish":1,"minecraft:andesite":8,"minecraft:oak_boat":9,"minecraft:experience_bottle":1,"quark:birch_chest":34,"minecraft:enchanting_table":1,"minecraft:flint_and_steel":64,"quark:dark_oak_bookshelf":19,"minecraft:oak_door":5,"minecraft:stone_hoe":14,"minecraft:torch":190,"earthmobsmod:harder_flesh":2,"minecraft:dirt":6,"iceandfire:copper_sword":4,"ecologics:seashell":1,"minecraft:iron_axe":238,"alexscaves:spelunkery_table":2,"luminousworld:raw_venison":2,"tombstone:gift":7,"minecraft:enchanted_golden_apple":1,"minecraft:turtle_egg":1,"minecraft:cooked_beef":15,"minecraft:cobbled_deepslate":135,"minecraft:acacia_planks":4,"minecraft:wheat_seeds":87,"minecraft:cooked_mutton":7,"minecraft:water_bucket":19,"iceandfire:fire_dragon_flesh":2,"minecraft:birch_planks":6,"minecraft:baked_potato":2,"luminousworld:white_oak_plank":2,"minecraft:mossy_cobblestone":2,"minecraft:tnt":2,"minecraft:crafting_table":21,"supplementaries:bomb":4,"minecraft:white_bed":2,"mowziesmobs:wrought_axe":2,"tombstone:bag_of_seeds":1,"minecraft:diamond_pickaxe":535,"minecraft:apple":5,"tombstone:magic_scroll":14,"minecraft:iron_pickaxe":250,"minecraft:map":1,"minecraft:oak_button":1,"minecraft:stone_axe":72,"minecraft:cobblestone":113,"vanillaplustools:iron_hammer":167,"minecraft:cooked_porkchop":8,"minecraft:bucket":20,"minecraft:splash_potion":1},"minecraft:picked_up":{"minecraft:iron_chestplate":1,"minecraft:wheat":92,"illagerinvasion:platinum_chunk":4,"minecraft:creeper_head":1,"minecraft:prismarine_shard":5,"supplementaries:bomb_blue":1,"minecraft:diamond_sword":4,"alexscaves:cave_tablet":1,"minecraft:turtle_egg":1,"minecraft:brewing_stand":1,"minecraft:amethyst_block":12,"born_in_chaos_v1:black_argillite":1,"minecraft:string":58,"mutantmonsters:mutant_skeleton_skull":1,"minecraft:raw_copper":46,"minecraft:iron_leggings":1,"minecraft:zombie_head":4,"minecraft:gold_nugget":250,"minecraft:cobbled_deepslate":658,"minecraft:spruce_planks":1,"minecraft:rose_bush":1,"minecraft:calcite":2,"minecraft:iron_boots":1,"minecraft:furnace":6,"minecraft:stick":16,"luminousworld:auburnlog":7,"minecraft:torch":67,"minecraft:acacia_log":1,"minecraft:porkchop":13,"tombstone:grave_dust":13,"minecraft:diorite":28,"mutantmonsters:mutant_skeleton_pelvis":1,"quark:ancient_tome":3,"minecraft:rotten_flesh":34,"quark:violet_corundum_cluster":1,"supplementaries:antique_ink":4,"supplementaries:ash":65,"mutantmonsters:mutant_skeleton_shoulder_pad":2,"minecraft:obsidian":15,"minecraft:iron_bars":1,"minecraft:cod":1,"minecraft:cobblestone":717,"minecraft:birch_log":90,"minecraft:lilac":1,"minecraft:cooked_beef":5,"minecraft:water_bucket":4,"minecraft:andesite":33,"minecraft:brown_wool":2,"minecraft:flint":1,"alexscaves:cave_book":1,"minecraft:tuff":14,"supplementaries:flax_seeds":3,"luminousworld:raw_venison":3,"luminousworld:purple_petunias":1,"minecraft:horn_coral":1,"minecraft:lapis_lazuli":29,"minecraft:dirt":27,"minecraft:lantern":7,"minecraft:name_tag":1,"minecraft:bone":76,"minecraft:stonecutter":1,"iceandfire:armor_blue_helmet":1,"minecraft:wheat_seeds":416,"minecraft:raw_gold":23,"minecraft:oak_planks":16,"minecraft:pitcher_pod":1,"earthmobsmod:harder_flesh":2,"minecraft:sand":19,"mutantmonsters:mutant_skeleton_leggings":1,"minecraft:dark_oak_log":43,"quark:red_corundum":1,"alexsmobs:animal_dictionary":1,"naturalist:duck_egg":1,"minecraft:mossy_cobblestone":13,"minecraft:sugar":2,"minecraft:diamond":11,"minecraft:granite":1,"minecraft:grass":2,"minecraft:emerald":25,"minecraft:bread":9,"iceandfire:gorgon_head":1,"minecraft:oak_sapling":1,"born_in_chaos_v1:rotten_fish":2,"luminousworld:groundpebbles_1":3,"minecraft:crafting_table":17,"born_in_chaos_v1:diamond_termite_shard":12,"ecologics:seashell":1,"minecraft:stone_brick_wall":2,"iceandfire:frozen_cobblestone":13,"minecraft:chain":1,"iceandfire:frozen_stone":24,"minecraft:iron_axe":3,"minecraft:item_frame":1,"supplementaries:bomb":4,"minecraft:beef":17,"minecraft:oak_boat":7,"minecraft:iron_nugget":11,"minecraft:sugar_cane":18,"minecraft:birch_sapling":4,"luminousworld:white_oak_plank":1,"minecraft:egg":1,"minecraft:raw_iron":195,"luminousworld:spuds":1,"quark:violet_corundum":1,"minecraft:oak_door":2,"ecologics:coconut_slice":8,"minecraft:stone_button":2,"quark:birch_chest":8,"born_in_chaos_v1:pieceofdarkmetal":5,"minecraft:redstone":68,"minecraft:prismarine_crystals":4,"minecraft:iron_horse_armor":1,"iceandfire:dragon_skull_ice":1,"minecraft:tnt":2,"minecraft:arrow":5,"minecraft:hay_block":13,"alexscaves:spelunkery_table":2,"mutantmonsters:mutant_skeleton_rib":6,"minecraft:mutton":5,"minecraft:bone_block":24,"minecraft:skeleton_skull":1,"minecraft:white_wool":6,"born_in_chaos_v1:corpse_maggot":13,"minecraft:air":0,"born_in_chaos_v1:pumpkin_staff":1,"minecraft:glow_ink_sac":12,"luminousworld:ishstone":8,"minecraft:leather":11,"minecraft:filled_map":2,"mutantmonsters:mutant_skeleton_chestplate":1,"minecraft:oak_log":33,"iceandfire:ectoplasm":1,"minecraft:yellow_bed":1,"minecraft:gunpowder":22,"mowziesmobs:wrought_axe":1,"mutantmonsters:mutant_skeleton_limb":8,"tombstone:gift":1,"minecraft:cooked_mutton":2,"born_in_chaos_v1:soul_cutlass":1,"minecraft:apple":1,"minecraft:stone_bricks":11,"minecraft:kelp":50,"minecraft:cobweb":8,"tombstone:bag_of_seeds":1,"minecraft:glass_bottle":2,"luminousworld:autumnplank":2,"minecraft:iron_sword":2,"iceandfire:fire_dragon_flesh":4,"minecraft:book":409,"minecraft:smooth_basalt":2,"quark:red_corundum_cluster":3,"minecraft:sweet_berries":34,"minecraft:dandelion":1,"minecraft:raw_iron_block":1,"minecraft:gravel":20,"mowziesmobs:wrought_helmet":2,"iceandfire:armor_blue_leggings":1,"minecraft:spruce_sapling":8,"minecraft:white_bed":2,"minecraft:spruce_log":1,"artifacts:scarf_of_invisibility":2,"minecraft:spider_eye":3,"quark:blue_corundum_cluster":12,"luminousworld:whiteoaklog":7,"minecraft:pumpkin_seeds":1,"minecraft:slime_ball":1,"minecraft:diamond_axe":4,"mutantmonsters:mutant_skeleton_boots":1,"minecraft:gray_wool":2,"iceandfire:ice_dragon_flesh":2,"tombstone:magic_scroll":2,"minecraft:damaged_anvil":2,"minecraft:melon_seeds":4,"quark:blue_corundum":4,"minecraft:coal":283,"minecraft:ender_pearl":1},"minecraft:crafted":{"mutantmonsters:mutant_skeleton_leggings":1,"minecraft:oak_planks":132,"quark:birch_chest":26,"quark:dark_oak_bookshelf":27,"minecraft:cooked_mutton":5,"mutantmonsters:mutant_skeleton_arms":1,"vanillaplustools:iron_hammer":1,"minecraft:iron_boots":2,"mutantmonsters:mutant_skeleton_boots":1,"minecraft:oak_button":1,"mutantmonsters:mutant_skeleton_rib_cage":1,"minecraft:stone_hoe":1,"sophisticatedbackpacks:backpack":1,"minecraft:cooked_porkchop":8,"minecraft:baked_potato":12,"minecraft:crafting_table":8,"minecraft:wooden_pickaxe":1,"minecraft:iron_helmet":2,"minecraft:birch_planks":308,"minecraft:string":16,"minecraft:iron_chestplate":2,"minecraft:paper":3,"minecraft:diamond_pickaxe":1,"minecraft:shield":1,"minecraft:stick":80,"quark:oak_chest":1,"minecraft:iron_ingot":41,"minecraft:iron_pickaxe":10,"minecraft:gold_ingot":29,"minecraft:oak_door":3,"minecraft:raw_iron":9,"minecraft:furnace":3,"minecraft:flint_and_steel":1,"luminousworld:white_oak_plank":28,"minecraft:stone_pickaxe":1,"minecraft:diamond_boots":1,"minecraft:dark_oak_planks":172,"quark:birch_bookshelf":14,"minecraft:wheat":117,"minecraft:cooked_beef":11,"luminousworld:autumnplank":28,"minecraft:diamond_sword":1,"minecraft:enchanting_table":1,"minecraft:iron_sword":1,"minecraft:bucket":1,"minecraft:stone_axe":1,"minecraft:bread":69,"minecraft:air":0,"minecraft:oak_boat":2,"minecraft:iron_shovel":1,"minecraft:iron_leggings":1,"minecraft:acacia_planks":4,"minecraft:torch":172},"minecraft:dropped":{"minecraft:iron_sword":3,"minecraft:birch_planks":4,"minecraft:diamond_axe":1,"minecraft:lapis_lazuli":4,"quark:blue_corundum":4,"minecraft:glass_bottle":2,"minecraft:crafting_table":3,"luminousworld:spuds":1,"minecraft:pitcher_pod":1,"iceandfire:fire_dragon_flesh":2,"minecraft:leather":7,"iceandfire:ectoplasm":1,"quark:violet_corundum":1,"born_in_chaos_v1:pieceofdarkmetal":3,"minecraft:cod":1,"minecraft:item_frame":1,"minecraft:emerald":13,"minecraft:dirt":7,"quark:violet_corundum_cluster":1,"minecraft:grass":2,"minecraft:stone_button":2,"minecraft:chain":1,"iceandfire:armor_blue_helmet":1,"minecraft:gold_nugget":14,"minecraft:bone_block":12,"minecraft:sand":19,"minecraft:sugar":2,"minecraft:white_wool":5,"minecraft:bone":76,"quark:ancient_tome":1,"minecraft:oak_door":1,"minecraft:gravel":4,"minecraft:sugar_cane":10,"luminousworld:white_oak_plank":27,"alexsmobs:animal_dictionary":2,"minecraft:cobbled_deepslate":34,"minecraft:wheat":2,"tombstone:gift":1,"minecraft:rotten_flesh":27,"minecraft:oak_planks":14,"iceandfire:frozen_stone":24,"supplementaries:antique_ink":1,"supplementaries:flax_seeds":3,"supplementaries:ash":65,"luminousworld:grassflowers":1,"alexscaves:cave_book":1,"minecraft:gunpowder":19,"minecraft:melon_seeds":4,"ecologics:coconut_husk":7,"mutantmonsters:mutant_skeleton_arms":1,"minecraft:iron_bars":1,"minecraft:arrow":2,"artifacts:scarf_of_invisibility":1,"minecraft:egg":1,"minecraft:stone_hoe":1,"minecraft:enchanted_book":1,"minecraft:bread":15,"minecraft:wheat_seeds":329,"minecraft:lilac":1,"luminousworld:ishstone":9,"minecraft:mossy_cobblestone":11,"minecraft:prismarine_shard":5,"minecraft:prismarine_crystals":4,"minecraft:iron_helmet":1,"minecraft:cobblestone":549,"mutantmonsters:mutant_skeleton_boots":1,"minecraft:granite":1,"ecologics:crab_claw":1,"born_in_chaos_v1:soul_cutlass":1,"mowziesmobs:wrought_axe":1,"minecraft:stick":1,"minecraft:cobweb":16,"born_in_chaos_v1:pumpkin_staff":1,"minecraft:gray_wool":2,"born_in_chaos_v1:black_argillite":1,"minecraft:diorite":15,"tombstone:magic_scroll":1,"minecraft:rose_bush":1,"minecraft:brown_wool":2,"minecraft:zombie_head":4,"tombstone:grave_dust":6,"mowziesmobs:wrought_helmet":1,"minecraft:iron_axe":2,"minecraft:string":58,"minecraft:redstone":1,"minecraft:smooth_basalt":2,"minecraft:dandelion":1,"iceandfire:frozen_cobblestone":13,"minecraft:kelp":53,"minecraft:creeper_head":1,"quark:blue_corundum_cluster":12,"minecraft:raw_copper":16,"quark:red_corundum_cluster":3,"minecraft:tuff":2,"born_in_chaos_v1:rotten_fish":1,"minecraft:iron_boots":3,"minecraft:damaged_anvil":2,"minecraft:pumpkin_seeds":1,"minecraft:filled_map":3,"minecraft:diamond_sword":1,"mutantmonsters:mutant_skeleton_rib_cage":1,"aether:iron_gloves":2,"minecraft:spruce_planks":1,"minecraft:iron_chestplate":2,"luminousworld:groundpebbles_1":3,"minecraft:andesite":4,"minecraft:oak_sapling":1,"mutantmonsters:mutant_skeleton_leggings":1,"minecraft:spider_eye":2,"minecraft:stone_bricks":6,"minecraft:diamond_boots":1,"minecraft:slime_ball":1,"minecraft:stone_pickaxe":1,"minecraft:wooden_pickaxe":1,"minecraft:calcite":2,"luminousworld:purple_petunias":1,"quark:red_corundum":1,"mutantmonsters:mutant_skeleton_skull":1},"minecraft:custom":{"minecraft:interact_with_crafting_table":76,"minecraft:open_barrel":19,"minecraft:bell_ring":12,"minecraft:leave_game":15,"minecraft:time_since_death":52054,"minecraft:damage_resisted":112,"minecraft:sprint_one_cm":745755,"minecraft:damage_blocked_by_shield":2190,"minecraft:drop":237,"minecraft:talked_to_villager":5,"minecraft:play_time":359374,"minecraft:deaths":56,"minecraft:jump":6776,"minecraft:walk_on_water_one_cm":99759,"minecraft:interact_with_furnace":61,"minecraft:interact_with_loom":12,"minecraft:sleep_in_bed":5,"tombstone:sneak_grave":3,"minecraft:damage_dealt":24982,"minecraft:player_kills":6,"minecraft:crouch_one_cm":21018,"tombstone:undead_killed":45,"minecraft:interact_with_smoker":17,"minecraft:interact_with_smithing_table":2,"minecraft:interact_with_anvil":2,"minecraft:mob_kills":131,"minecraft:damage_dealt_resisted":516,"minecraft:climb_one_cm":4438,"minecraft:walk_one_cm":1092474,"minecraft:damage_dealt_absorbed":7,"minecraft:sneak_time":10283,"minecraft:walk_under_water_one_cm":66854,"minecraft:boat_one_cm":279572,"minecraft:interact_with_blast_furnace":6,"minecraft:total_world_time":359374,"tombstone:raider_killed":8,"minecraft:time_since_rest":51640,"minecraft:damage_absorbed":160,"minecraft:damage_taken":2147483647,"minecraft:trigger_trapped_chest":1,"tombstone:cast_on_ally":1,"minecraft:swim_one_cm":221257,"minecraft:fly_one_cm":1423418,"minecraft:open_chest":97,"minecraft:fall_one_cm":212404},"minecraft:killed":{"minecraft:cave_spider":7,"minecraft:witch":1,"born_in_chaos_v1:zombie_lumberjack":1,"born_in_chaos_v1:restless_spirit":1,"minecraft:spider":1,"undead_revamp2:theswarmer":1,"naturalist:snail":1,"minecraft:skeleton":4,"undead_revamp2:therod":1,"artifacts:mimic":2,"minecraft:pig":7,"born_in_chaos_v1:diamond_termite":13,"minecraft:creeper":1,"minecraft:sheep":5,"undead_revamp2:thebidyupside":1,"minecraft:pillager":7,"born_in_chaos_v1:zombie_fisherman":1,"minecraft:zombie":26,"enemyexpansion:vampire":1,"born_in_chaos_v1:corpse_fly":3,"minecraft:glow_squid":3,"born_in_chaos_v1:door_knight":1,"enemyexpansion:wasp":1,"minecraft:cow":5,"enemyexpansion:intruder":1,"enemyexpansion:direwolf":5,"born_in_chaos_v1:maggot":4,"iceandfire:fire_dragon":1,"earthmobsmod:albino_cow":3,"born_in_chaos_v1:barrel_zombie":1,"born_in_chaos_v1:baby_skeleton":1,"enemyexpansion:sprinter":2,"undead_revamp2:thesomnolence":1,"iceandfire:ghost":2,"enemyexpansion:huntsman":1,"minecraft:enderman":1,"enemyexpansion:slugger":2},"minecraft:mined":{"undead_revamp2:arapholia":1,"quark:dark_oak_bookshelf":1,"minecraft:large_amethyst_bud":4,"minecraft:spruce_planks":2,"minecraft:white_bed":2,"minecraft:brewing_stand":1,"minecraft:obsidian":20,"minecraft:budding_amethyst":6,"minecraft:stone_brick_wall":4,"minecraft:grass_block":11,"born_in_chaos_v1:dark_metal_deposit":1,"minecraft:brown_wool":2,"minecraft:smooth_stone":1,"quark:birch_bookshelf":14,"minecraft:raw_iron_block":1,"minecraft:iron_ore":62,"minecraft:fire":20,"minecraft:cobbled_deepslate":17,"iceandfire:gold_pile":26,"minecraft:iron_bars":1,"minecraft:small_amethyst_bud":6,"quark:red_corundum_cluster":1,"quark:violet_corundum":1,"minecraft:deepslate_redstone_ore":11,"minecraft:medium_amethyst_bud":2,"luminousworld:purple_petunias":2,"supplementaries:book_pile":1,"minecraft:kelp_plant":3,"minecraft:clay":4,"iceandfire:dragon_ice_spikes":3,"born_in_chaos_v1:infected_deepslate_diamond_ore":3,"minecraft:torch":7,"minecraft:calcite":2,"luminousworld:spuds":4,"quark:blue_corundum_cluster":4,"minecraft:cobblestone":27,"minecraft:oak_planks":1,"minecraft:sugar_cane":11,"minecraft:wall_torch":11,"minecraft:amethyst_block":12,"minecraft:cyan_wool":2,"ecologics:seashell":1,"minecraft:birch_log":92,"minecraft:wheat":91,"minecraft:lilac":1,"minecraft:grass":34,"quark:birch_chest":8,"minecraft:oak_log":34,"minecraft:sand":19,"minecraft:dirt":17,"luminousworld:grassvariant_3":6,"minecraft:smooth_basalt":2,"minecraft:stonecutter":1,"minecraft:oak_leaves":5,"minecraft:deepslate":768,"quark:red_corundum":1,"alexscaves:spelunkery_table":1,"minecraft:tuff":19,"minecraft:mossy_cobblestone":13,"luminousworld:grassvariant_4":3,"minecraft:deepslate_diamond_ore":11,"minecraft:oak_door":2,"minecraft:dark_oak_log":43,"minecraft:sea_lantern":1,"born_in_chaos_v1:infected_diamond_ore":3,"iceandfire:frozen_stone":2,"luminousworld:mossbuds_2":1,"born_in_chaos_v1:black_argillite":1,"minecraft:white_stained_glass":1,"placeablesmod:gold_nugget_block":1,"minecraft:redstone_wire":1,"luminousworld:grassvariant_2":7,"minecraft:spruce_leaves":4,"luminousworld:white_oak_plank":1,"minecraft:moss_block":2,"minecraft:kelp":1,"luminousworld:groundpebbles_3":1,"minecraft:hay_block":13,"minecraft:redstone_ore":3,"minecraft:furnace":7,"minecraft:andesite":36,"iceandfire:chared_gravel":2,"minecraft:bookshelf":36,"minecraft:deepslate_iron_ore":103,"minecraft:vine":1,"minecraft:stone":715,"minecraft:glass_pane":1,"quark:blue_corundum":4,"minecraft:dandelion":1,"minecraft:crafting_table":20,"minecraft:rose_bush":5,"luminousworld:auburnlog":7,"luminousworld:grassflowers":1,"minecraft:copper_ore":10,"minecraft:tall_grass":11,"minecraft:deepslate_coal_ore":8,"minecraft:lapis_ore":4,"minecraft:deepslate_gold_ore":19,"minecraft:sculk":6,"minecraft:diorite":31,"supplementaries:urn":50,"luminousworld:whiteoaklog":7,"minecraft:gray_wool":2,"minecraft:light_blue_bed":1,"minecraft:sweet_berry_bush":13,"minecraft:ice":9,"minecraft:birch_leaves":5,"luminousworld:autumnplank":2,"minecraft:yellow_bed":1,"minecraft:coal_ore":157,"luminousworld:ishstone":10,"minecraft:gravel":14,"minecraft:cobweb":28,"minecraft:stone_bricks":8,"minecraft:fern":2}},"DataVersion":3465}