{"stats":{"minecraft:picked_up":{"minecraft:iron_chestplate":3,"minecraft:creeper_head":1,"minecraft:prismarine_shard":5,"minecraft:diamond_sword":6,"minecraft:brewing_stand":1,"minecraft:amethyst_block":12,"minecraft:string":80,"minecraft:soul_soil":33,"minecraft:red_nether_bricks":2,"minecraft:gold_nugget":250,"minecraft:cobbled_deepslate":4542,"minecraft:spruce_planks":1,"luminousworld:auburnlog":7,"minecraft:acacia_log":1,"mutantmonsters:mutant_skeleton_pelvis":1,"stalwart_dungeons:soul_magma_bricks":1,"supplementaries:ash":83,"minecraft:blaze_rod":234,"minecraft:iron_bars":1,"minecraft:birch_log":171,"minecraft:cooked_beef":5,"minecraft:water_bucket":4,"minecraft:brown_wool":2,"minecraft:flint":20,"luminousworld:raw_venison":3,"luminousworld:purple_petunias":1,"minecraft:lantern":7,"stalwart_dungeons:blaze_armor_scrap":19,"minecraft:stonecutter":1,"iceandfire:armor_blue_helmet":1,"quark:soul_bead":1,"minecraft:glowstone_dust":95,"minecraft:pitcher_pod":1,"mutantmonsters:mutant_skeleton_leggings":1,"minecraft:dark_oak_log":43,"alexsmobs:animal_dictionary":1,"naturalist:duck_egg":1,"minecraft:bundle":2,"stalwart_dungeons:spore_vaporizer":4,"luminousworld:yellowpetunias":1,"minecraft:granite":1,"minecraft:chainmail_helmet":1,"minecraft:bread":11,"iceandfire:gorgon_head":1,"born_in_chaos_v1:rotten_fish":2,"luminousworld:groundpebbles_1":11,"minecraft:crafting_table":19,"minecraft:nether_wart":21,"born_in_chaos_v1:seedof_chaos":2,"ecologics:seashell":1,"supplementaries:bomb":4,"minecraft:cracked_stone_bricks":4,"minecraft:beef":17,"minecraft:iron_nugget":11,"minecraft:spruce_slab":2,"minecraft:birch_sapling":16,"minecraft:egg":1,"luminousworld:spuds":1,"minecraft:oak_door":2,"sophisticatedbackpacks:backpack":1,"stalwart_dungeons:tungsten_sword":2,"minecraft:fire_charge":2,"born_in_chaos_v1:pieceofdarkmetal":11,"minecraft:redstone":112,"iceandfire:armor_blue_boots":2,"minecraft:prismarine_crystals":4,"iceandfire:dragon_skull_ice":1,"minecraft:tnt":2,"luminousworld:decorative_brown_mushroom_1":2,"minecraft:hay_block":13,"stalwart_dungeons:tungsten_axe":1,"minecraft:gold_ingot":10,"minecraft:mutton":5,"minecraft:white_wool":6,"minecraft:bone_block":24,"born_in_chaos_v1:monster_flesh":1,"born_in_chaos_v1:pumpkin_staff":1,"luminousworld:ishstone":13,"minecraft:filled_map":2,"mutantmonsters:mutant_skeleton_chestplate":1,"minecraft:oak_log":41,"mowziesmobs:wrought_axe":1,"mutantmonsters:mutant_skeleton_limb":8,"vanillaplustools:iron_hammer":1,"tombstone:gift":1,"born_in_chaos_v1:soul_cutlass":1,"minecraft:apple":1,"minecraft:stone_bricks":14,"minecraft:kelp":50,"minecraft:cobweb":8,"tombstone:bag_of_seeds":1,"minecraft:glass_bottle":2,"minecraft:iron_sword":4,"minecraft:smooth_basalt":2,"minecraft:sweet_berries":34,"born_in_chaos_v1:ethereal_spirit":2,"minecraft:cracked_nether_bricks":3,"minecraft:gravel":129,"iceandfire:armor_blue_leggings":2,"minecraft:spruce_sapling":8,"minecraft:spruce_log":1,"minecraft:crying_obsidian":2,"quark:blue_corundum_cluster":12,"minecraft:slime_ball":1,"minecraft:diamond_axe":4,"minecraft:gray_wool":2,"iceandfire:ice_dragon_flesh":2,"minecraft:baked_potato":1,"quark:blue_corundum":4,"minecraft:melon_seeds":4,"minecraft:ender_pearl":1,"minecraft:wheat":92,"illagerinvasion:platinum_chunk":4,"supplementaries:bomb_blue":1,"alexscaves:cave_tablet":2,"minecraft:turtle_egg":1,"minecraft:nether_brick":555,"tombstone:grave_key":1,"born_in_chaos_v1:black_argillite":1,"minecraft:raw_copper":46,"mutantmonsters:mutant_skeleton_skull":1,"minecraft:iron_leggings":1,"minecraft:experience_bottle":1,"minecraft:zombie_head":4,"minecraft:bucket":1,"minecraft:rose_bush":1,"minecraft:calcite":2,"minecraft:iron_boots":4,"minecraft:furnace":17,"minecraft:tipped_arrow":1,"minecraft:stick":34,"minecraft:torch":132,"minecraft:porkchop":13,"tombstone:grave_dust":19,"minecraft:diorite":29,"quark:ancient_tome":3,"minecraft:rotten_flesh":46,"quark:violet_corundum_cluster":1,"supplementaries:antique_ink":4,"mutantmonsters:mutant_skeleton_shoulder_pad":2,"minecraft:obsidian":17,"minecraft:cod":1,"minecraft:cobblestone":802,"minecraft:leather_chestplate":1,"minecraft:lilac":1,"minecraft:andesite":55,"minecraft:potato":67,"alexscaves:cave_book":1,"minecraft:tuff":578,"supplementaries:flax_seeds":3,"minecraft:horn_coral":1,"minecraft:dirt":1403,"minecraft:lapis_lazuli":96,"minecraft:name_tag":1,"minecraft:bone":124,"minecraft:wheat_seeds":418,"minecraft:raw_gold":26,"stalwart_dungeons:tungsten_shield":3,"minecraft:mossy_stone_bricks":4,"minecraft:oak_planks":18,"earthmobsmod:harder_flesh":2,"minecraft:sand":19,"minecraft:spectral_arrow":24,"quark:red_corundum":1,"minecraft:mossy_cobblestone":13,"minecraft:sugar":2,"minecraft:diamond":13,"minecraft:cracked_polished_blackstone_bricks":37,"minecraft:grass":2,"minecraft:emerald":31,"minecraft:oak_sapling":1,"minecraft:netherrack":763,"born_in_chaos_v1:diamond_termite_shard":14,"minecraft:stone_brick_wall":2,"iceandfire:frozen_cobblestone":13,"stalwart_dungeons:soul_bricks":24,"minecraft:chain":1,"iceandfire:frozen_stone":24,"minecraft:iron_axe":4,"minecraft:item_frame":1,"minecraft:blackstone":34,"minecraft:oak_boat":7,"luminousworld:white_oak_plank":1,"minecraft:sugar_cane":18,"minecraft:raw_iron":863,"quark:violet_corundum":1,"ecologics:coconut_slice":8,"stalwart_dungeons:ancient_fire":1,"minecraft:polished_blackstone_bricks":110,"minecraft:cookie":5,"minecraft:stone_button":4,"quark:birch_chest":8,"minecraft:iron_horse_armor":1,"minecraft:arrow":22,"stalwart_dungeons:raw_tungsten":13,"minecraft:nether_bricks":46,"alexscaves:spelunkery_table":2,"mutantmonsters:mutant_skeleton_rib":6,"minecraft:skeleton_skull":1,"born_in_chaos_v1:fused_bone":2,"born_in_chaos_v1:corpse_maggot":13,"minecraft:air":0,"minecraft:basalt":9,"minecraft:golden_carrot":11,"minecraft:glow_ink_sac":12,"minecraft:leather":17,"iceandfire:ectoplasm":1,"minecraft:yellow_bed":1,"minecraft:gunpowder":28,"quark:forgotten_hat":1,"minecraft:cooked_mutton":2,"stalwart_dungeons:pusher":1,"minecraft:iron_ingot":43,"luminousworld:white_petunias":1,"luminousworld:autumnplank":2,"iceandfire:fire_dragon_flesh":4,"minecraft:soul_sand":47,"minecraft:book":409,"minecraft:oak_slab":2,"luminousworld:clovers_1":17,"quark:red_corundum_cluster":3,"minecraft:raw_iron_block":5,"minecraft:quartz":6,"stalwart_dungeons:tungsten_ingot":21,"minecraft:dandelion":1,"stalwart_dungeons:soul_tiles":6,"mowziesmobs:wrought_helmet":2,"minecraft:blast_furnace":1,"minecraft:white_bed":2,"minecraft:mossy_stone_brick_slab":1,"artifacts:scarf_of_invisibility":2,"minecraft:spider_eye":3,"luminousworld:whiteoaklog":7,"minecraft:pumpkin_seeds":1,"minecraft:iron_helmet":1,"mutantmonsters:mutant_skeleton_boots":1,"tombstone:magic_scroll":2,"minecraft:damaged_anvil":2,"minecraft:coal":315},"minecraft:custom":{"minecraft:interact_with_crafting_table":130,"minecraft:open_barrel":28,"minecraft:bell_ring":12,"minecraft:leave_game":17,"minecraft:time_since_death":102539,"minecraft:damage_blocked_by_shield":2190,"minecraft:play_time":618494,"minecraft:deaths":104,"minecraft:jump":10354,"minecraft:enchant_item":1,"minecraft:interact_with_furnace":240,"minecraft:sleep_in_bed":5,"tombstone:sneak_grave":10,"minecraft:damage_dealt":64019,"tombstone:undead_killed":96,"minecraft:interact_with_smoker":34,"minecraft:use_cauldron":1,"minecraft:interact_with_smithing_table":5,"minecraft:interact_with_anvil":2,"minecraft:damage_dealt_absorbed":7,"minecraft:sneak_time":28258,"minecraft:interact_with_blast_furnace":23,"minecraft:total_world_time":618494,"tombstone:raider_killed":10,"minecraft:time_since_rest":102353,"tombstone:cast_on_ally":1,"minecraft:swim_one_cm":226259,"minecraft:fly_one_cm":1975808,"minecraft:open_chest":335,"minecraft:fall_one_cm":288454,"minecraft:damage_resisted":169,"minecraft:sprint_one_cm":1071369,"minecraft:drop":469,"minecraft:talked_to_villager":5,"minecraft:walk_on_water_one_cm":105079,"minecraft:interact_with_loom":29,"minecraft:player_kills":6,"minecraft:crouch_one_cm":76856,"minecraft:mob_kills":408,"minecraft:fill_cauldron":1,"minecraft:damage_dealt_resisted":1724,"minecraft:climb_one_cm":4792,"minecraft:walk_one_cm":1918545,"minecraft:walk_under_water_one_cm":67995,"minecraft:boat_one_cm":279572,"minecraft:damage_taken":2147483647,"minecraft:damage_absorbed":160,"minecraft:trigger_trapped_chest":2},"minecraft:broken":{"mutantmonsters:mutant_skeleton_chestplate":1,"minecraft:iron_chestplate":1,"minecraft:iron_leggings":1,"vanillaplustools:iron_shovel":1,"mutantmonsters:mutant_skeleton_boots":1,"aether:iron_gloves":1,"minecraft:chainmail_helmet":1,"minecraft:shield":1,"minecraft:iron_axe":1,"minecraft:iron_pickaxe":1,"minecraft:iron_helmet":1,"vanillaplustools:iron_hammer":4,"mutantmonsters:mutant_skeleton_leggings":1,"iceandfire:armor_blue_boots":1,"stalwart_dungeons:tungsten_helmet":1,"minecraft:flint_and_steel":1},"minecraft:used":{"minecraft:spruce_slab":1,"iceandfire:dragon_skull_ice":1,"minecraft:rotten_flesh":4,"minecraft:soul_sand":31,"born_in_chaos_v1:soul_cutlass":1,"minecraft:lava_bucket":56,"supplementaries:bomb_blue":1,"minecraft:sweet_berries":51,"minecraft:furnace":11,"minecraft:potato":50,"luminousworld:autumnplank":30,"minecraft:diorite":14,"minecraft:blackstone":1,"minecraft:wooden_pickaxe":8,"minecraft:cookie":4,"stalwart_dungeons:soul_bricks":12,"minecraft:diamond_sword":515,"minecraft:oak_boat":9,"minecraft:enchanting_table":1,"quark:dark_oak_bookshelf":19,"minecraft:netherrack":725,"minecraft:torch":361,"earthmobsmod:harder_flesh":2,"iceandfire:copper_sword":4,"ecologics:seashell":1,"minecraft:iron_axe":240,"stalwart_dungeons:tungsten_axe":1,"minecraft:basalt":4,"luminousworld:raw_venison":2,"tombstone:gift":10,"minecraft:acacia_planks":4,"minecraft:cobbled_deepslate":200,"minecraft:wheat_seeds":87,"minecraft:water_bucket":33,"minecraft:birch_planks":6,"luminousworld:white_oak_plank":2,"minecraft:polished_blackstone_bricks":89,"minecraft:mossy_cobblestone":2,"minecraft:tnt":2,"minecraft:crafting_table":26,"supplementaries:bomb":4,"minecraft:white_bed":2,"mowziesmobs:wrought_axe":2,"minecraft:diamond_pickaxe":726,"minecraft:oak_button":1,"minecraft:iron_pickaxe":300,"tombstone:magic_scroll":14,"stalwart_dungeons:tungsten_sword":597,"minecraft:cobblestone":188,"vanillaplustools:iron_hammer":833,"minecraft:cooked_porkchop":8,"quark:ancient_tome":1,"minecraft:iron_shovel":134,"minecraft:shield":45,"minecraft:iron_sword":267,"luminousworld:cooked_venison":1,"minecraft:nether_bricks":60,"minecraft:tuff":17,"minecraft:obsidian":11,"vanillaplustools:iron_shovel":373,"born_in_chaos_v1:corpse_maggot":13,"minecraft:lantern":7,"quark:birch_bookshelf":14,"minecraft:stone_pickaxe":66,"minecraft:oak_planks":8,"minecraft:ender_pearl":1,"minecraft:diamond_axe":103,"alexscaves:cave_book":2,"minecraft:bread":69,"minecraft:string":2,"tombstone:grave_key":29,"iceandfire:ice_dragon_flesh":2,"quark:soul_bead":1,"minecraft:gravel":20,"ecologics:coconut_slice":7,"born_in_chaos_v1:rotten_fish":1,"minecraft:andesite":8,"minecraft:experience_bottle":1,"quark:birch_chest":36,"minecraft:flint_and_steel":64,"minecraft:stone_hoe":14,"minecraft:oak_door":5,"minecraft:dirt":22,"minecraft:iron_hoe":145,"alexscaves:spelunkery_table":2,"minecraft:golden_carrot":23,"minecraft:soul_soil":26,"minecraft:cooked_beef":15,"minecraft:turtle_egg":1,"minecraft:enchanted_golden_apple":1,"minecraft:beetroot_soup":1,"minecraft:cooked_mutton":7,"tombstone:scroll_of_knowledge":2,"iceandfire:fire_dragon_flesh":2,"minecraft:baked_potato":41,"minecraft:red_nether_bricks":2,"tombstone:bag_of_seeds":1,"minecraft:apple":5,"minecraft:cracked_polished_blackstone_bricks":33,"minecraft:map":1,"minecraft:cracked_nether_bricks":1,"minecraft:stone_axe":72,"stalwart_dungeons:soul_tiles":6,"minecraft:bucket":114,"minecraft:yellow_bed":1,"minecraft:splash_potion":1},"minecraft:dropped":{"minecraft:iron_sword":5,"minecraft:lapis_lazuli":4,"quark:blue_corundum":4,"minecraft:glass_bottle":2,"minecraft:crafting_table":3,"minecraft:pitcher_pod":1,"iceandfire:ectoplasm":1,"quark:violet_corundum":1,"minecraft:cracked_stone_bricks":4,"born_in_chaos_v1:pieceofdarkmetal":6,"minecraft:item_frame":1,"minecraft:emerald":13,"born_in_chaos_v1:monster_flesh":1,"minecraft:dirt":19,"minecraft:grass":2,"minecraft:stone_button":3,"minecraft:chain":1,"minecraft:gold_nugget":14,"minecraft:bone_block":12,"minecraft:sand":19,"minecraft:sugar":2,"vanillaplustools:iron_hammer":3,"minecraft:white_wool":5,"quark:ancient_tome":2,"minecraft:bone":124,"minecraft:oak_door":1,"minecraft:note_block":7,"minecraft:sugar_cane":10,"luminousworld:white_oak_plank":27,"minecraft:cobbled_deepslate":2540,"alexsmobs:animal_dictionary":2,"minecraft:nether_brick":398,"minecraft:wheat":2,"minecraft:obsidian":2,"tombstone:gift":1,"minecraft:rotten_flesh":39,"minecraft:oak_planks":14,"minecraft:glowstone_dust":64,"supplementaries:flax_seeds":3,"luminousworld:grassflowers":1,"minecraft:tipped_arrow":2,"alexscaves:cave_book":1,"mutantmonsters:mutant_skeleton_arms":1,"minecraft:spruce_slab":1,"minecraft:crying_obsidian":2,"minecraft:egg":1,"minecraft:iron_ingot":2,"minecraft:enchanted_book":1,"minecraft:wheat_seeds":329,"luminousworld:ishstone":14,"minecraft:prismarine_crystals":4,"minecraft:iron_helmet":1,"minecraft:cobblestone":559,"minecraft:granite":1,"born_in_chaos_v1:soul_cutlass":1,"minecraft:chainmail_helmet":1,"minecraft:coal":1,"minecraft:cobweb":16,"stalwart_dungeons:soul_bricks":12,"minecraft:gray_wool":2,"born_in_chaos_v1:black_argillite":1,"minecraft:golden_carrot":2,"minecraft:rose_bush":1,"mowziesmobs:wrought_helmet":1,"minecraft:string":87,"minecraft:spruce_sapling":13,"iceandfire:frozen_cobblestone":13,"minecraft:furnace":16,"minecraft:creeper_head":1,"minecraft:soul_soil":7,"quark:blue_corundum_cluster":12,"minecraft:bowl":1,"quark:red_corundum_cluster":3,"minecraft:experience_bottle":1,"born_in_chaos_v1:rotten_fish":1,"minecraft:iron_boots":5,"sophisticatedbackpacks:backpack":1,"minecraft:damaged_anvil":2,"minecraft:pumpkin_seeds":1,"minecraft:diamond_sword":1,"minecraft:potato":1,"mutantmonsters:mutant_skeleton_rib_cage":1,"minecraft:spruce_planks":1,"minecraft:bundle":2,"minecraft:diamond_pickaxe":1,"minecraft:yellow_bed":1,"mutantmonsters:mutant_skeleton_leggings":1,"minecraft:spider_eye":2,"minecraft:stone_bricks":9,"mutantmonsters:mutant_skeleton_skull":1,"minecraft:soul_sand":16,"minecraft:birch_planks":4,"stalwart_dungeons:soul_magma_bricks":1,"minecraft:diamond_axe":1,"minecraft:baked_potato":2,"luminousworld:spuds":1,"iceandfire:fire_dragon_flesh":2,"minecraft:leather":7,"stalwart_dungeons:tungsten_shield":3,"iceandfire:gorgon_head":1,"minecraft:cod":1,"quark:violet_corundum_cluster":1,"minecraft:cracked_polished_blackstone_bricks":6,"iceandfire:armor_blue_helmet":1,"minecraft:polished_blackstone_bricks":25,"minecraft:birch_log":2,"minecraft:gold_ingot":32,"minecraft:gravel":44,"minecraft:blackstone":33,"luminousworld:cooked_venison":1,"iceandfire:frozen_stone":24,"minecraft:mossy_stone_brick_slab":1,"supplementaries:antique_ink":1,"minecraft:leather_chestplate":1,"supplementaries:ash":83,"born_in_chaos_v1:seedof_chaos":2,"minecraft:gunpowder":25,"minecraft:melon_seeds":4,"quark:forgotten_hat":1,"ecologics:coconut_husk":7,"minecraft:basalt":4,"minecraft:iron_bars":1,"minecraft:arrow":19,"stalwart_dungeons:pusher":1,"minecraft:cracked_nether_bricks":2,"artifacts:scarf_of_invisibility":1,"minecraft:quartz":6,"minecraft:netherrack":53,"minecraft:stone_hoe":1,"minecraft:bread":15,"minecraft:oak_slab":2,"minecraft:lilac":1,"minecraft:mossy_cobblestone":11,"minecraft:prismarine_shard":5,"mutantmonsters:mutant_skeleton_boots":1,"minecraft:spectral_arrow":24,"ecologics:crab_claw":1,"mowziesmobs:wrought_axe":1,"minecraft:stick":2,"born_in_chaos_v1:pumpkin_staff":1,"minecraft:diorite":16,"tombstone:magic_scroll":1,"minecraft:brown_wool":2,"minecraft:zombie_head":4,"minecraft:fire_charge":2,"tombstone:grave_dust":8,"minecraft:iron_axe":3,"minecraft:dandelion":1,"minecraft:smooth_basalt":2,"minecraft:redstone":10,"minecraft:kelp":53,"minecraft:nether_wart":21,"minecraft:raw_copper":16,"minecraft:tuff":546,"minecraft:filled_map":3,"aether:iron_gloves":2,"luminousworld:groundpebbles_1":3,"minecraft:iron_chestplate":2,"minecraft:andesite":26,"minecraft:mossy_stone_bricks":4,"stalwart_dungeons:tungsten_axe":1,"minecraft:oak_sapling":1,"minecraft:diamond_boots":1,"minecraft:slime_ball":1,"minecraft:stone_pickaxe":1,"minecraft:wooden_pickaxe":1,"minecraft:calcite":2,"luminousworld:purple_petunias":1,"quark:red_corundum":1},"minecraft:killed":{"minecraft:cave_spider":7,"born_in_chaos_v1:restless_spirit":3,"born_in_chaos_v1:zombie_lumberjack":1,"born_in_chaos_v1:skeleton_demoman":2,"born_in_chaos_v1:siamese_skeletonsright":1,"undead_revamp2:theswarmer":1,"minecraft:skeleton":20,"born_in_chaos_v1:skeleton_thrasher":1,"stalwart_dungeons:giddy_blaze":168,"minecraft:pillager":7,"minecraft:zombie":29,"stalwart_dungeons:incomplete_wither":11,"enemyexpansion:vampire":1,"born_in_chaos_v1:corpse_fly":5,"minecraft:glow_squid":3,"born_in_chaos_v1:door_knight":1,"minecraft:cow":5,"illagerinvasion:marauder":2,"stalwart_dungeons:nether_wart_cocoon":8,"earthmobsmod:albino_cow":3,"born_in_chaos_v1:barrel_zombie":1,"enemyexpansion:sprinter":4,"born_in_chaos_v1:decrepit_skeleton":5,"undead_revamp2:thesomnolence":1,"iceandfire:ghost":2,"quark:wraith":1,"minecraft:enderman":2,"minecraft:witch":1,"minecraft:spider":1,"undead_revamp2:thesmoker":1,"naturalist:snail":1,"minecraft:silverfish":4,"undead_revamp2:therod":1,"minecraft:piglin_brute":1,"artifacts:mimic":2,"minecraft:piglin":4,"born_in_chaos_v1:bonescaller":1,"minecraft:pig":7,"born_in_chaos_v1:diamond_termite":18,"minecraft:creeper":2,"minecraft:sheep":5,"undead_revamp2:thebidyupside":1,"born_in_chaos_v1:zombie_fisherman":1,"born_in_chaos_v1:siamese_skeletonsleft":1,"enemyexpansion:wasp":1,"enemyexpansion:intruder":1,"enemyexpansion:direwolf":5,"born_in_chaos_v1:maggot":4,"iceandfire:fire_dragon":1,"undead_revamp2:sucker":1,"enemyexpansion:goblin":1,"born_in_chaos_v1:baby_skeleton":6,"stalwart_dungeons:reinforced_blaze":22,"enemyexpansion:huntsman":1,"enemyexpansion:slugger":2},"minecraft:killed_by":{"minecraft:piglin_brute":1,"minecraft:pillager":1,"stalwart_dungeons:nether_keeper":14,"mutantmonsters:mutant_creeper":1,"born_in_chaos_v1:pumpkinhead":2,"minecraft:zombie":2,"enemyexpansion:vampflyer":1,"stalwart_dungeons:incomplete_wither":4,"enemyexpansion:invisicreeper":5,"stalwart_dungeons:giddy_blaze":19,"enemyexpansion:direwolf":2,"undead_revamp2:thebeartamer":1,"quark:forgotten":1,"born_in_chaos_v1:corpse_fly":1,"undead_revamp2:clogger":2,"minecraft:cave_spider":2,"undead_revamp2:bomber":1,"iceandfire:ice_dragon":15,"mutantmonsters:creeper_minion":1,"stalwart_dungeons:reinforced_blaze":2,"iceandfire:fire_dragon":1,"minecraft:player":3,"enemyexpansion:trollenraged":1,"undead_revamp2:thehunter":1,"mowziesmobs:ferrous_wroughtnaut":8,"iceandfire:gorgon":1,"minecraft:skeleton":3},"minecraft:mined":{"quark:dark_oak_bookshelf":1,"minecraft:white_bed":2,"minecraft:red_nether_bricks":11,"minecraft:obsidian":20,"born_in_chaos_v1:dark_metal_deposit":1,"minecraft:stone_brick_wall":4,"minecraft:brown_wool":2,"minecraft:nether_wart":11,"minecraft:spawner":1,"minecraft:polished_blackstone_bricks":111,"quark:birch_bookshelf":14,"minecraft:magma_block":9,"minecraft:cobbled_deepslate":30,"minecraft:fire":28,"minecraft:deepslate_lapis_ore":9,"iceandfire:gold_pile":26,"minecraft:small_amethyst_bud":6,"stalwart_dungeons:soul_magma_bricks":1,"quark:red_corundum_cluster":1,"minecraft:kelp_plant":3,"minecraft:crimson_nylium":2,"minecraft:soul_fire":15,"born_in_chaos_v1:infected_deepslate_diamond_ore":6,"minecraft:torch":27,"minecraft:blast_furnace":1,"minecraft:sugar_cane":11,"minecraft:amethyst_block":12,"minecraft:cyan_wool":2,"ecologics:seashell":1,"minecraft:wheat":91,"minecraft:lilac":1,"minecraft:grass":37,"quark:birch_chest":8,"luminousworld:grassvariant_3":7,"stalwart_dungeons:pusher":8,"minecraft:smooth_basalt":2,"minecraft:stonecutter":1,"minecraft:deepslate":3670,"quark:red_corundum":1,"minecraft:mossy_cobblestone":13,"stalwart_dungeons:soul_bricks":30,"minecraft:dark_oak_log":43,"minecraft:sea_lantern":1,"minecraft:nether_bricks":46,"born_in_chaos_v1:black_argillite":1,"minecraft:redstone_wire":1,"placeablesmod:gold_nugget_block":1,"luminousworld:grassvariant_2":8,"minecraft:moss_block":2,"minecraft:kelp":1,"minecraft:redstone_ore":3,"iceandfire:chared_gravel":2,"minecraft:andesite":62,"minecraft:potatoes":38,"minecraft:vine":1,"minecraft:oak_slab":2,"minecraft:glass_pane":1,"minecraft:soul_sand":38,"minecraft:stone_brick_slab":3,"minecraft:dandelion":1,"luminousworld:auburnlog":7,"luminousworld:grassflowers":1,"minecraft:tall_grass":11,"minecraft:copper_ore":10,"minecraft:deepslate_gold_ore":26,"minecraft:diorite":33,"stalwart_dungeons:tungsten_ore":15,"luminousworld:whiteoaklog":7,"minecraft:light_blue_bed":1,"minecraft:birch_leaves":9,"luminousworld:autumnplank":2,"luminousworld:ishstone":15,"stalwart_dungeons:igniter":3,"minecraft:gravel":115,"minecraft:cobweb":56,"minecraft:stone_bricks":12,"minecraft:fern":2,"undead_revamp2:arapholia":1,"stalwart_dungeons:spore_vaporizer":7,"minecraft:large_amethyst_bud":4,"minecraft:spruce_planks":2,"minecraft:farmland":2,"minecraft:sculk_vein":27,"minecraft:brewing_stand":1,"minecraft:budding_amethyst":6,"minecraft:grass_block":556,"minecraft:cracked_polished_blackstone_bricks":46,"minecraft:soul_soil":38,"minecraft:frosted_ice":4,"minecraft:smooth_stone":1,"minecraft:raw_iron_block":7,"minecraft:glowstone":42,"minecraft:iron_ore":99,"minecraft:iron_bars":1,"quark:violet_corundum":1,"minecraft:deepslate_redstone_ore":27,"supplementaries:book_pile":1,"luminousworld:purple_petunias":2,"minecraft:medium_amethyst_bud":2,"stalwart_dungeons:transient_block_close":2,"stalwart_dungeons:soul_tiles":8,"minecraft:clay":4,"iceandfire:dragon_ice_spikes":3,"minecraft:calcite":2,"luminousworld:spuds":4,"quark:blue_corundum_cluster":4,"minecraft:cobblestone":64,"minecraft:oak_planks":2,"minecraft:wall_torch":21,"minecraft:birch_log":173,"minecraft:oak_log":41,"minecraft:sand":19,"minecraft:dirt":1287,"minecraft:netherrack":900,"minecraft:oak_leaves":5,"alexscaves:spelunkery_table":1,"minecraft:tuff":808,"minecraft:deepslate_diamond_ore":13,"luminousworld:grassvariant_4":3,"minecraft:oak_door":2,"born_in_chaos_v1:infected_diamond_ore":3,"minecraft:glow_lichen":1,"luminousworld:mossbuds_2":1,"iceandfire:frozen_stone":2,"minecraft:white_stained_glass":1,"minecraft:spruce_leaves":4,"luminousworld:white_oak_plank":1,"minecraft:cracked_nether_bricks":2,"luminousworld:groundpebbles_3":1,"minecraft:hay_block":13,"minecraft:furnace":18,"minecraft:bookshelf":36,"minecraft:deepslate_iron_ore":319,"minecraft:stone":796,"quark:blue_corundum":4,"minecraft:basalt":10,"minecraft:crafting_table":22,"minecraft:rose_bush":5,"minecraft:deepslate_coal_ore":8,"minecraft:lapis_ore":8,"minecraft:sculk":117,"supplementaries:urn":59,"minecraft:gray_wool":2,"minecraft:sweet_berry_bush":13,"minecraft:ice":9,"minecraft:yellow_bed":1,"minecraft:coal_ore":172},"minecraft:crafted":{"mutantmonsters:mutant_skeleton_leggings":1,"quark:birch_chest":29,"quark:dark_oak_bookshelf":27,"minecraft:cooked_mutton":5,"vanillaplustools:iron_hammer":8,"mutantmonsters:mutant_skeleton_boots":1,"stalwart_dungeons:tungsten_sword":1,"minecraft:cooked_porkchop":8,"minecraft:diamond_axe":1,"quark:oak_chest":1,"minecraft:iron_pickaxe":65,"minecraft:gold_ingot":72,"luminousworld:white_oak_plank":28,"minecraft:stone_pickaxe":1,"minecraft:diamond_boots":1,"luminousworld:cooked_venison":2,"minecraft:dark_oak_planks":172,"minecraft:wheat":117,"luminousworld:autumnplank":28,"minecraft:enchanting_table":1,"minecraft:iron_shovel":21,"minecraft:iron_leggings":1,"minecraft:oak_planks":164,"stalwart_dungeons:tungsten_helmet":1,"mutantmonsters:mutant_skeleton_arms":1,"minecraft:iron_boots":2,"minecraft:oak_button":1,"mutantmonsters:mutant_skeleton_rib_cage":1,"minecraft:stone_hoe":1,"sophisticatedbackpacks:backpack":1,"minecraft:crafting_table":10,"minecraft:wooden_pickaxe":1,"minecraft:baked_potato":42,"minecraft:iron_helmet":2,"minecraft:birch_planks":410,"minecraft:string":16,"minecraft:iron_chestplate":2,"minecraft:paper":3,"minecraft:diamond_pickaxe":1,"minecraft:shield":1,"minecraft:stick":336,"minecraft:iron_ingot":524,"minecraft:oak_door":3,"minecraft:raw_iron":414,"vanillaplustools:iron_shovel":2,"minecraft:furnace":10,"minecraft:flint_and_steel":1,"minecraft:iron_hoe":1,"quark:birch_bookshelf":14,"stalwart_dungeons:tungsten_ingot":10,"minecraft:cooked_beef":11,"minecraft:diamond_sword":1,"minecraft:iron_sword":2,"minecraft:nether_bricks":16,"minecraft:bucket":14,"minecraft:stone_axe":1,"minecraft:air":0,"minecraft:bread":69,"minecraft:oak_boat":2,"stalwart_dungeons:tungsten_chestplate":1,"minecraft:acacia_planks":4,"minecraft:torch":272}},"DataVersion":3465}