{"stats":{"minecraft:killed_by":{"minecraft:skeleton":1,"minecraft:zombie":1,"enemyexpansion:vampflyer":1,"undead_revamp2:thebeartamer":1,"enemyexpansion:invisicreeper":2},"minecraft:used":{"minecraft:wheat_seeds":87,"minecraft:stone_pickaxe":66,"minecraft:oak_planks":6,"minecraft:shield":2,"minecraft:wooden_pickaxe":8,"luminousworld:white_oak_plank":2,"minecraft:iron_sword":4,"minecraft:stone_hoe":14,"minecraft:torch":29,"minecraft:dirt":1,"minecraft:crafting_table":6,"minecraft:white_bed":2,"minecraft:apple":1,"minecraft:lantern":7,"minecraft:bread":9,"minecraft:iron_pickaxe":15,"minecraft:stone_axe":72,"minecraft:cobblestone":4,"minecraft:furnace":1,"minecraft:andesite":3,"tombstone:gift":4},"minecraft:crafted":{"minecraft:oak_planks":68,"minecraft:crafting_table":2,"minecraft:wooden_pickaxe":1,"minecraft:iron_sword":1,"minecraft:furnace":1,"minecraft:stone_axe":1,"minecraft:bread":69,"minecraft:air":0,"minecraft:shield":1,"luminousworld:white_oak_plank":28,"minecraft:stick":20,"minecraft:iron_ingot":6,"minecraft:iron_pickaxe":1,"minecraft:stone_pickaxe":1,"minecraft:torch":32,"minecraft:stone_hoe":1,"minecraft:wheat":117},"minecraft:picked_up":{"minecraft:crafting_table":6,"minecraft:wheat":92,"minecraft:andesite":3,"minecraft:oak_log":17,"minecraft:brewing_stand":1,"minecraft:gunpowder":1,"minecraft:dirt":2,"minecraft:lantern":7,"minecraft:item_frame":1,"minecraft:apple":1,"minecraft:wheat_seeds":248,"minecraft:cobbled_deepslate":27,"minecraft:raw_gold":3,"minecraft:rose_bush":1,"minecraft:sugar_cane":10,"luminousworld:white_oak_plank":1,"minecraft:oak_planks":1,"minecraft:furnace":1,"minecraft:book":78,"minecraft:stick":4,"minecraft:raw_iron":16,"minecraft:torch":7,"minecraft:dandelion":1,"minecraft:white_bed":2,"luminousworld:whiteoaklog":7,"minecraft:rotten_flesh":8,"minecraft:hay_block":13,"minecraft:emerald":1,"minecraft:oak_sapling":1,"minecraft:coal":19,"minecraft:cobblestone":45},"minecraft:dropped":{"minecraft:crafting_table":1,"minecraft:cobblestone":4,"minecraft:item_frame":1},"minecraft:custom":{"minecraft:interact_with_furnace":5,"minecraft:mob_kills":5,"minecraft:interact_with_crafting_table":24,"minecraft:open_barrel":1,"minecraft:bell_ring":3,"minecraft:leave_game":3,"minecraft:time_since_death":1970,"minecraft:sleep_in_bed":3,"minecraft:climb_one_cm":825,"minecraft:time_since_rest":1407,"minecraft:sprint_one_cm":77940,"minecraft:damage_taken":2285,"minecraft:walk_one_cm":97325,"minecraft:damage_blocked_by_shield":45,"minecraft:drop":5,"minecraft:damage_dealt":1194,"minecraft:swim_one_cm":10150,"minecraft:talked_to_villager":4,"minecraft:fly_one_cm":134409,"minecraft:open_chest":3,"minecraft:crouch_one_cm":2916,"minecraft:play_time":35372,"tombstone:undead_killed":2,"minecraft:deaths":6,"minecraft:sneak_time":1219,"minecraft:walk_under_water_one_cm":544,"minecraft:jump":530,"minecraft:walk_on_water_one_cm":2611,"minecraft:total_world_time":35372,"minecraft:fall_one_cm":13983},"minecraft:killed":{"enemyexpansion:direwolf":1,"minecraft:zombie":2,"artifacts:mimic":1},"minecraft:mined":{"minecraft:white_bed":2,"minecraft:dandelion":1,"minecraft:brewing_stand":1,"minecraft:crafting_table":5,"minecraft:grass_block":2,"minecraft:rose_bush":1,"luminousworld:grassvariant_2":1,"minecraft:tall_grass":2,"minecraft:cobblestone":2,"minecraft:deepslate_gold_ore":3,"luminousworld:white_oak_plank":1,"minecraft:sugar_cane":7,"minecraft:oak_planks":1,"minecraft:wall_torch":6,"luminousworld:whiteoaklog":7,"minecraft:hay_block":13,"minecraft:furnace":1,"minecraft:iron_ore":6,"minecraft:wheat":91,"minecraft:andesite":3,"minecraft:grass":5,"minecraft:bookshelf":26,"minecraft:oak_log":18,"minecraft:coal_ore":14,"minecraft:deepslate_iron_ore":10,"luminousworld:grassvariant_3":2,"minecraft:stone":20,"minecraft:deepslate":27}},"DataVersion":3465}