{"stats":{"minecraft:mined":{"minecraft:grass_block":8,"minecraft:snow":8,"minecraft:dirt":24},"minecraft:used":{"twilightforest:naga_trophy":1,"minecraft:water_bucket":1,"alexsmobs:spawn_egg_skunk":1,"alexsmobs:spawn_egg_triops":1,"twilightforest:ice_bow":3,"twilightforest:hydra_boss_spawner":1,"twilightforest:glass_sword":13,"alexscaves:depth_charge":12,"alexscaves:spawn_egg_hullbreaker":1,"alexsmobs:spawn_egg_farseer":10,"alexsmobs:spawn_egg_skreecher":1,"alexsmobs:spawn_egg_orca":1,"twilightforest:final_boss_boss_spawner":2,"alexsmobs:spawn_egg_centipede":1,"minecraft:redstone_torch":1,"twilightforest:ur_ghast_trophy":1,"alexsmobs:spawn_egg_murmur":1,"twilightforest:minoshroom_boss_spawner":1,"alexscaves:sea_staff":57,"twilightforest:seeker_bow":2,"twilightforest:snow_queen_boss_spawner":1,"twilightforest:ender_bow":7,"twilightforest:naga_boss_spawner":1,"twilightforest:knight_phantom_trophy":1,"twilightforest:triple_bow":6,"alexsmobs:spawn_egg_flutter":1,"minecraft:glowstone":15,"twilightforest:giant_sword":24,"alexsmobs:spawn_egg_caiman":3,"twilightforest:ur_ghast_boss_spawner":1,"alexsmobs:spawn_egg_froststalker":1,"twilightforest:lich_boss_spawner":1,"alexsmobs:spawn_egg_giant_squid":1,"alexscaves:nuclear_bomb":1},"minecraft:picked_up":{"quark:diamond_heart":1,"born_in_chaos_v1:corpse_maggot":1,"alexsmobs:spawn_egg_triops":1,"minecraft:air":0,"minecraft:feather":10,"born_in_chaos_v1:monster_flesh":1,"minecraft:flower_pot":1,"minecraft:glow_ink_sac":23,"minecraft:jungle_log":1,"minecraft:salmon":2,"minecraft:leather":2,"minecraft:oak_log":1,"minecraft:gunpowder":13,"minecraft:dirt":160,"minecraft:string":2,"minecraft:moss_carpet":1,"minecraft:raw_copper":7,"artifacts:feral_claws":1,"minecraft:name_tag":1,"artifacts:shock_pendant":1,"born_in_chaos_v1:monster_skin":1,"minecraft:bone":34,"minecraft:zombie_head":1,"alexscaves:scrap_metal":4,"alexscaves:immortal_embryo":1,"alexscaves:toxic_paste":2,"artifacts:aqua_dashers":1,"minecraft:iron_ingot":1,"alexscaves:green_soylent":1,"minecraft:redstone_torch":4,"minecraft:azalea":1,"minecraft:sugar_cane":23,"alexscaves:enigmatic_engine":1,"minecraft:stone":3,"luminousworld:clovers_1":3,"quark:shale":5,"minecraft:copper_ingot":4,"minecraft:torch":8,"earthmobsmod:harder_flesh":1,"minecraft:gravel":1,"iceandfire:shiny_scales":4,"minecraft:porkchop":2,"minecraft:sand":15,"minecraft:stone_button":1,"minecraft:spruce_sapling":4,"minecraft:spruce_log":4,"minecraft:dark_oak_log":1,"alexsmobs:animal_dictionary":1,"artifacts:helium_flamingo":1,"artifacts:snorkel":1,"minecraft:arrow":19,"artifacts:lucky_scarf":1,"minecraft:rotten_flesh":11,"vanillaplustools:netherite_shovel":1,"minecraft:deepslate":1,"minecraft:red_tulip":1,"minecraft:bone_meal":3,"alexscaves:sea_glass_shards":3,"artifacts:pocket_piston":1,"supplementaries:ash":23,"minecraft:snowball":30,"minecraft:cobblestone":13,"minecraft:ender_pearl":1},"minecraft:dropped":{"vanillaplustools:netherite_shovel":2,"alexsmobs:spawn_egg_skunk":1,"minecraft:rotten_flesh":2,"alexsmobs:spawn_egg_triops":2,"alexsmobs:spawn_egg_murmur":1,"quark:shale":1,"alexsmobs:spawn_egg_skreecher":1,"minecraft:stone":2,"alexsmobs:spawn_egg_froststalker":1,"tombstone:grave_key":1,"minecraft:redstone_torch":1,"twilightforest:moonworm_queen":1,"alexsmobs:spawn_egg_giant_squid":1,"alexsmobs:spawn_egg_flutter":1},"minecraft:killed":{"luminousworld:firefly":1,"enemyexpansion:goblin_fear":30,"twilightforest:ur_ghast":1},"minecraft:custom":{"minecraft:mob_kills":36,"minecraft:time_since_death":2486,"minecraft:time_since_rest":188,"minecraft:sprint_one_cm":897,"minecraft:walk_one_cm":29435,"minecraft:drop":18,"minecraft:fly_one_cm":262725,"minecraft:crouch_one_cm":705,"minecraft:play_time":28830,"minecraft:deaths":3,"minecraft:sneak_time":842,"minecraft:walk_under_water_one_cm":3287,"minecraft:jump":83,"minecraft:walk_on_water_one_cm":1483,"minecraft:total_world_time":28830}},"DataVersion":3465}