{"stats":{"minecraft:used":{"minecraft:wheat_seeds":87,"minecraft:apple":1,"minecraft:lantern":5,"minecraft:bread":3,"minecraft:stone_pickaxe":10,"minecraft:oak_planks":4,"minecraft:wooden_pickaxe":8,"minecraft:stone_hoe":14,"minecraft:stone_axe":59,"minecraft:dirt":1,"minecraft:crafting_table":4,"minecraft:white_bed":1},"minecraft:crafted":{"minecraft:oak_planks":68,"minecraft:crafting_table":2,"minecraft:stick":8,"minecraft:wooden_pickaxe":1,"minecraft:stone_pickaxe":1,"minecraft:stone_hoe":1,"minecraft:stone_axe":1,"minecraft:bread":69,"minecraft:wheat":117},"minecraft:picked_up":{"minecraft:book":78,"minecraft:crafting_table":4,"minecraft:wheat":92,"minecraft:oak_log":17,"minecraft:brewing_stand":1,"minecraft:white_bed":2,"minecraft:dirt":2,"minecraft:lantern":7,"luminousworld:whiteoaklog":7,"minecraft:item_frame":1,"minecraft:apple":1,"minecraft:wheat_seeds":248,"minecraft:hay_block":13,"minecraft:emerald":1,"minecraft:oak_sapling":1,"minecraft:oak_planks":1,"minecraft:cobblestone":17},"minecraft:dropped":{"minecraft:crafting_table":1,"minecraft:cobblestone":4,"minecraft:item_frame":1},"minecraft:custom":{"minecraft:time_since_rest":4568,"minecraft:sprint_one_cm":46134,"minecraft:damage_taken":110,"minecraft:walk_one_cm":59073,"minecraft:mob_kills":1,"minecraft:drop":5,"minecraft:damage_dealt":258,"minecraft:talked_to_villager":4,"minecraft:swim_one_cm":3536,"minecraft:interact_with_crafting_table":15,"minecraft:fly_one_cm":60831,"minecraft:open_chest":3,"minecraft:crouch_one_cm":1838,"minecraft:play_time":17726,"minecraft:sneak_time":488,"minecraft:walk_under_water_one_cm":303,"minecraft:jump":241,"minecraft:time_since_death":17726,"minecraft:walk_on_water_one_cm":1487,"minecraft:sleep_in_bed":1,"minecraft:climb_one_cm":825,"minecraft:total_world_time":17726,"minecraft:fall_one_cm":6926},"minecraft:killed":{"enemyexpansion:direwolf":1},"minecraft:mined":{"luminousworld:whiteoaklog":7,"minecraft:hay_block":13,"minecraft:white_bed":2,"minecraft:wheat":91,"minecraft:brewing_stand":1,"minecraft:crafting_table":3,"minecraft:grass":5,"minecraft:bookshelf":26,"minecraft:grass_block":2,"minecraft:oak_log":18,"luminousworld:grassvariant_2":1,"luminousworld:grassvariant_3":2,"minecraft:tall_grass":1,"minecraft:stone":17,"minecraft:oak_planks":1}},"DataVersion":3465}