{"stats":{"minecraft:broken":{"minecraft:shield":1,"minecraft:iron_pickaxe":1,"minecraft:iron_helmet":1},"minecraft:killed_by":{"minecraft:pillager":1,"born_in_chaos_v1:corpse_fly":1,"mutantmonsters:mutant_creeper":1,"minecraft:cave_spider":1,"undead_revamp2:bomber":1,"mutantmonsters:creeper_minion":1,"born_in_chaos_v1:pumpkinhead":2,"minecraft:zombie":1,"enemyexpansion:vampflyer":1,"enemyexpansion:invisicreeper":4,"minecraft:player":1,"enemyexpansion:trollenraged":1,"minecraft:skeleton":2,"enemyexpansion:direwolf":2,"undead_revamp2:thebeartamer":1},"minecraft:used":{"quark:ancient_tome":1,"minecraft:iron_shovel":20,"minecraft:shield":45,"minecraft:iron_sword":159,"minecraft:rotten_flesh":4,"born_in_chaos_v1:soul_cutlass":1,"minecraft:tuff":12,"born_in_chaos_v1:corpse_maggot":13,"minecraft:lantern":7,"supplementaries:bomb_blue":1,"minecraft:furnace":4,"luminousworld:autumnplank":30,"minecraft:diorite":14,"minecraft:oak_planks":8,"minecraft:stone_pickaxe":66,"minecraft:ender_pearl":1,"minecraft:wooden_pickaxe":8,"minecraft:diamond_axe":9,"minecraft:bread":67,"minecraft:gravel":6,"minecraft:diamond_sword":232,"minecraft:andesite":8,"minecraft:oak_boat":5,"minecraft:experience_bottle":1,"minecraft:stone_hoe":14,"minecraft:torch":130,"earthmobsmod:harder_flesh":2,"minecraft:dirt":6,"ecologics:seashell":1,"minecraft:iron_axe":57,"tombstone:gift":7,"minecraft:cooked_beef":5,"minecraft:cobbled_deepslate":135,"minecraft:acacia_planks":4,"minecraft:wheat_seeds":87,"minecraft:cooked_mutton":2,"luminousworld:white_oak_plank":2,"minecraft:tnt":2,"minecraft:crafting_table":16,"minecraft:white_bed":2,"tombstone:bag_of_seeds":1,"minecraft:diamond_pickaxe":328,"minecraft:apple":5,"minecraft:oak_button":1,"minecraft:iron_pickaxe":250,"minecraft:map":1,"tombstone:magic_scroll":14,"minecraft:stone_axe":72,"minecraft:cobblestone":47,"minecraft:cooked_porkchop":8},"minecraft:picked_up":{"minecraft:iron_chestplate":1,"minecraft:wheat":92,"illagerinvasion:platinum_chunk":4,"minecraft:creeper_head":1,"supplementaries:bomb_blue":1,"minecraft:diamond_sword":2,"minecraft:brewing_stand":1,"minecraft:amethyst_block":12,"born_in_chaos_v1:black_argillite":1,"minecraft:string":7,"mutantmonsters:mutant_skeleton_skull":1,"minecraft:raw_copper":16,"minecraft:iron_leggings":1,"minecraft:zombie_head":4,"minecraft:gold_nugget":12,"minecraft:cobbled_deepslate":168,"minecraft:rose_bush":1,"minecraft:calcite":2,"minecraft:furnace":3,"minecraft:stick":4,"luminousworld:auburnlog":7,"minecraft:torch":49,"minecraft:acacia_log":1,"minecraft:porkchop":13,"tombstone:grave_dust":10,"minecraft:diorite":15,"mutantmonsters:mutant_skeleton_pelvis":1,"quark:ancient_tome":3,"minecraft:rotten_flesh":23,"supplementaries:antique_ink":4,"supplementaries:ash":44,"mutantmonsters:mutant_skeleton_shoulder_pad":2,"minecraft:cobblestone":91,"minecraft:cooked_beef":5,"minecraft:lilac":1,"minecraft:andesite":12,"minecraft:brown_wool":2,"minecraft:tuff":14,"supplementaries:flax_seeds":3,"minecraft:lapis_lazuli":4,"minecraft:dirt":9,"minecraft:lantern":7,"minecraft:name_tag":1,"minecraft:bone":37,"minecraft:wheat_seeds":416,"minecraft:raw_gold":23,"minecraft:pitcher_pod":1,"minecraft:oak_planks":16,"earthmobsmod:harder_flesh":2,"minecraft:sand":19,"mutantmonsters:mutant_skeleton_leggings":1,"alexsmobs:animal_dictionary":1,"naturalist:duck_egg":1,"minecraft:mossy_cobblestone":1,"minecraft:sugar":2,"minecraft:diamond":9,"minecraft:grass":2,"minecraft:emerald":21,"minecraft:bread":9,"minecraft:oak_sapling":1,"luminousworld:groundpebbles_1":1,"minecraft:crafting_table":13,"born_in_chaos_v1:diamond_termite_shard":10,"ecologics:seashell":1,"minecraft:stone_brick_wall":2,"minecraft:chain":1,"minecraft:iron_axe":2,"minecraft:item_frame":1,"minecraft:beef":17,"minecraft:oak_boat":4,"minecraft:iron_nugget":11,"minecraft:sugar_cane":10,"luminousworld:white_oak_plank":1,"minecraft:egg":1,"minecraft:raw_iron":135,"minecraft:stone_button":1,"born_in_chaos_v1:pieceofdarkmetal":4,"minecraft:redstone":66,"minecraft:iron_horse_armor":1,"minecraft:tnt":2,"minecraft:arrow":5,"minecraft:hay_block":13,"mutantmonsters:mutant_skeleton_rib":6,"minecraft:bone_block":24,"minecraft:skeleton_skull":1,"born_in_chaos_v1:corpse_maggot":13,"minecraft:air":0,"born_in_chaos_v1:pumpkin_staff":1,"minecraft:glow_ink_sac":12,"luminousworld:ishstone":1,"minecraft:leather":11,"minecraft:filled_map":1,"mutantmonsters:mutant_skeleton_chestplate":1,"minecraft:oak_log":33,"iceandfire:ectoplasm":1,"minecraft:gunpowder":16,"mutantmonsters:mutant_skeleton_limb":8,"tombstone:gift":1,"minecraft:cooked_mutton":2,"born_in_chaos_v1:soul_cutlass":1,"minecraft:apple":1,"minecraft:stone_bricks":5,"minecraft:cobweb":8,"tombstone:bag_of_seeds":1,"minecraft:glass_bottle":2,"luminousworld:autumnplank":2,"minecraft:iron_sword":2,"minecraft:book":108,"minecraft:smooth_basalt":2,"minecraft:dandelion":1,"minecraft:raw_iron_block":1,"minecraft:gravel":8,"minecraft:white_bed":2,"artifacts:scarf_of_invisibility":1,"minecraft:spider_eye":1,"luminousworld:whiteoaklog":7,"minecraft:pumpkin_seeds":1,"minecraft:slime_ball":1,"minecraft:diamond_axe":4,"mutantmonsters:mutant_skeleton_boots":1,"minecraft:gray_wool":2,"tombstone:magic_scroll":1,"minecraft:melon_seeds":3,"minecraft:coal":126,"minecraft:ender_pearl":1},"minecraft:crafted":{"mutantmonsters:mutant_skeleton_leggings":1,"minecraft:oak_planks":132,"mutantmonsters:mutant_skeleton_arms":1,"minecraft:iron_boots":1,"mutantmonsters:mutant_skeleton_boots":1,"minecraft:oak_button":1,"mutantmonsters:mutant_skeleton_rib_cage":1,"minecraft:stone_hoe":1,"sophisticatedbackpacks:backpack":1,"minecraft:cooked_porkchop":8,"minecraft:crafting_table":5,"minecraft:iron_helmet":2,"minecraft:wooden_pickaxe":1,"minecraft:string":16,"minecraft:iron_chestplate":1,"minecraft:diamond_pickaxe":1,"minecraft:shield":1,"minecraft:stick":48,"quark:oak_chest":1,"minecraft:iron_ingot":30,"minecraft:iron_pickaxe":1,"minecraft:raw_iron":9,"minecraft:furnace":2,"luminousworld:white_oak_plank":28,"minecraft:stone_pickaxe":1,"minecraft:diamond_boots":1,"minecraft:wheat":117,"minecraft:cooked_beef":11,"luminousworld:autumnplank":28,"minecraft:diamond_sword":1,"minecraft:iron_sword":1,"minecraft:stone_axe":1,"minecraft:bread":69,"minecraft:air":0,"minecraft:oak_boat":2,"minecraft:iron_shovel":1,"minecraft:iron_leggings":1,"minecraft:acacia_planks":4,"minecraft:torch":100},"minecraft:dropped":{"minecraft:iron_sword":3,"minecraft:diamond_axe":1,"minecraft:lapis_lazuli":4,"minecraft:glass_bottle":2,"minecraft:crafting_table":1,"minecraft:pitcher_pod":1,"iceandfire:ectoplasm":1,"born_in_chaos_v1:pieceofdarkmetal":2,"minecraft:item_frame":1,"minecraft:emerald":13,"minecraft:dirt":3,"minecraft:grass":2,"minecraft:chain":1,"minecraft:gold_nugget":11,"minecraft:bone_block":12,"minecraft:sand":19,"minecraft:sugar":2,"quark:ancient_tome":1,"minecraft:gravel":2,"minecraft:sugar_cane":10,"luminousworld:white_oak_plank":27,"alexsmobs:animal_dictionary":2,"minecraft:cobbled_deepslate":33,"minecraft:wheat":2,"tombstone:gift":1,"minecraft:rotten_flesh":21,"minecraft:oak_planks":13,"supplementaries:antique_ink":1,"supplementaries:flax_seeds":3,"supplementaries:ash":44,"minecraft:gunpowder":16,"minecraft:melon_seeds":3,"mutantmonsters:mutant_skeleton_arms":1,"minecraft:arrow":1,"minecraft:egg":1,"minecraft:enchanted_book":1,"minecraft:stone_hoe":1,"minecraft:bread":15,"minecraft:wheat_seeds":329,"minecraft:lilac":1,"minecraft:mossy_cobblestone":1,"minecraft:cobblestone":8,"mutantmonsters:mutant_skeleton_boots":1,"born_in_chaos_v1:soul_cutlass":1,"minecraft:stick":1,"minecraft:cobweb":16,"born_in_chaos_v1:pumpkin_staff":1,"minecraft:gray_wool":2,"born_in_chaos_v1:black_argillite":1,"minecraft:diorite":1,"minecraft:rose_bush":1,"minecraft:brown_wool":2,"minecraft:zombie_head":4,"tombstone:grave_dust":2,"minecraft:iron_axe":1,"minecraft:string":1,"minecraft:dandelion":1,"minecraft:smooth_basalt":2,"minecraft:redstone":1,"minecraft:creeper_head":1,"minecraft:raw_copper":16,"minecraft:tuff":2,"minecraft:iron_boots":1,"minecraft:pumpkin_seeds":1,"minecraft:filled_map":3,"mutantmonsters:mutant_skeleton_rib_cage":1,"aether:iron_gloves":2,"minecraft:iron_chestplate":2,"luminousworld:groundpebbles_1":1,"minecraft:andesite":4,"minecraft:oak_sapling":1,"mutantmonsters:mutant_skeleton_leggings":1,"minecraft:diamond_boots":1,"minecraft:stone_pickaxe":1,"minecraft:wooden_pickaxe":1,"minecraft:calcite":2},"minecraft:custom":{"minecraft:interact_with_crafting_table":54,"minecraft:open_barrel":18,"minecraft:bell_ring":12,"minecraft:leave_game":14,"minecraft:time_since_death":40408,"minecraft:sprint_one_cm":531600,"minecraft:damage_blocked_by_shield":2190,"minecraft:drop":138,"minecraft:talked_to_villager":5,"minecraft:play_time":233810,"minecraft:deaths":23,"minecraft:jump":4939,"minecraft:walk_on_water_one_cm":48431,"minecraft:interact_with_furnace":39,"minecraft:sleep_in_bed":5,"tombstone:sneak_grave":3,"minecraft:damage_dealt":18439,"minecraft:player_kills":5,"minecraft:crouch_one_cm":12401,"tombstone:undead_killed":32,"minecraft:interact_with_smoker":1,"minecraft:interact_with_smithing_table":2,"minecraft:mob_kills":102,"minecraft:interact_with_anvil":2,"minecraft:damage_dealt_resisted":516,"minecraft:climb_one_cm":3710,"minecraft:walk_one_cm":668810,"minecraft:damage_dealt_absorbed":7,"minecraft:sneak_time":5092,"minecraft:walk_under_water_one_cm":17779,"minecraft:boat_one_cm":150103,"minecraft:interact_with_blast_furnace":6,"minecraft:total_world_time":233810,"tombstone:raider_killed":8,"minecraft:time_since_rest":15835,"minecraft:damage_taken":12099,"tombstone:cast_on_ally":1,"minecraft:swim_one_cm":39011,"minecraft:fly_one_cm":1019201,"minecraft:open_chest":21,"minecraft:fall_one_cm":150216},"minecraft:killed":{"minecraft:cave_spider":3,"minecraft:witch":1,"born_in_chaos_v1:restless_spirit":1,"born_in_chaos_v1:zombie_lumberjack":1,"naturalist:snail":1,"minecraft:skeleton":1,"undead_revamp2:therod":1,"artifacts:mimic":2,"minecraft:pig":7,"born_in_chaos_v1:diamond_termite":10,"minecraft:creeper":1,"undead_revamp2:thebidyupside":1,"minecraft:pillager":7,"minecraft:zombie":20,"enemyexpansion:vampire":1,"born_in_chaos_v1:corpse_fly":3,"minecraft:glow_squid":3,"born_in_chaos_v1:door_knight":1,"enemyexpansion:wasp":1,"minecraft:cow":5,"enemyexpansion:intruder":1,"enemyexpansion:direwolf":4,"born_in_chaos_v1:maggot":4,"earthmobsmod:albino_cow":3,"born_in_chaos_v1:baby_skeleton":1,"enemyexpansion:sprinter":2,"undead_revamp2:thesomnolence":1,"iceandfire:ghost":2,"minecraft:enderman":1,"enemyexpansion:slugger":2},"minecraft:mined":{"undead_revamp2:arapholia":1,"minecraft:large_amethyst_bud":4,"minecraft:white_bed":2,"minecraft:brewing_stand":1,"minecraft:budding_amethyst":6,"minecraft:grass_block":5,"born_in_chaos_v1:dark_metal_deposit":1,"minecraft:stone_brick_wall":4,"minecraft:brown_wool":2,"minecraft:raw_iron_block":1,"minecraft:iron_ore":41,"minecraft:cobbled_deepslate":16,"minecraft:fire":7,"minecraft:small_amethyst_bud":6,"minecraft:deepslate_redstone_ore":11,"supplementaries:book_pile":1,"minecraft:medium_amethyst_bud":2,"born_in_chaos_v1:infected_deepslate_diamond_ore":2,"minecraft:torch":3,"minecraft:calcite":2,"minecraft:cobblestone":8,"minecraft:sugar_cane":7,"minecraft:oak_planks":1,"minecraft:wall_torch":8,"minecraft:amethyst_block":12,"minecraft:cyan_wool":2,"ecologics:seashell":1,"minecraft:wheat":91,"minecraft:lilac":1,"minecraft:grass":24,"minecraft:oak_log":34,"minecraft:sand":19,"minecraft:dirt":6,"luminousworld:grassvariant_3":4,"minecraft:smooth_basalt":2,"minecraft:oak_leaves":4,"minecraft:deepslate":155,"minecraft:tuff":19,"minecraft:mossy_cobblestone":1,"luminousworld:grassvariant_4":2,"minecraft:deepslate_diamond_ore":9,"born_in_chaos_v1:infected_diamond_ore":3,"born_in_chaos_v1:black_argillite":1,"minecraft:white_stained_glass":1,"placeablesmod:gold_nugget_block":1,"luminousworld:grassvariant_2":5,"luminousworld:white_oak_plank":1,"luminousworld:groundpebbles_3":1,"minecraft:hay_block":13,"minecraft:redstone_ore":3,"minecraft:furnace":4,"minecraft:andesite":12,"minecraft:bookshelf":36,"minecraft:deepslate_iron_ore":95,"minecraft:stone":85,"minecraft:glass_pane":1,"minecraft:dandelion":1,"minecraft:crafting_table":11,"minecraft:rose_bush":5,"luminousworld:auburnlog":7,"minecraft:tall_grass":10,"minecraft:deepslate_gold_ore":19,"minecraft:diorite":14,"supplementaries:urn":41,"luminousworld:whiteoaklog":7,"minecraft:gray_wool":2,"minecraft:light_blue_bed":1,"luminousworld:autumnplank":2,"minecraft:coal_ore":65,"luminousworld:ishstone":2,"minecraft:gravel":1,"minecraft:cobweb":8,"minecraft:stone_bricks":7}},"DataVersion":3465}