{"stats":{"minecraft:picked_up":{"minecraft:iron_chestplate":3,"minecraft:creeper_head":1,"minecraft:prismarine_shard":5,"minecraft:diamond_sword":5,"minecraft:brewing_stand":1,"minecraft:amethyst_block":12,"minecraft:string":73,"minecraft:soul_soil":33,"minecraft:red_nether_bricks":2,"minecraft:gold_nugget":250,"minecraft:cobbled_deepslate":658,"minecraft:spruce_planks":1,"luminousworld:auburnlog":7,"minecraft:acacia_log":1,"mutantmonsters:mutant_skeleton_pelvis":1,"stalwart_dungeons:soul_magma_bricks":1,"supplementaries:ash":65,"minecraft:blaze_rod":234,"minecraft:iron_bars":1,"minecraft:birch_log":90,"minecraft:cooked_beef":5,"minecraft:water_bucket":4,"minecraft:brown_wool":2,"minecraft:flint":1,"luminousworld:raw_venison":3,"luminousworld:purple_petunias":1,"minecraft:lantern":7,"stalwart_dungeons:blaze_armor_scrap":19,"minecraft:stonecutter":1,"iceandfire:armor_blue_helmet":1,"quark:soul_bead":1,"minecraft:glowstone_dust":95,"minecraft:pitcher_pod":1,"mutantmonsters:mutant_skeleton_leggings":1,"minecraft:dark_oak_log":43,"alexsmobs:animal_dictionary":1,"naturalist:duck_egg":1,"minecraft:bundle":1,"stalwart_dungeons:spore_vaporizer":4,"minecraft:granite":1,"minecraft:chainmail_helmet":1,"minecraft:bread":9,"iceandfire:gorgon_head":1,"born_in_chaos_v1:rotten_fish":2,"luminousworld:groundpebbles_1":3,"minecraft:crafting_table":18,"minecraft:nether_wart":21,"born_in_chaos_v1:seedof_chaos":2,"ecologics:seashell":1,"supplementaries:bomb":4,"minecraft:beef":17,"minecraft:iron_nugget":11,"minecraft:spruce_slab":2,"minecraft:birch_sapling":4,"minecraft:egg":1,"luminousworld:spuds":1,"minecraft:oak_door":2,"sophisticatedbackpacks:backpack":1,"stalwart_dungeons:tungsten_sword":2,"minecraft:fire_charge":2,"born_in_chaos_v1:pieceofdarkmetal":11,"minecraft:redstone":68,"iceandfire:armor_blue_boots":2,"minecraft:prismarine_crystals":4,"iceandfire:dragon_skull_ice":1,"minecraft:tnt":2,"minecraft:hay_block":13,"stalwart_dungeons:tungsten_axe":1,"minecraft:gold_ingot":10,"minecraft:mutton":5,"minecraft:white_wool":6,"minecraft:bone_block":24,"born_in_chaos_v1:pumpkin_staff":1,"luminousworld:ishstone":8,"minecraft:filled_map":2,"mutantmonsters:mutant_skeleton_chestplate":1,"minecraft:oak_log":33,"mowziesmobs:wrought_axe":1,"mutantmonsters:mutant_skeleton_limb":8,"tombstone:gift":1,"born_in_chaos_v1:soul_cutlass":1,"minecraft:apple":1,"minecraft:stone_bricks":11,"minecraft:kelp":50,"minecraft:cobweb":8,"tombstone:bag_of_seeds":1,"minecraft:glass_bottle":2,"minecraft:iron_sword":4,"minecraft:smooth_basalt":2,"minecraft:sweet_berries":34,"born_in_chaos_v1:ethereal_spirit":2,"minecraft:cracked_nether_bricks":3,"minecraft:gravel":46,"iceandfire:armor_blue_leggings":2,"minecraft:spruce_sapling":8,"minecraft:spruce_log":1,"minecraft:crying_obsidian":2,"quark:blue_corundum_cluster":12,"minecraft:slime_ball":1,"minecraft:diamond_axe":4,"minecraft:gray_wool":2,"iceandfire:ice_dragon_flesh":2,"minecraft:baked_potato":1,"quark:blue_corundum":4,"minecraft:melon_seeds":4,"minecraft:ender_pearl":1,"minecraft:wheat":92,"illagerinvasion:platinum_chunk":4,"supplementaries:bomb_blue":1,"alexscaves:cave_tablet":2,"minecraft:turtle_egg":1,"minecraft:nether_brick":555,"tombstone:grave_key":1,"born_in_chaos_v1:black_argillite":1,"minecraft:raw_copper":46,"mutantmonsters:mutant_skeleton_skull":1,"minecraft:iron_leggings":1,"minecraft:zombie_head":4,"minecraft:rose_bush":1,"minecraft:calcite":2,"minecraft:iron_boots":3,"minecraft:furnace":6,"minecraft:tipped_arrow":1,"minecraft:stick":16,"minecraft:torch":69,"minecraft:porkchop":13,"tombstone:grave_dust":15,"minecraft:diorite":28,"quark:ancient_tome":3,"minecraft:rotten_flesh":34,"quark:violet_corundum_cluster":1,"supplementaries:antique_ink":4,"mutantmonsters:mutant_skeleton_shoulder_pad":2,"minecraft:obsidian":17,"minecraft:cod":1,"minecraft:cobblestone":717,"minecraft:lilac":1,"minecraft:andesite":33,"alexscaves:cave_book":1,"minecraft:tuff":14,"supplementaries:flax_seeds":3,"minecraft:horn_coral":1,"minecraft:dirt":27,"minecraft:lapis_lazuli":29,"minecraft:name_tag":1,"minecraft:bone":102,"minecraft:wheat_seeds":416,"minecraft:raw_gold":23,"stalwart_dungeons:tungsten_shield":3,"minecraft:oak_planks":16,"earthmobsmod:harder_flesh":2,"minecraft:sand":19,"minecraft:spectral_arrow":24,"quark:red_corundum":1,"minecraft:mossy_cobblestone":13,"minecraft:sugar":2,"minecraft:diamond":11,"minecraft:cracked_polished_blackstone_bricks":37,"minecraft:grass":2,"minecraft:emerald":25,"minecraft:oak_sapling":1,"minecraft:netherrack":763,"born_in_chaos_v1:diamond_termite_shard":12,"minecraft:stone_brick_wall":2,"iceandfire:frozen_cobblestone":13,"stalwart_dungeons:soul_bricks":24,"minecraft:chain":1,"iceandfire:frozen_stone":24,"minecraft:iron_axe":4,"minecraft:item_frame":1,"minecraft:blackstone":34,"minecraft:oak_boat":7,"luminousworld:white_oak_plank":1,"minecraft:sugar_cane":18,"minecraft:raw_iron":195,"quark:violet_corundum":1,"ecologics:coconut_slice":8,"stalwart_dungeons:ancient_fire":1,"minecraft:polished_blackstone_bricks":110,"minecraft:cookie":5,"minecraft:stone_button":4,"quark:birch_chest":8,"minecraft:iron_horse_armor":1,"minecraft:arrow":5,"stalwart_dungeons:raw_tungsten":13,"minecraft:nether_bricks":46,"alexscaves:spelunkery_table":2,"mutantmonsters:mutant_skeleton_rib":6,"minecraft:skeleton_skull":1,"born_in_chaos_v1:fused_bone":2,"born_in_chaos_v1:corpse_maggot":13,"minecraft:air":0,"minecraft:basalt":9,"minecraft:glow_ink_sac":12,"minecraft:leather":17,"iceandfire:ectoplasm":1,"minecraft:yellow_bed":1,"minecraft:gunpowder":28,"minecraft:cooked_mutton":2,"stalwart_dungeons:pusher":1,"luminousworld:autumnplank":2,"iceandfire:fire_dragon_flesh":4,"minecraft:soul_sand":47,"minecraft:book":409,"quark:red_corundum_cluster":3,"minecraft:raw_iron_block":1,"minecraft:quartz":6,"stalwart_dungeons:tungsten_ingot":21,"minecraft:dandelion":1,"stalwart_dungeons:soul_tiles":6,"mowziesmobs:wrought_helmet":2,"minecraft:white_bed":2,"artifacts:scarf_of_invisibility":2,"minecraft:spider_eye":3,"luminousworld:whiteoaklog":7,"minecraft:pumpkin_seeds":1,"mutantmonsters:mutant_skeleton_boots":1,"tombstone:magic_scroll":2,"minecraft:damaged_anvil":2,"minecraft:coal":284},"minecraft:custom":{"minecraft:interact_with_crafting_table":97,"minecraft:open_barrel":19,"minecraft:bell_ring":12,"minecraft:leave_game":17,"minecraft:time_since_death":9381,"minecraft:damage_blocked_by_shield":2190,"minecraft:play_time":486494,"minecraft:deaths":100,"minecraft:jump":8866,"minecraft:interact_with_furnace":70,"minecraft:sleep_in_bed":5,"tombstone:sneak_grave":10,"minecraft:damage_dealt":57111,"tombstone:undead_killed":72,"minecraft:interact_with_smoker":21,"minecraft:interact_with_smithing_table":2,"minecraft:interact_with_anvil":2,"minecraft:damage_dealt_absorbed":7,"minecraft:sneak_time":26463,"minecraft:interact_with_blast_furnace":6,"minecraft:total_world_time":486494,"tombstone:raider_killed":8,"minecraft:time_since_rest":7141,"tombstone:cast_on_ally":1,"minecraft:swim_one_cm":221257,"minecraft:fly_one_cm":1744787,"minecraft:open_chest":221,"minecraft:fall_one_cm":260866,"minecraft:damage_resisted":169,"minecraft:sprint_one_cm":884984,"minecraft:drop":354,"minecraft:talked_to_villager":5,"minecraft:walk_on_water_one_cm":100815,"minecraft:interact_with_loom":15,"minecraft:player_kills":6,"minecraft:crouch_one_cm":71343,"minecraft:mob_kills":365,"minecraft:damage_dealt_resisted":1724,"minecraft:climb_one_cm":4438,"minecraft:walk_one_cm":1514449,"minecraft:walk_under_water_one_cm":66854,"minecraft:boat_one_cm":279572,"minecraft:damage_taken":2147483647,"minecraft:damage_absorbed":160,"minecraft:trigger_trapped_chest":1},"minecraft:broken":{"mutantmonsters:mutant_skeleton_chestplate":1,"minecraft:iron_chestplate":1,"minecraft:iron_leggings":1,"mutantmonsters:mutant_skeleton_boots":1,"minecraft:shield":1,"minecraft:iron_axe":1,"minecraft:iron_pickaxe":1,"minecraft:iron_helmet":1,"vanillaplustools:iron_hammer":2,"mutantmonsters:mutant_skeleton_leggings":1,"iceandfire:armor_blue_boots":1,"stalwart_dungeons:tungsten_helmet":1,"minecraft:flint_and_steel":1},"minecraft:used":{"minecraft:spruce_slab":1,"iceandfire:dragon_skull_ice":1,"minecraft:rotten_flesh":4,"minecraft:soul_sand":31,"born_in_chaos_v1:soul_cutlass":1,"minecraft:lava_bucket":1,"supplementaries:bomb_blue":1,"minecraft:sweet_berries":51,"minecraft:furnace":9,"luminousworld:autumnplank":30,"minecraft:diorite":14,"minecraft:blackstone":1,"minecraft:wooden_pickaxe":8,"minecraft:cookie":4,"stalwart_dungeons:soul_bricks":12,"minecraft:diamond_sword":515,"minecraft:oak_boat":9,"minecraft:enchanting_table":1,"quark:dark_oak_bookshelf":19,"minecraft:netherrack":725,"minecraft:torch":198,"earthmobsmod:harder_flesh":2,"iceandfire:copper_sword":4,"ecologics:seashell":1,"minecraft:iron_axe":240,"stalwart_dungeons:tungsten_axe":1,"minecraft:basalt":4,"luminousworld:raw_venison":2,"tombstone:gift":8,"minecraft:acacia_planks":4,"minecraft:cobbled_deepslate":135,"minecraft:wheat_seeds":87,"minecraft:water_bucket":20,"minecraft:birch_planks":6,"luminousworld:white_oak_plank":2,"minecraft:polished_blackstone_bricks":89,"minecraft:mossy_cobblestone":2,"minecraft:tnt":2,"minecraft:crafting_table":23,"supplementaries:bomb":4,"minecraft:white_bed":2,"mowziesmobs:wrought_axe":2,"minecraft:diamond_pickaxe":644,"minecraft:oak_button":1,"minecraft:iron_pickaxe":250,"tombstone:magic_scroll":14,"stalwart_dungeons:tungsten_sword":457,"minecraft:cobblestone":146,"vanillaplustools:iron_hammer":312,"minecraft:cooked_porkchop":8,"quark:ancient_tome":1,"minecraft:iron_shovel":41,"minecraft:shield":45,"minecraft:iron_sword":267,"minecraft:nether_bricks":60,"minecraft:tuff":12,"minecraft:obsidian":11,"born_in_chaos_v1:corpse_maggot":13,"minecraft:lantern":7,"quark:birch_bookshelf":14,"minecraft:stone_pickaxe":66,"minecraft:oak_planks":8,"minecraft:ender_pearl":1,"minecraft:diamond_axe":9,"alexscaves:cave_book":2,"minecraft:bread":67,"minecraft:string":2,"tombstone:grave_key":29,"iceandfire:ice_dragon_flesh":2,"quark:soul_bead":1,"minecraft:gravel":16,"ecologics:coconut_slice":7,"born_in_chaos_v1:rotten_fish":1,"minecraft:andesite":8,"minecraft:experience_bottle":1,"quark:birch_chest":34,"minecraft:flint_and_steel":64,"minecraft:stone_hoe":14,"minecraft:oak_door":5,"minecraft:dirt":6,"alexscaves:spelunkery_table":2,"minecraft:golden_carrot":15,"minecraft:soul_soil":26,"minecraft:cooked_beef":15,"minecraft:turtle_egg":1,"minecraft:enchanted_golden_apple":1,"minecraft:beetroot_soup":1,"minecraft:cooked_mutton":7,"tombstone:scroll_of_knowledge":2,"iceandfire:fire_dragon_flesh":2,"minecraft:baked_potato":22,"minecraft:red_nether_bricks":2,"tombstone:bag_of_seeds":1,"minecraft:apple":5,"minecraft:cracked_polished_blackstone_bricks":33,"minecraft:map":1,"minecraft:cracked_nether_bricks":1,"minecraft:stone_axe":72,"stalwart_dungeons:soul_tiles":6,"minecraft:bucket":21,"minecraft:splash_potion":1},"minecraft:dropped":{"minecraft:iron_sword":5,"minecraft:lapis_lazuli":4,"quark:blue_corundum":4,"minecraft:glass_bottle":2,"minecraft:crafting_table":3,"minecraft:pitcher_pod":1,"iceandfire:ectoplasm":1,"quark:violet_corundum":1,"born_in_chaos_v1:pieceofdarkmetal":6,"minecraft:item_frame":1,"minecraft:emerald":13,"minecraft:dirt":7,"minecraft:grass":2,"minecraft:stone_button":3,"minecraft:chain":1,"minecraft:gold_nugget":14,"minecraft:bone_block":12,"minecraft:sand":19,"minecraft:sugar":2,"minecraft:white_wool":5,"quark:ancient_tome":1,"minecraft:bone":103,"minecraft:oak_door":1,"minecraft:sugar_cane":10,"luminousworld:white_oak_plank":27,"minecraft:cobbled_deepslate":34,"alexsmobs:animal_dictionary":2,"minecraft:nether_brick":398,"minecraft:wheat":2,"minecraft:obsidian":2,"tombstone:gift":1,"minecraft:rotten_flesh":27,"minecraft:oak_planks":14,"minecraft:glowstone_dust":64,"supplementaries:flax_seeds":3,"luminousworld:grassflowers":1,"minecraft:tipped_arrow":2,"alexscaves:cave_book":1,"mutantmonsters:mutant_skeleton_arms":1,"minecraft:spruce_slab":1,"minecraft:egg":1,"minecraft:enchanted_book":1,"minecraft:wheat_seeds":329,"luminousworld:ishstone":9,"minecraft:prismarine_crystals":4,"minecraft:iron_helmet":1,"minecraft:cobblestone":549,"minecraft:granite":1,"born_in_chaos_v1:soul_cutlass":1,"minecraft:chainmail_helmet":1,"minecraft:coal":1,"minecraft:cobweb":16,"stalwart_dungeons:soul_bricks":12,"minecraft:gray_wool":2,"born_in_chaos_v1:black_argillite":1,"minecraft:rose_bush":1,"mowziesmobs:wrought_helmet":1,"minecraft:string":69,"minecraft:spruce_sapling":13,"iceandfire:frozen_cobblestone":13,"minecraft:creeper_head":1,"minecraft:soul_soil":2,"quark:blue_corundum_cluster":12,"minecraft:bowl":1,"quark:red_corundum_cluster":3,"born_in_chaos_v1:rotten_fish":1,"minecraft:iron_boots":4,"sophisticatedbackpacks:backpack":1,"minecraft:damaged_anvil":2,"minecraft:pumpkin_seeds":1,"minecraft:diamond_sword":1,"mutantmonsters:mutant_skeleton_rib_cage":1,"minecraft:spruce_planks":1,"minecraft:bundle":1,"minecraft:diamond_pickaxe":1,"minecraft:yellow_bed":1,"mutantmonsters:mutant_skeleton_leggings":1,"minecraft:spider_eye":2,"minecraft:stone_bricks":6,"mutantmonsters:mutant_skeleton_skull":1,"minecraft:soul_sand":8,"minecraft:birch_planks":4,"stalwart_dungeons:soul_magma_bricks":1,"minecraft:diamond_axe":1,"minecraft:baked_potato":2,"luminousworld:spuds":1,"iceandfire:fire_dragon_flesh":2,"minecraft:leather":7,"stalwart_dungeons:tungsten_shield":3,"iceandfire:gorgon_head":1,"minecraft:cod":1,"quark:violet_corundum_cluster":1,"minecraft:cracked_polished_blackstone_bricks":6,"iceandfire:armor_blue_helmet":1,"minecraft:polished_blackstone_bricks":25,"minecraft:gold_ingot":32,"minecraft:gravel":30,"minecraft:blackstone":33,"iceandfire:frozen_stone":24,"supplementaries:antique_ink":1,"supplementaries:ash":65,"born_in_chaos_v1:seedof_chaos":2,"minecraft:gunpowder":25,"minecraft:melon_seeds":4,"ecologics:coconut_husk":7,"minecraft:basalt":4,"minecraft:iron_bars":1,"minecraft:arrow":2,"stalwart_dungeons:pusher":1,"minecraft:cracked_nether_bricks":2,"artifacts:scarf_of_invisibility":1,"minecraft:quartz":6,"minecraft:netherrack":53,"minecraft:stone_hoe":1,"minecraft:bread":15,"minecraft:lilac":1,"minecraft:mossy_cobblestone":11,"minecraft:prismarine_shard":5,"mutantmonsters:mutant_skeleton_boots":1,"minecraft:spectral_arrow":24,"ecologics:crab_claw":1,"mowziesmobs:wrought_axe":1,"minecraft:stick":1,"born_in_chaos_v1:pumpkin_staff":1,"minecraft:diorite":15,"tombstone:magic_scroll":1,"minecraft:brown_wool":2,"minecraft:zombie_head":4,"minecraft:fire_charge":2,"tombstone:grave_dust":8,"minecraft:iron_axe":3,"minecraft:dandelion":1,"minecraft:smooth_basalt":2,"minecraft:redstone":1,"minecraft:kelp":53,"minecraft:nether_wart":21,"minecraft:raw_copper":16,"minecraft:tuff":2,"minecraft:filled_map":3,"aether:iron_gloves":2,"luminousworld:groundpebbles_1":3,"minecraft:iron_chestplate":2,"minecraft:andesite":4,"stalwart_dungeons:tungsten_axe":1,"minecraft:oak_sapling":1,"minecraft:diamond_boots":1,"minecraft:slime_ball":1,"minecraft:stone_pickaxe":1,"minecraft:wooden_pickaxe":1,"minecraft:calcite":2,"luminousworld:purple_petunias":1,"quark:red_corundum":1},"minecraft:killed":{"minecraft:cave_spider":7,"born_in_chaos_v1:restless_spirit":3,"born_in_chaos_v1:zombie_lumberjack":1,"born_in_chaos_v1:skeleton_demoman":2,"born_in_chaos_v1:siamese_skeletonsright":1,"undead_revamp2:theswarmer":1,"minecraft:skeleton":5,"born_in_chaos_v1:skeleton_thrasher":1,"stalwart_dungeons:giddy_blaze":168,"minecraft:pillager":7,"minecraft:zombie":26,"stalwart_dungeons:incomplete_wither":11,"enemyexpansion:vampire":1,"born_in_chaos_v1:corpse_fly":3,"minecraft:glow_squid":3,"born_in_chaos_v1:door_knight":1,"minecraft:cow":5,"stalwart_dungeons:nether_wart_cocoon":7,"earthmobsmod:albino_cow":3,"born_in_chaos_v1:barrel_zombie":1,"enemyexpansion:sprinter":2,"born_in_chaos_v1:decrepit_skeleton":4,"undead_revamp2:thesomnolence":1,"iceandfire:ghost":2,"quark:wraith":1,"minecraft:enderman":1,"minecraft:witch":1,"minecraft:spider":1,"naturalist:snail":1,"undead_revamp2:therod":1,"minecraft:piglin_brute":1,"artifacts:mimic":2,"minecraft:piglin":4,"born_in_chaos_v1:bonescaller":1,"minecraft:pig":7,"born_in_chaos_v1:diamond_termite":13,"minecraft:creeper":1,"minecraft:sheep":5,"undead_revamp2:thebidyupside":1,"born_in_chaos_v1:zombie_fisherman":1,"born_in_chaos_v1:siamese_skeletonsleft":1,"enemyexpansion:wasp":1,"enemyexpansion:intruder":1,"enemyexpansion:direwolf":5,"born_in_chaos_v1:maggot":4,"iceandfire:fire_dragon":1,"born_in_chaos_v1:baby_skeleton":5,"stalwart_dungeons:reinforced_blaze":22,"enemyexpansion:huntsman":1,"enemyexpansion:slugger":2},"minecraft:killed_by":{"minecraft:piglin_brute":1,"minecraft:pillager":1,"stalwart_dungeons:nether_keeper":14,"mutantmonsters:mutant_creeper":1,"born_in_chaos_v1:pumpkinhead":2,"minecraft:zombie":2,"enemyexpansion:vampflyer":1,"stalwart_dungeons:incomplete_wither":4,"enemyexpansion:invisicreeper":4,"stalwart_dungeons:giddy_blaze":19,"enemyexpansion:direwolf":2,"undead_revamp2:thebeartamer":1,"born_in_chaos_v1:corpse_fly":1,"undead_revamp2:clogger":2,"minecraft:cave_spider":2,"undead_revamp2:bomber":1,"iceandfire:ice_dragon":15,"mutantmonsters:creeper_minion":1,"stalwart_dungeons:reinforced_blaze":2,"iceandfire:fire_dragon":1,"minecraft:player":3,"enemyexpansion:trollenraged":1,"undead_revamp2:thehunter":1,"mowziesmobs:ferrous_wroughtnaut":8,"iceandfire:gorgon":1,"minecraft:skeleton":2},"minecraft:mined":{"quark:dark_oak_bookshelf":1,"minecraft:white_bed":2,"minecraft:red_nether_bricks":11,"minecraft:obsidian":20,"born_in_chaos_v1:dark_metal_deposit":1,"minecraft:stone_brick_wall":4,"minecraft:brown_wool":2,"minecraft:nether_wart":11,"minecraft:spawner":1,"minecraft:polished_blackstone_bricks":111,"quark:birch_bookshelf":14,"minecraft:magma_block":9,"minecraft:cobbled_deepslate":17,"minecraft:fire":26,"iceandfire:gold_pile":26,"minecraft:small_amethyst_bud":6,"stalwart_dungeons:soul_magma_bricks":1,"quark:red_corundum_cluster":1,"minecraft:kelp_plant":3,"minecraft:crimson_nylium":2,"minecraft:soul_fire":13,"born_in_chaos_v1:infected_deepslate_diamond_ore":3,"minecraft:torch":7,"minecraft:sugar_cane":11,"minecraft:amethyst_block":12,"minecraft:cyan_wool":2,"ecologics:seashell":1,"minecraft:wheat":91,"minecraft:lilac":1,"minecraft:grass":34,"quark:birch_chest":8,"luminousworld:grassvariant_3":7,"stalwart_dungeons:pusher":8,"minecraft:smooth_basalt":2,"minecraft:stonecutter":1,"minecraft:deepslate":768,"quark:red_corundum":1,"minecraft:mossy_cobblestone":13,"stalwart_dungeons:soul_bricks":30,"minecraft:dark_oak_log":43,"minecraft:sea_lantern":1,"minecraft:nether_bricks":46,"born_in_chaos_v1:black_argillite":1,"minecraft:redstone_wire":1,"placeablesmod:gold_nugget_block":1,"luminousworld:grassvariant_2":7,"minecraft:moss_block":2,"minecraft:kelp":1,"minecraft:redstone_ore":3,"iceandfire:chared_gravel":2,"minecraft:andesite":36,"minecraft:vine":1,"minecraft:glass_pane":1,"minecraft:soul_sand":38,"minecraft:dandelion":1,"luminousworld:auburnlog":7,"luminousworld:grassflowers":1,"minecraft:tall_grass":11,"minecraft:copper_ore":10,"minecraft:deepslate_gold_ore":19,"minecraft:diorite":31,"stalwart_dungeons:tungsten_ore":15,"luminousworld:whiteoaklog":7,"minecraft:light_blue_bed":1,"minecraft:birch_leaves":5,"luminousworld:autumnplank":2,"luminousworld:ishstone":10,"stalwart_dungeons:igniter":3,"minecraft:gravel":14,"minecraft:cobweb":50,"minecraft:stone_bricks":8,"minecraft:fern":2,"undead_revamp2:arapholia":1,"stalwart_dungeons:spore_vaporizer":7,"minecraft:large_amethyst_bud":4,"minecraft:spruce_planks":2,"minecraft:brewing_stand":1,"minecraft:budding_amethyst":6,"minecraft:grass_block":11,"minecraft:cracked_polished_blackstone_bricks":46,"minecraft:soul_soil":38,"minecraft:smooth_stone":1,"minecraft:raw_iron_block":1,"minecraft:glowstone":42,"minecraft:iron_ore":62,"minecraft:iron_bars":1,"quark:violet_corundum":1,"minecraft:deepslate_redstone_ore":11,"supplementaries:book_pile":1,"luminousworld:purple_petunias":2,"minecraft:medium_amethyst_bud":2,"stalwart_dungeons:transient_block_close":2,"stalwart_dungeons:soul_tiles":8,"minecraft:clay":4,"iceandfire:dragon_ice_spikes":3,"minecraft:calcite":2,"luminousworld:spuds":4,"quark:blue_corundum_cluster":4,"minecraft:cobblestone":27,"minecraft:oak_planks":1,"minecraft:wall_torch":13,"minecraft:birch_log":92,"minecraft:oak_log":34,"minecraft:sand":19,"minecraft:dirt":17,"minecraft:netherrack":900,"minecraft:oak_leaves":5,"alexscaves:spelunkery_table":1,"minecraft:tuff":19,"minecraft:deepslate_diamond_ore":11,"luminousworld:grassvariant_4":3,"minecraft:oak_door":2,"born_in_chaos_v1:infected_diamond_ore":3,"luminousworld:mossbuds_2":1,"iceandfire:frozen_stone":2,"minecraft:white_stained_glass":1,"minecraft:spruce_leaves":4,"luminousworld:white_oak_plank":1,"minecraft:cracked_nether_bricks":2,"luminousworld:groundpebbles_3":1,"minecraft:hay_block":13,"minecraft:furnace":7,"minecraft:bookshelf":36,"minecraft:deepslate_iron_ore":103,"minecraft:stone":715,"quark:blue_corundum":4,"minecraft:basalt":10,"minecraft:crafting_table":21,"minecraft:rose_bush":5,"minecraft:deepslate_coal_ore":8,"minecraft:lapis_ore":4,"minecraft:sculk":6,"supplementaries:urn":50,"minecraft:gray_wool":2,"minecraft:sweet_berry_bush":13,"minecraft:ice":9,"minecraft:yellow_bed":1,"minecraft:coal_ore":157},"minecraft:crafted":{"mutantmonsters:mutant_skeleton_leggings":1,"quark:birch_chest":26,"quark:dark_oak_bookshelf":27,"minecraft:cooked_mutton":5,"vanillaplustools:iron_hammer":1,"mutantmonsters:mutant_skeleton_boots":1,"stalwart_dungeons:tungsten_sword":1,"minecraft:cooked_porkchop":8,"quark:oak_chest":1,"minecraft:iron_pickaxe":10,"minecraft:gold_ingot":38,"luminousworld:white_oak_plank":28,"minecraft:stone_pickaxe":1,"minecraft:diamond_boots":1,"minecraft:dark_oak_planks":172,"minecraft:wheat":117,"luminousworld:autumnplank":28,"minecraft:enchanting_table":1,"minecraft:iron_shovel":1,"minecraft:iron_leggings":1,"minecraft:oak_planks":132,"stalwart_dungeons:tungsten_helmet":1,"mutantmonsters:mutant_skeleton_arms":1,"minecraft:iron_boots":2,"minecraft:oak_button":1,"mutantmonsters:mutant_skeleton_rib_cage":1,"minecraft:stone_hoe":1,"sophisticatedbackpacks:backpack":1,"minecraft:crafting_table":8,"minecraft:wooden_pickaxe":1,"minecraft:baked_potato":23,"minecraft:iron_helmet":2,"minecraft:birch_planks":308,"minecraft:string":16,"minecraft:iron_chestplate":2,"minecraft:paper":3,"minecraft:diamond_pickaxe":1,"minecraft:shield":1,"minecraft:stick":80,"minecraft:iron_ingot":41,"minecraft:oak_door":3,"minecraft:raw_iron":9,"minecraft:furnace":3,"minecraft:flint_and_steel":1,"quark:birch_bookshelf":14,"stalwart_dungeons:tungsten_ingot":10,"minecraft:cooked_beef":11,"minecraft:diamond_sword":1,"minecraft:iron_sword":2,"minecraft:nether_bricks":16,"minecraft:bucket":1,"minecraft:stone_axe":1,"minecraft:air":0,"minecraft:bread":69,"minecraft:oak_boat":2,"stalwart_dungeons:tungsten_chestplate":1,"minecraft:acacia_planks":4,"minecraft:torch":172}},"DataVersion":3465}