{"stats":{"minecraft:broken":{"onlyhammers:stone_hammer":2,"minecraft:wooden_axe":1},"minecraft:killed":{"creeperoverhaul:dripstone_creeper":1,"minecraft:skeleton":2,"minecraft:pig":4,"minecraft:zombie_villager":1,"minecraft:sheep":6,"minecraft:zombie":5,"minecraft:cow":1},"minecraft:dropped":{"iceandfire:raw_silver":2,"minecraft:birch_planks":43,"minecraft:wheat_seeds":2,"onlyhammers:stone_hammer":2,"minecraft:oak_fence":2,"minecraft:cobblestone":122,"minecraft:granite":105,"minecraft:rail":1,"minecraft:dirt":37,"minecraft:diorite":12,"minecraft:torch":1,"tombstone:grave_dust":1,"minecraft:jungle_sapling":1,"minecraft:iron_pickaxe":2,"minecraft:stone_axe":1,"minecraft:cobbled_deepslate":27,"minecraft:stone_sword":1,"alexsmobs:animal_dictionary":1,"minecraft:birch_sapling":8,"minecraft:rotten_flesh":2,"minecraft:clay_ball":16,"minecraft:andesite":44,"minecraft:beetroot_seeds":6,"minecraft:wooden_shovel":2,"minecraft:stone_pickaxe":1,"minecraft:wooden_pickaxe":6},"minecraft:picked_up":{"minecraft:crafting_table":7,"minecraft:clay_ball":12,"minecraft:wooden_pickaxe":3,"minecraft:raw_copper":5,"minecraft:flint_and_steel":1,"minecraft:iron_shovel":1,"minecraft:cobbled_deepslate":32,"minecraft:jungle_sapling":1,"minecraft:wooden_shovel":1,"minecraft:melon_slice":27,"minecraft:sugar_cane":9,"minecraft:birch_sapling":8,"minecraft:furnace":5,"minecraft:raw_iron":57,"minecraft:stick":12,"minecraft:oak_fence":2,"minecraft:torch":1,"minecraft:porkchop":9,"tombstone:grave_dust":1,"minecraft:diorite":12,"minecraft:redstone":9,"minecraft:rotten_flesh":7,"minecraft:beetroot_seeds":9,"minecraft:mutton":8,"minecraft:rail":40,"minecraft:white_wool":10,"minecraft:cobblestone":1946,"minecraft:birch_log":64,"minecraft:birch_slab":1,"minecraft:andesite":104,"minecraft:leather":2,"minecraft:flint":1,"minecraft:oak_log":6,"minecraft:cobblestone_stairs":2,"minecraft:lapis_lazuli":90,"minecraft:dirt":35,"tombstone:gift":1,"minecraft:bone":4,"minecraft:bow":1,"minecraft:wheat_seeds":5,"minecraft:iron_ingot":8,"minecraft:powered_rail":1,"minecraft:spider_eye":1,"minecraft:diamond":1,"minecraft:granite":131,"minecraft:coal":47,"iceandfire:raw_silver":5},"minecraft:mined":{"minecraft:diamond_ore":1,"iceandfire:silver_ore":4,"minecraft:cobblestone_stairs":2,"minecraft:granite":146,"minecraft:grass_block":5,"minecraft:birch_slab":1,"minecraft:furnace":5,"minecraft:fire":5,"minecraft:iron_ore":51,"minecraft:cobbled_deepslate":2,"minecraft:andesite":128,"minecraft:cave_vines":2,"minecraft:deepslate_iron_ore":3,"minecraft:rail":40,"minecraft:stone":1884,"minecraft:deepslate_redstone_ore":2,"minecraft:crafting_table":7,"minecraft:oak_fence":2,"minecraft:clay":5,"minecraft:cobblestone":13,"minecraft:tall_grass":1,"minecraft:copper_ore":2,"minecraft:lapis_ore":11,"minecraft:sugar_cane":5,"minecraft:diorite":25,"minecraft:wall_torch":1,"minecraft:birch_log":63,"minecraft:grass":11,"minecraft:coal_ore":46,"minecraft:oak_log":6,"minecraft:dirt":15,"minecraft:gravel":1,"minecraft:deepslate":38,"minecraft:fern":1},"minecraft:custom":{"lootr:looted_stat":3,"minecraft:mob_kills":20,"minecraft:interact_with_crafting_table":31,"goblintraders:trade_with_goblin":12,"minecraft:leave_game":1,"minecraft:time_since_death":14980,"minecraft:climb_one_cm":317,"champions:champion_mobs_killed":9,"minecraft:sprint_one_cm":133534,"minecraft:walk_one_cm":250191,"minecraft:damage_blocked_by_shield":1007,"minecraft:drop":50,"minecraft:play_time":69204,"minecraft:deaths":4,"minecraft:sneak_time":1900,"minecraft:walk_under_water_one_cm":2435,"minecraft:jump":977,"minecraft:walk_on_water_one_cm":1629,"minecraft:total_world_time":69204,"minecraft:interact_with_furnace":22,"spartanshields:shield_bash_hits":1,"minecraft:time_since_rest":14011,"minecraft:damage_taken":2177,"minecraft:damage_dealt":2853,"tombstone:cast_on_ally":1,"minecraft:fly_one_cm":217905,"minecraft:crouch_one_cm":5980,"tombstone:undead_killed":8,"minecraft:fall_one_cm":16670},"minecraft:used":{"minecraft:stone_sword":13,"minecraft:iron_shovel":1,"minecraft:flint_and_steel":6,"minecraft:shield":33,"minecraft:iron_sword":27,"minecraft:wooden_shovel":3,"minecraft:rotten_flesh":4,"minecraft:torch":42,"tombstone:scroll_of_preservation":1,"minecraft:dirt":14,"minecraft:granite":17,"minecraft:wooden_axe":69,"minecraft:iron_axe":21,"minecraft:furnace":5,"tombstone:gift":3,"minecraft:cobbled_deepslate":2,"minecraft:cobblestone_stairs":7,"minecraft:birch_planks":9,"minecraft:stone_pickaxe":36,"minecraft:wooden_pickaxe":16,"minecraft:glow_berries":2,"minecraft:crafting_table":10,"onlyhammers:stone_hammer":2530,"minecraft:melon_slice":27,"minecraft:iron_pickaxe":89,"minecraft:stone_axe":3,"minecraft:cobblestone":130,"minecraft:cooked_porkchop":2,"minecraft:andesite":1},"minecraft:crafted":{"minecraft:oak_planks":24,"minecraft:furnace":2,"minecraft:cobblestone_stairs":40,"minecraft:flint_and_steel":1,"minecraft:iron_boots":1,"minecraft:iron_axe":1,"minecraft:stone_pickaxe":1,"minecraft:wooden_shovel":1,"minecraft:cooked_porkchop":6,"minecraft:crafting_table":5,"minecraft:wooden_pickaxe":4,"minecraft:iron_helmet":1,"minecraft:iron_sword":1,"minecraft:birch_planks":160,"minecraft:stone_axe":1,"minecraft:air":0,"minecraft:iron_chestplate":1,"minecraft:shield":1,"minecraft:stick":52,"minecraft:iron_ingot":37,"minecraft:iron_pickaxe":3,"minecraft:wooden_axe":1,"minecraft:stone_sword":1,"minecraft:iron_leggings":1,"minecraft:torch":72,"onlyhammers:stone_hammer":6,"minecraft:shears":1}},"DataVersion":3465}