{"stats":{"minecraft:killed_by":{"minecraft:zombie":1,"enemyexpansion:invisicreeper":1},"minecraft:used":{"minecraft:wheat_seeds":87,"minecraft:stone_pickaxe":37,"minecraft:oak_planks":4,"minecraft:wooden_pickaxe":8,"luminousworld:white_oak_plank":2,"minecraft:stone_hoe":14,"minecraft:torch":12,"minecraft:dirt":1,"minecraft:crafting_table":5,"minecraft:white_bed":2,"minecraft:apple":1,"minecraft:lantern":7,"minecraft:bread":5,"minecraft:stone_axe":68,"minecraft:furnace":1,"minecraft:andesite":3,"tombstone:gift":2},"minecraft:crafted":{"minecraft:oak_planks":68,"minecraft:crafting_table":2,"minecraft:wooden_pickaxe":1,"minecraft:furnace":1,"minecraft:stone_axe":1,"minecraft:bread":69,"minecraft:air":0,"luminousworld:white_oak_plank":28,"minecraft:stick":20,"minecraft:iron_ingot":2,"minecraft:stone_pickaxe":1,"minecraft:torch":32,"minecraft:stone_hoe":1,"minecraft:wheat":117},"minecraft:picked_up":{"minecraft:crafting_table":4,"minecraft:wheat":92,"minecraft:andesite":3,"minecraft:oak_log":17,"minecraft:brewing_stand":1,"minecraft:gunpowder":1,"minecraft:dirt":2,"minecraft:lantern":7,"minecraft:item_frame":1,"minecraft:apple":1,"minecraft:wheat_seeds":248,"minecraft:rose_bush":1,"minecraft:sugar_cane":10,"luminousworld:white_oak_plank":1,"minecraft:oak_planks":1,"minecraft:book":78,"minecraft:raw_iron":6,"minecraft:torch":2,"minecraft:dandelion":1,"minecraft:white_bed":2,"luminousworld:whiteoaklog":7,"minecraft:rotten_flesh":6,"minecraft:hay_block":13,"minecraft:emerald":1,"minecraft:oak_sapling":1,"minecraft:coal":14,"minecraft:cobblestone":43},"minecraft:dropped":{"minecraft:crafting_table":1,"minecraft:cobblestone":4,"minecraft:item_frame":1},"minecraft:custom":{"minecraft:interact_with_furnace":4,"minecraft:mob_kills":4,"minecraft:interact_with_crafting_table":19,"minecraft:open_barrel":1,"minecraft:bell_ring":3,"minecraft:leave_game":2,"minecraft:time_since_death":4473,"minecraft:sleep_in_bed":3,"minecraft:climb_one_cm":825,"minecraft:time_since_rest":2031,"minecraft:sprint_one_cm":65270,"minecraft:damage_taken":990,"minecraft:walk_one_cm":76186,"minecraft:drop":5,"minecraft:damage_dealt":680,"minecraft:swim_one_cm":10150,"minecraft:talked_to_villager":4,"minecraft:fly_one_cm":105098,"minecraft:open_chest":3,"minecraft:crouch_one_cm":2224,"minecraft:play_time":26476,"tombstone:undead_killed":1,"minecraft:deaths":2,"minecraft:sneak_time":637,"minecraft:walk_under_water_one_cm":544,"minecraft:jump":421,"minecraft:walk_on_water_one_cm":2611,"minecraft:total_world_time":26476,"minecraft:fall_one_cm":11254},"minecraft:killed":{"enemyexpansion:direwolf":1,"minecraft:zombie":1,"artifacts:mimic":1},"minecraft:mined":{"minecraft:white_bed":2,"minecraft:dandelion":1,"minecraft:brewing_stand":1,"minecraft:crafting_table":3,"minecraft:grass_block":2,"minecraft:rose_bush":1,"luminousworld:grassvariant_2":1,"minecraft:tall_grass":2,"luminousworld:white_oak_plank":1,"minecraft:sugar_cane":7,"minecraft:oak_planks":1,"minecraft:wall_torch":2,"luminousworld:whiteoaklog":7,"minecraft:hay_block":13,"minecraft:iron_ore":6,"minecraft:wheat":91,"minecraft:andesite":3,"minecraft:grass":5,"minecraft:bookshelf":26,"minecraft:oak_log":18,"minecraft:coal_ore":14,"luminousworld:grassvariant_3":2,"minecraft:stone":20}},"DataVersion":3465}