{"stats":{"minecraft:broken":{"minecraft:iron_pickaxe":1},"minecraft:killed_by":{"enemyexpansion:trollenraged":1,"mutantmonsters:mutant_creeper":1,"minecraft:cave_spider":1,"undead_revamp2:bomber":1,"minecraft:skeleton":1,"mutantmonsters:creeper_minion":1,"minecraft:zombie":1,"enemyexpansion:vampflyer":1,"undead_revamp2:thebeartamer":1,"enemyexpansion:invisicreeper":4},"minecraft:used":{"quark:ancient_tome":1,"minecraft:shield":13,"minecraft:iron_sword":159,"minecraft:stone_hoe":14,"minecraft:torch":77,"minecraft:dirt":1,"born_in_chaos_v1:corpse_maggot":1,"minecraft:lantern":7,"supplementaries:bomb_blue":1,"minecraft:furnace":2,"tombstone:gift":6,"minecraft:cobbled_deepslate":95,"minecraft:wheat_seeds":87,"minecraft:stone_pickaxe":66,"minecraft:oak_planks":6,"minecraft:wooden_pickaxe":8,"luminousworld:white_oak_plank":2,"minecraft:crafting_table":8,"minecraft:white_bed":2,"minecraft:diamond_pickaxe":36,"minecraft:apple":1,"minecraft:bread":52,"minecraft:iron_pickaxe":250,"minecraft:gravel":6,"minecraft:stone_axe":72,"minecraft:diamond_sword":23,"minecraft:cobblestone":25,"minecraft:andesite":3},"minecraft:crafted":{"minecraft:oak_planks":68,"minecraft:furnace":1,"minecraft:iron_boots":1,"luminousworld:white_oak_plank":28,"minecraft:stone_pickaxe":1,"minecraft:diamond_boots":1,"minecraft:stone_hoe":1,"minecraft:wheat":117,"minecraft:diamond_sword":1,"minecraft:crafting_table":3,"minecraft:wooden_pickaxe":1,"minecraft:iron_helmet":1,"minecraft:iron_sword":1,"minecraft:stone_axe":1,"minecraft:bread":69,"minecraft:air":0,"minecraft:iron_chestplate":1,"minecraft:diamond_pickaxe":1,"minecraft:shield":1,"minecraft:stick":36,"minecraft:iron_ingot":30,"minecraft:iron_pickaxe":1,"minecraft:iron_leggings":1,"minecraft:torch":72},"minecraft:picked_up":{"minecraft:iron_chestplate":1,"born_in_chaos_v1:diamond_termite_shard":10,"minecraft:crafting_table":7,"minecraft:wheat":92,"supplementaries:bomb_blue":1,"minecraft:brewing_stand":1,"minecraft:amethyst_block":12,"born_in_chaos_v1:black_argillite":1,"minecraft:string":1,"minecraft:raw_copper":9,"minecraft:item_frame":1,"minecraft:zombie_head":2,"minecraft:gold_nugget":11,"minecraft:cobbled_deepslate":128,"minecraft:rose_bush":1,"minecraft:calcite":2,"minecraft:iron_nugget":11,"minecraft:sugar_cane":10,"luminousworld:white_oak_plank":1,"minecraft:furnace":1,"minecraft:stick":4,"minecraft:raw_iron":69,"minecraft:torch":38,"tombstone:grave_dust":7,"born_in_chaos_v1:pieceofdarkmetal":2,"minecraft:redstone":60,"minecraft:iron_horse_armor":1,"quark:ancient_tome":2,"minecraft:arrow":5,"minecraft:rotten_flesh":17,"minecraft:hay_block":13,"supplementaries:antique_ink":4,"supplementaries:ash":35,"minecraft:skeleton_skull":1,"minecraft:cobblestone":49,"minecraft:bone_block":12,"born_in_chaos_v1:corpse_maggot":4,"minecraft:glow_ink_sac":12,"minecraft:andesite":3,"minecraft:oak_log":17,"supplementaries:flax_seeds":2,"minecraft:gunpowder":6,"minecraft:lapis_lazuli":4,"minecraft:dirt":2,"minecraft:lantern":7,"minecraft:bone":30,"minecraft:apple":1,"minecraft:wheat_seeds":248,"minecraft:raw_gold":17,"minecraft:cobweb":8,"minecraft:iron_sword":1,"minecraft:oak_planks":6,"minecraft:book":78,"minecraft:smooth_basalt":2,"minecraft:dandelion":1,"minecraft:gravel":7,"minecraft:white_bed":2,"alexsmobs:animal_dictionary":1,"artifacts:scarf_of_invisibility":1,"luminousworld:whiteoaklog":7,"minecraft:diamond":7,"minecraft:grass":1,"minecraft:emerald":13,"minecraft:bread":2,"tombstone:magic_scroll":1,"minecraft:oak_sapling":1,"minecraft:coal":43},"minecraft:dropped":{"minecraft:enchanted_book":1,"minecraft:stone_hoe":1,"minecraft:bread":15,"minecraft:iron_sword":2,"minecraft:wheat_seeds":161,"minecraft:crafting_table":1,"minecraft:cobblestone":8,"born_in_chaos_v1:pieceofdarkmetal":2,"minecraft:item_frame":1,"minecraft:stick":1,"minecraft:emerald":13,"minecraft:cobweb":8,"minecraft:dirt":1,"born_in_chaos_v1:black_argillite":1,"minecraft:rose_bush":1,"tombstone:grave_dust":2,"minecraft:string":1,"minecraft:dandelion":1,"minecraft:smooth_basalt":2,"minecraft:gravel":1,"minecraft:sugar_cane":10,"luminousworld:white_oak_plank":27,"alexsmobs:animal_dictionary":2,"minecraft:cobbled_deepslate":31,"minecraft:raw_copper":3,"minecraft:wheat":2,"tombstone:gift":1,"minecraft:rotten_flesh":19,"minecraft:oak_planks":9,"minecraft:iron_boots":1,"supplementaries:ash":8,"minecraft:gunpowder":6,"minecraft:iron_chestplate":1,"minecraft:oak_sapling":1,"minecraft:arrow":1,"minecraft:stone_pickaxe":1,"minecraft:wooden_pickaxe":1,"minecraft:calcite":2},"minecraft:custom":{"minecraft:interact_with_smithing_table":1,"minecraft:interact_with_anvil":2,"minecraft:mob_kills":53,"minecraft:interact_with_crafting_table":37,"minecraft:open_barrel":17,"minecraft:bell_ring":3,"minecraft:damage_dealt_resisted":94,"minecraft:leave_game":10,"minecraft:time_since_death":2076,"minecraft:climb_one_cm":825,"minecraft:sprint_one_cm":269731,"minecraft:walk_one_cm":340823,"minecraft:damage_blocked_by_shield":450,"minecraft:drop":66,"minecraft:damage_dealt_absorbed":7,"minecraft:talked_to_villager":4,"minecraft:play_time":110411,"minecraft:deaths":13,"minecraft:sneak_time":3063,"minecraft:walk_under_water_one_cm":1069,"minecraft:jump":2308,"minecraft:interact_with_blast_furnace":6,"minecraft:walk_on_water_one_cm":19684,"minecraft:total_world_time":110411,"minecraft:interact_with_furnace":16,"minecraft:sleep_in_bed":3,"minecraft:time_since_rest":1864,"minecraft:damage_taken":6532,"minecraft:damage_dealt":8812,"tombstone:cast_on_ally":1,"minecraft:swim_one_cm":12313,"minecraft:fly_one_cm":471598,"minecraft:player_kills":1,"minecraft:open_chest":6,"minecraft:crouch_one_cm":6798,"tombstone:undead_killed":19,"minecraft:interact_with_smoker":1,"minecraft:fall_one_cm":64731},"minecraft:killed":{"minecraft:cave_spider":2,"enemyexpansion:intruder":1,"enemyexpansion:direwolf":3,"born_in_chaos_v1:maggot":3,"minecraft:skeleton":1,"undead_revamp2:therod":1,"artifacts:mimic":2,"born_in_chaos_v1:diamond_termite":10,"enemyexpansion:sprinter":2,"minecraft:creeper":1,"undead_revamp2:thebidyupside":1,"undead_revamp2:thesomnolence":1,"minecraft:zombie":13,"enemyexpansion:vampire":1,"born_in_chaos_v1:corpse_fly":1,"minecraft:glow_squid":3,"enemyexpansion:slugger":1},"minecraft:mined":{"minecraft:large_amethyst_bud":4,"minecraft:white_bed":2,"minecraft:deepslate_diamond_ore":7,"minecraft:brewing_stand":1,"born_in_chaos_v1:infected_diamond_ore":3,"minecraft:budding_amethyst":6,"born_in_chaos_v1:dark_metal_deposit":1,"minecraft:grass_block":2,"born_in_chaos_v1:black_argillite":1,"luminousworld:grassvariant_2":1,"luminousworld:white_oak_plank":1,"minecraft:hay_block":13,"minecraft:redstone_ore":3,"minecraft:furnace":2,"minecraft:iron_ore":25,"minecraft:cobbled_deepslate":8,"minecraft:andesite":3,"minecraft:bookshelf":26,"minecraft:deepslate_iron_ore":44,"minecraft:small_amethyst_bud":6,"minecraft:stone":24,"minecraft:deepslate_redstone_ore":10,"supplementaries:book_pile":1,"minecraft:medium_amethyst_bud":2,"minecraft:dandelion":1,"born_in_chaos_v1:infected_deepslate_diamond_ore":1,"minecraft:crafting_table":6,"minecraft:torch":1,"minecraft:calcite":2,"minecraft:rose_bush":1,"minecraft:tall_grass":2,"minecraft:cobblestone":3,"minecraft:deepslate_gold_ore":17,"minecraft:sugar_cane":7,"minecraft:oak_planks":1,"minecraft:wall_torch":6,"minecraft:amethyst_block":12,"supplementaries:urn":33,"luminousworld:whiteoaklog":7,"minecraft:wheat":91,"minecraft:grass":5,"minecraft:oak_log":18,"minecraft:coal_ore":37,"luminousworld:grassvariant_3":2,"minecraft:smooth_basalt":2,"minecraft:deepslate":117}},"DataVersion":3465}