{"stats":{"minecraft:broken":{"minecraft:iron_pickaxe":1},"minecraft:killed_by":{"enemyexpansion:trollenraged":1,"born_in_chaos_v1:corpse_fly":1,"mutantmonsters:mutant_creeper":1,"undead_revamp2:bomber":1,"minecraft:cave_spider":1,"minecraft:skeleton":2,"mutantmonsters:creeper_minion":1,"minecraft:zombie":1,"enemyexpansion:direwolf":2,"enemyexpansion:vampflyer":1,"undead_revamp2:thebeartamer":1,"enemyexpansion:invisicreeper":4},"minecraft:used":{"quark:ancient_tome":1,"minecraft:shield":22,"minecraft:iron_sword":159,"minecraft:rotten_flesh":4,"minecraft:stone_hoe":14,"minecraft:torch":119,"earthmobsmod:harder_flesh":2,"minecraft:dirt":6,"minecraft:tuff":12,"born_in_chaos_v1:corpse_maggot":8,"minecraft:iron_axe":15,"minecraft:lantern":7,"supplementaries:bomb_blue":1,"minecraft:furnace":2,"tombstone:gift":7,"minecraft:acacia_planks":4,"minecraft:cobbled_deepslate":131,"minecraft:wheat_seeds":87,"minecraft:cooked_mutton":2,"minecraft:diorite":14,"minecraft:oak_planks":8,"minecraft:stone_pickaxe":66,"minecraft:diamond_axe":9,"minecraft:wooden_pickaxe":8,"luminousworld:white_oak_plank":2,"minecraft:tnt":2,"minecraft:crafting_table":9,"minecraft:white_bed":2,"tombstone:bag_of_seeds":1,"minecraft:diamond_pickaxe":281,"minecraft:apple":1,"minecraft:bread":61,"minecraft:oak_button":1,"minecraft:iron_pickaxe":250,"minecraft:gravel":6,"minecraft:stone_axe":72,"minecraft:diamond_sword":97,"minecraft:cobblestone":46,"minecraft:andesite":8,"minecraft:experience_bottle":1},"minecraft:crafted":{"minecraft:oak_planks":68,"minecraft:raw_iron":9,"minecraft:furnace":1,"minecraft:iron_boots":1,"luminousworld:white_oak_plank":28,"minecraft:stone_pickaxe":1,"minecraft:diamond_boots":1,"minecraft:oak_button":1,"minecraft:stone_hoe":1,"minecraft:wheat":117,"minecraft:diamond_sword":1,"minecraft:crafting_table":3,"minecraft:wooden_pickaxe":1,"minecraft:iron_helmet":1,"minecraft:iron_sword":1,"minecraft:stone_axe":1,"minecraft:bread":69,"minecraft:air":0,"minecraft:iron_chestplate":1,"minecraft:diamond_pickaxe":1,"minecraft:shield":1,"minecraft:stick":36,"minecraft:iron_ingot":30,"minecraft:iron_pickaxe":1,"minecraft:iron_leggings":1,"minecraft:acacia_planks":4,"minecraft:torch":84},"minecraft:picked_up":{"minecraft:iron_chestplate":1,"minecraft:crafting_table":7,"born_in_chaos_v1:diamond_termite_shard":10,"minecraft:wheat":92,"minecraft:creeper_head":1,"supplementaries:bomb_blue":1,"minecraft:diamond_sword":2,"minecraft:chain":1,"minecraft:brewing_stand":1,"minecraft:amethyst_block":12,"born_in_chaos_v1:black_argillite":1,"minecraft:string":1,"minecraft:iron_axe":1,"minecraft:raw_copper":16,"minecraft:item_frame":1,"minecraft:zombie_head":4,"minecraft:gold_nugget":12,"minecraft:cobbled_deepslate":164,"minecraft:beef":3,"minecraft:rose_bush":1,"minecraft:calcite":2,"minecraft:iron_nugget":11,"minecraft:sugar_cane":10,"luminousworld:white_oak_plank":1,"minecraft:furnace":1,"minecraft:stick":4,"minecraft:raw_iron":135,"minecraft:torch":45,"minecraft:acacia_log":1,"minecraft:porkchop":3,"minecraft:diorite":15,"tombstone:grave_dust":9,"born_in_chaos_v1:pieceofdarkmetal":4,"minecraft:redstone":66,"minecraft:iron_horse_armor":1,"quark:ancient_tome":3,"minecraft:tnt":2,"minecraft:arrow":5,"minecraft:rotten_flesh":23,"supplementaries:antique_ink":4,"minecraft:hay_block":13,"supplementaries:ash":44,"minecraft:skeleton_skull":1,"minecraft:bone_block":24,"minecraft:cobblestone":70,"born_in_chaos_v1:corpse_maggot":8,"minecraft:air":0,"minecraft:glow_ink_sac":12,"minecraft:andesite":12,"minecraft:brown_wool":2,"minecraft:leather":2,"minecraft:tuff":14,"minecraft:oak_log":17,"supplementaries:flax_seeds":3,"minecraft:gunpowder":16,"minecraft:lapis_lazuli":4,"minecraft:dirt":8,"minecraft:lantern":7,"tombstone:gift":1,"minecraft:name_tag":1,"minecraft:cooked_mutton":2,"minecraft:bone":37,"minecraft:apple":1,"minecraft:wheat_seeds":248,"minecraft:raw_gold":23,"minecraft:cobweb":8,"tombstone:bag_of_seeds":1,"minecraft:glass_bottle":2,"minecraft:pitcher_pod":1,"minecraft:iron_sword":2,"minecraft:oak_planks":6,"minecraft:book":78,"minecraft:smooth_basalt":2,"minecraft:dandelion":1,"earthmobsmod:harder_flesh":2,"minecraft:raw_iron_block":1,"minecraft:gravel":7,"minecraft:white_bed":2,"minecraft:spider_eye":1,"artifacts:scarf_of_invisibility":1,"alexsmobs:animal_dictionary":1,"luminousworld:whiteoaklog":7,"minecraft:pumpkin_seeds":1,"minecraft:sugar":2,"minecraft:diamond":9,"minecraft:diamond_axe":4,"minecraft:grass":2,"minecraft:gray_wool":2,"minecraft:bread":9,"minecraft:emerald":19,"tombstone:magic_scroll":1,"minecraft:oak_sapling":1,"minecraft:melon_seeds":3,"minecraft:coal":68},"minecraft:dropped":{"minecraft:enchanted_book":1,"minecraft:stone_hoe":1,"minecraft:bread":15,"minecraft:iron_sword":3,"minecraft:wheat_seeds":161,"minecraft:diamond_axe":1,"minecraft:glass_bottle":2,"minecraft:crafting_table":1,"minecraft:pitcher_pod":1,"minecraft:cobblestone":8,"born_in_chaos_v1:pieceofdarkmetal":2,"minecraft:item_frame":1,"minecraft:stick":1,"minecraft:emerald":13,"minecraft:cobweb":16,"minecraft:dirt":1,"minecraft:grass":2,"born_in_chaos_v1:black_argillite":1,"minecraft:diorite":1,"minecraft:rose_bush":1,"minecraft:zombie_head":2,"tombstone:grave_dust":2,"minecraft:chain":1,"minecraft:bone_block":12,"minecraft:string":1,"minecraft:redstone":1,"quark:ancient_tome":1,"minecraft:dandelion":1,"minecraft:smooth_basalt":2,"minecraft:gravel":1,"minecraft:creeper_head":1,"minecraft:sugar_cane":10,"luminousworld:white_oak_plank":27,"alexsmobs:animal_dictionary":2,"minecraft:cobbled_deepslate":33,"minecraft:raw_copper":3,"minecraft:tuff":2,"minecraft:wheat":2,"tombstone:gift":1,"minecraft:rotten_flesh":21,"minecraft:oak_planks":9,"minecraft:iron_boots":1,"minecraft:pumpkin_seeds":1,"supplementaries:antique_ink":1,"supplementaries:flax_seeds":3,"supplementaries:ash":44,"minecraft:gunpowder":16,"aether:iron_gloves":1,"minecraft:iron_chestplate":1,"minecraft:andesite":4,"minecraft:melon_seeds":3,"minecraft:oak_sapling":1,"minecraft:arrow":1,"minecraft:stone_pickaxe":1,"minecraft:wooden_pickaxe":1,"minecraft:calcite":2},"minecraft:custom":{"minecraft:interact_with_smithing_table":2,"minecraft:interact_with_anvil":2,"minecraft:mob_kills":74,"minecraft:interact_with_crafting_table":37,"minecraft:open_barrel":17,"minecraft:bell_ring":4,"minecraft:damage_dealt_resisted":104,"minecraft:leave_game":11,"minecraft:time_since_death":4190,"minecraft:climb_one_cm":825,"minecraft:sprint_one_cm":362932,"minecraft:walk_one_cm":478451,"minecraft:damage_blocked_by_shield":975,"minecraft:drop":105,"minecraft:damage_dealt_absorbed":7,"minecraft:talked_to_villager":5,"minecraft:play_time":155160,"minecraft:deaths":18,"minecraft:sneak_time":4027,"minecraft:walk_under_water_one_cm":10064,"minecraft:jump":3409,"minecraft:interact_with_blast_furnace":6,"minecraft:walk_on_water_one_cm":39679,"minecraft:total_world_time":155160,"minecraft:interact_with_furnace":16,"tombstone:raider_killed":1,"minecraft:sleep_in_bed":3,"minecraft:time_since_rest":4057,"minecraft:damage_taken":8874,"tombstone:sneak_grave":3,"minecraft:damage_dealt":12526,"tombstone:cast_on_ally":1,"minecraft:player_kills":2,"minecraft:swim_one_cm":17391,"minecraft:fly_one_cm":657424,"minecraft:open_chest":11,"minecraft:crouch_one_cm":8459,"tombstone:undead_killed":30,"minecraft:interact_with_smoker":1,"minecraft:fall_one_cm":88525},"minecraft:killed":{"minecraft:cave_spider":3,"minecraft:witch":1,"born_in_chaos_v1:restless_spirit":1,"born_in_chaos_v1:zombie_lumberjack":1,"enemyexpansion:intruder":1,"enemyexpansion:direwolf":3,"born_in_chaos_v1:maggot":4,"minecraft:skeleton":1,"undead_revamp2:therod":1,"earthmobsmod:albino_cow":1,"artifacts:mimic":2,"minecraft:pig":1,"born_in_chaos_v1:baby_skeleton":1,"born_in_chaos_v1:diamond_termite":10,"enemyexpansion:sprinter":2,"minecraft:creeper":1,"undead_revamp2:thebidyupside":1,"undead_revamp2:thesomnolence":1,"minecraft:zombie":20,"enemyexpansion:vampire":1,"born_in_chaos_v1:corpse_fly":3,"minecraft:glow_squid":3,"born_in_chaos_v1:door_knight":1,"enemyexpansion:slugger":2},"minecraft:mined":{"minecraft:large_amethyst_bud":4,"minecraft:tuff":19,"minecraft:white_bed":2,"minecraft:deepslate_diamond_ore":9,"minecraft:brewing_stand":1,"born_in_chaos_v1:infected_diamond_ore":3,"minecraft:budding_amethyst":6,"born_in_chaos_v1:dark_metal_deposit":1,"minecraft:grass_block":4,"minecraft:brown_wool":2,"born_in_chaos_v1:black_argillite":1,"placeablesmod:gold_nugget_block":1,"luminousworld:grassvariant_2":1,"luminousworld:white_oak_plank":1,"minecraft:hay_block":13,"minecraft:raw_iron_block":1,"minecraft:redstone_ore":3,"minecraft:furnace":2,"minecraft:iron_ore":41,"minecraft:cobbled_deepslate":12,"minecraft:andesite":12,"minecraft:bookshelf":26,"minecraft:deepslate_iron_ore":95,"minecraft:small_amethyst_bud":6,"minecraft:stone":70,"minecraft:deepslate_redstone_ore":11,"supplementaries:book_pile":1,"minecraft:medium_amethyst_bud":2,"minecraft:dandelion":1,"born_in_chaos_v1:infected_deepslate_diamond_ore":2,"minecraft:crafting_table":6,"minecraft:torch":2,"minecraft:calcite":2,"minecraft:rose_bush":1,"minecraft:tall_grass":2,"minecraft:cobblestone":5,"minecraft:deepslate_gold_ore":19,"minecraft:oak_planks":1,"minecraft:sugar_cane":7,"minecraft:diorite":14,"minecraft:wall_torch":6,"minecraft:amethyst_block":12,"supplementaries:urn":41,"luminousworld:whiteoaklog":7,"minecraft:cyan_wool":2,"minecraft:gray_wool":2,"minecraft:light_blue_bed":1,"minecraft:wheat":91,"minecraft:grass":7,"luminousworld:ishstone":1,"minecraft:oak_log":18,"minecraft:coal_ore":62,"minecraft:dirt":6,"minecraft:gravel":1,"luminousworld:grassvariant_3":2,"minecraft:smooth_basalt":2,"minecraft:deepslate":155}},"DataVersion":3465}