{"stats":{"minecraft:killed_by":{"undead_revamp2:bomber":1,"enemyexpansion:trollenraged":1,"minecraft:skeleton":1,"mutantmonsters:creeper_minion":1,"minecraft:zombie":1,"enemyexpansion:vampflyer":1,"undead_revamp2:thebeartamer":1,"enemyexpansion:invisicreeper":2},"minecraft:used":{"minecraft:wheat_seeds":87,"minecraft:stone_pickaxe":66,"minecraft:oak_planks":6,"minecraft:wooden_pickaxe":8,"luminousworld:white_oak_plank":2,"minecraft:shield":10,"minecraft:iron_sword":42,"minecraft:stone_hoe":14,"minecraft:torch":40,"minecraft:dirt":1,"minecraft:crafting_table":6,"minecraft:white_bed":2,"minecraft:apple":1,"minecraft:lantern":7,"minecraft:bread":15,"minecraft:iron_pickaxe":136,"minecraft:cobblestone":25,"minecraft:stone_axe":72,"minecraft:furnace":1,"minecraft:andesite":3,"tombstone:gift":4,"minecraft:cobbled_deepslate":19},"minecraft:crafted":{"minecraft:oak_planks":68,"minecraft:crafting_table":2,"minecraft:wooden_pickaxe":1,"minecraft:iron_sword":1,"minecraft:furnace":1,"minecraft:stone_axe":1,"minecraft:bread":69,"minecraft:air":0,"minecraft:iron_chestplate":1,"minecraft:shield":1,"luminousworld:white_oak_plank":28,"minecraft:stick":24,"minecraft:iron_ingot":14,"minecraft:iron_pickaxe":1,"minecraft:stone_pickaxe":1,"minecraft:torch":32,"minecraft:stone_hoe":1,"minecraft:wheat":117},"minecraft:picked_up":{"minecraft:crafting_table":6,"minecraft:wheat":92,"minecraft:glow_ink_sac":12,"minecraft:andesite":3,"minecraft:oak_log":17,"minecraft:brewing_stand":1,"minecraft:gunpowder":1,"minecraft:amethyst_block":12,"minecraft:dirt":2,"minecraft:lantern":7,"minecraft:item_frame":1,"minecraft:bone":15,"minecraft:apple":1,"minecraft:wheat_seeds":248,"minecraft:cobbled_deepslate":76,"minecraft:raw_gold":9,"minecraft:rose_bush":1,"minecraft:calcite":2,"minecraft:iron_nugget":11,"minecraft:sugar_cane":10,"luminousworld:white_oak_plank":1,"minecraft:oak_planks":1,"minecraft:furnace":1,"minecraft:book":78,"minecraft:stick":4,"minecraft:raw_iron":24,"minecraft:smooth_basalt":2,"minecraft:torch":8,"minecraft:dandelion":1,"tombstone:grave_dust":3,"minecraft:white_bed":2,"minecraft:redstone":46,"artifacts:scarf_of_invisibility":1,"luminousworld:whiteoaklog":7,"minecraft:arrow":1,"minecraft:rotten_flesh":8,"minecraft:diamond":3,"minecraft:hay_block":13,"supplementaries:antique_ink":2,"minecraft:emerald":1,"supplementaries:ash":8,"tombstone:magic_scroll":1,"minecraft:oak_sapling":1,"minecraft:coal":19,"minecraft:cobblestone":45},"minecraft:dropped":{"minecraft:sugar_cane":10,"minecraft:wheat_seeds":97,"luminousworld:white_oak_plank":27,"minecraft:cobbled_deepslate":27,"minecraft:crafting_table":1,"tombstone:gift":1,"minecraft:rotten_flesh":9,"minecraft:cobblestone":4,"minecraft:item_frame":1,"minecraft:stick":1,"minecraft:dirt":1,"minecraft:gunpowder":1,"minecraft:rose_bush":1,"minecraft:oak_sapling":1,"tombstone:grave_dust":2,"minecraft:dandelion":1},"minecraft:custom":{"minecraft:interact_with_smithing_table":1,"minecraft:interact_with_furnace":5,"minecraft:mob_kills":13,"minecraft:interact_with_crafting_table":27,"minecraft:open_barrel":16,"minecraft:bell_ring":3,"minecraft:damage_dealt_resisted":23,"minecraft:leave_game":9,"minecraft:time_since_death":2285,"minecraft:sleep_in_bed":3,"minecraft:climb_one_cm":825,"minecraft:time_since_rest":1226,"minecraft:sprint_one_cm":162381,"minecraft:damage_taken":3503,"minecraft:walk_one_cm":176761,"minecraft:damage_blocked_by_shield":270,"minecraft:drop":19,"minecraft:damage_dealt":3151,"tombstone:cast_on_ally":1,"minecraft:swim_one_cm":11373,"minecraft:talked_to_villager":4,"minecraft:fly_one_cm":233787,"minecraft:open_chest":5,"minecraft:crouch_one_cm":4083,"minecraft:play_time":63355,"tombstone:undead_killed":4,"minecraft:deaths":9,"minecraft:sneak_time":1829,"minecraft:walk_under_water_one_cm":666,"minecraft:jump":1102,"minecraft:interact_with_blast_furnace":6,"minecraft:walk_on_water_one_cm":9275,"minecraft:total_world_time":63355,"minecraft:interact_with_smoker":1,"minecraft:fall_one_cm":25999},"minecraft:killed":{"enemyexpansion:sprinter":1,"enemyexpansion:direwolf":2,"minecraft:skeleton":1,"minecraft:zombie":2,"minecraft:glow_squid":3,"artifacts:mimic":2},"minecraft:mined":{"minecraft:deepslate_redstone_ore":10,"minecraft:large_amethyst_bud":4,"minecraft:white_bed":2,"minecraft:deepslate_diamond_ore":3,"minecraft:medium_amethyst_bud":2,"minecraft:dandelion":1,"minecraft:brewing_stand":1,"minecraft:crafting_table":5,"minecraft:torch":1,"minecraft:budding_amethyst":6,"minecraft:calcite":2,"minecraft:grass_block":2,"minecraft:rose_bush":1,"luminousworld:grassvariant_2":1,"minecraft:tall_grass":2,"minecraft:cobblestone":3,"minecraft:deepslate_gold_ore":9,"luminousworld:white_oak_plank":1,"minecraft:oak_planks":1,"minecraft:sugar_cane":7,"minecraft:wall_torch":6,"minecraft:amethyst_block":12,"supplementaries:urn":11,"luminousworld:whiteoaklog":7,"minecraft:hay_block":13,"minecraft:furnace":1,"minecraft:iron_ore":6,"minecraft:wheat":91,"minecraft:andesite":3,"minecraft:grass":5,"minecraft:bookshelf":26,"minecraft:coal_ore":14,"minecraft:oak_log":18,"minecraft:deepslate_iron_ore":18,"minecraft:small_amethyst_bud":6,"luminousworld:grassvariant_3":2,"minecraft:smooth_basalt":2,"minecraft:stone":20,"minecraft:deepslate":74}},"DataVersion":3465}