{"stats":{"minecraft:picked_up":{"minecraft:dark_oak_sapling":1,"minecraft:oak_slab":1,"minecraft:stick":4,"minecraft:raw_iron":1,"minecraft:sweet_berries":8,"minecraft:salmon":2,"minecraft:andesite":9,"luminousworld:ishstone":4,"minecraft:oak_fence":1,"minecraft:brown_mushroom":1,"friendsandfoes:totem_of_illusion":1,"minecraft:spruce_stairs":1,"minecraft:gravel":7,"minecraft:sand":10,"twilightforest:diamond_minotaur_axe":1,"twilightforest:minoshroom_trophy":1,"minecraft:spruce_sapling":3,"minecraft:diorite":7,"minecraft:spruce_log":13,"twilightforest:alpha_yeti_trophy":1,"minecraft:dark_oak_log":1,"minecraft:dirt":63,"minecraft:mossy_cobblestone":1,"twilightforest:meef_stroganoff":3,"minecraft:raw_copper":3,"aether:diamond_gloves":3,"minecraft:arrow":1,"minecraft:bone":1,"minecraft:rotten_flesh":2,"twilightforest:alpha_yeti_fur":2,"minecraft:iron_ingot":1,"minecraft:granite":11,"twilightforest:ice_bomb":4,"minecraft:bread":2,"iceandfire:raw_silver":1,"minecraft:cobblestone":218},"minecraft:custom":{"minecraft:time_since_rest":15377,"minecraft:sprint_one_cm":2805,"minecraft:walk_one_cm":35429,"tombstone:sneak_grave":2,"minecraft:mob_kills":1,"minecraft:drop":2,"tombstone:raider_killed":1,"minecraft:damage_dealt":14,"minecraft:fly_one_cm":286576,"minecraft:crouch_one_cm":467,"minecraft:play_time":15377,"minecraft:sneak_time":473,"minecraft:walk_under_water_one_cm":2728,"minecraft:jump":36,"minecraft:time_since_death":15377,"minecraft:walk_on_water_one_cm":3432,"minecraft:total_world_time":15377},"minecraft:dropped":{"aether:diamond_gloves":2},"minecraft:used":{"twilightforest:knight_phantom_boss_spawner":3,"undead_revamp2:therod_spawn_egg":1,"twilightforest:minoshroom_boss_spawner":1,"undead_revamp2:theskeeper_spawn_egg":1,"undead_revamp2:slaveman_spawn_egg":1,"undead_revamp2:thewolf_spawn_egg":1,"undead_revamp2:thesomnolence_spawn_egg":1,"alexscaves:remote_detonator":10,"twilightforest:naga_boss_spawner":1,"undead_revamp2:theimmortal_spawn_egg":1,"undead_revamp2:invisiblebidy_spawn_egg":2,"alexscaves:spawn_egg_raycat":1,"alexscaves:tremorzilla_egg":1,"undead_revamp2:invisiimmortal_spawn_egg":1,"twilightforest:final_boss_boss_spawner":1,"undead_revamp2:thebeartamer_spawn_egg":1,"twilightforest:ur_ghast_boss_spawner":1,"twilightforest:lich_boss_spawner":1,"twilightforest:alpha_yeti_boss_spawner":1,"alexscaves:spawn_egg_nucleeper":1,"alexscaves:nuclear_bomb":5,"minecraft:milk_bucket":1},"minecraft:killed":{"illagerinvasion:basher":1}},"DataVersion":3465}