{"stats":{"minecraft:picked_up":{"aether:diamond_gloves":3,"minecraft:bone":1},"minecraft:custom":{"minecraft:time_since_rest":9377,"minecraft:crouch_one_cm":408,"minecraft:play_time":9377,"minecraft:sprint_one_cm":2805,"minecraft:walk_one_cm":18277,"minecraft:sneak_time":204,"minecraft:mob_kills":1,"minecraft:drop":2,"minecraft:jump":23,"tombstone:raider_killed":1,"minecraft:damage_dealt":14,"minecraft:time_since_death":9377,"minecraft:total_world_time":9377,"minecraft:fly_one_cm":11793},"minecraft:dropped":{"aether:diamond_gloves":2},"minecraft:used":{"undead_revamp2:invisiblebidy_spawn_egg":2,"alexscaves:spawn_egg_raycat":1,"undead_revamp2:invisiimmortal_spawn_egg":1,"undead_revamp2:therod_spawn_egg":1,"undead_revamp2:thebeartamer_spawn_egg":1,"undead_revamp2:theskeeper_spawn_egg":1,"undead_revamp2:thewolf_spawn_egg":1,"undead_revamp2:thesomnolence_spawn_egg":1,"undead_revamp2:slaveman_spawn_egg":1,"alexscaves:spawn_egg_nucleeper":1,"minecraft:milk_bucket":1,"undead_revamp2:theimmortal_spawn_egg":1},"minecraft:killed":{"illagerinvasion:basher":1}},"DataVersion":3465}