{"stats":{"minecraft:used":{"iceandfire:spawn_egg_hydra":1,"undead_revamp2:therod_spawn_egg":1,"alexscaves:spawn_egg_watcher":1,"iceandfire:spawn_egg_ice_dragon":19,"undead_revamp2:thesomnolence_spawn_egg":1,"undead_revamp2:slaveman_spawn_egg":1,"undead_revamp2:theimmortal_spawn_egg":1,"undead_revamp2:invisiblebidy_spawn_egg":2,"alexscaves:tremorzilla_egg":1,"undead_revamp2:invisiimmortal_spawn_egg":1,"twilightforest:final_boss_boss_spawner":1,"undead_revamp2:thebeartamer_spawn_egg":1,"alexscaves:spawn_egg_corrodent":1,"twilightforest:alpha_yeti_boss_spawner":1,"alexscaves:spawn_egg_underzealot":1,"alexscaves:spawn_egg_nucleeper":1,"iceandfire:spawn_egg_fire_dragon":19,"iceandfire:spawn_egg_hippocampus":1,"minecraft:milk_bucket":1,"iceandfire:spawn_egg_death_worm":1,"twilightforest:knight_phantom_boss_spawner":3,"twilightforest:minoshroom_boss_spawner":1,"undead_revamp2:theskeeper_spawn_egg":1,"undead_revamp2:thewolf_spawn_egg":1,"alexscaves:spawn_egg_forsaken":1,"alexscaves:remote_detonator":13,"twilightforest:naga_boss_spawner":1,"alexscaves:spawn_egg_raycat":1,"iceandfire:spawn_egg_lightning_dragon":9,"alexscaves:spawn_egg_vesper":1,"iceandfire:spawn_egg_hippogryph":1,"twilightforest:ur_ghast_boss_spawner":1,"twilightforest:lich_boss_spawner":1,"alexscaves:spawn_egg_gloomoth":1,"torchmaster:megatorch":1,"alexscaves:nuclear_bomb":8},"minecraft:picked_up":{"minecraft:salmon":2,"minecraft:andesite":9,"luminousworld:ishstone":5,"minecraft:brown_mushroom":1,"friendsandfoes:totem_of_illusion":1,"twilightforest:minoshroom_trophy":1,"twilightforest:alpha_yeti_trophy":1,"minecraft:dirt":65,"minecraft:moss_carpet":4,"minecraft:raw_copper":3,"aether:diamond_gloves":3,"minecraft:bone":4,"minecraft:apple":1,"minecraft:iron_ingot":1,"twilightforest:ice_bomb":4,"born_in_chaos_v1:gnawed_bones":1,"minecraft:flowering_azalea":1,"minecraft:dark_oak_sapling":1,"minecraft:oak_slab":1,"minecraft:stick":4,"minecraft:raw_iron":1,"minecraft:sweet_berries":8,"minecraft:big_dripleaf":3,"minecraft:oak_fence":1,"iceandfire:ash":1,"minecraft:spruce_stairs":1,"minecraft:gravel":8,"minecraft:sand":10,"iceandfire:shiny_scales":4,"twilightforest:diamond_minotaur_axe":1,"minecraft:spruce_sapling":3,"minecraft:diorite":7,"minecraft:spruce_log":13,"minecraft:dark_oak_log":8,"minecraft:mossy_cobblestone":1,"twilightforest:meef_stroganoff":3,"minecraft:arrow":2,"minecraft:rotten_flesh":10,"minecraft:soul_lantern":1,"twilightforest:alpha_yeti_fur":2,"minecraft:granite":12,"minecraft:bread":2,"minecraft:emerald":2,"supplementaries:ash":1,"iceandfire:raw_silver":1,"minecraft:bone_block":2,"minecraft:cobblestone":239},"minecraft:dropped":{"aether:diamond_gloves":2},"minecraft:custom":{"minecraft:mob_kills":1,"tombstone:raider_killed":1,"minecraft:leave_game":1,"minecraft:time_since_death":14846,"minecraft:time_since_rest":12447,"minecraft:sprint_one_cm":23852,"minecraft:walk_one_cm":49807,"tombstone:sneak_grave":2,"minecraft:drop":2,"minecraft:damage_dealt":14,"minecraft:talked_to_villager":4,"minecraft:fly_one_cm":603220,"minecraft:crouch_one_cm":754,"minecraft:play_time":36157,"minecraft:deaths":2,"minecraft:sneak_time":1003,"minecraft:walk_under_water_one_cm":3759,"minecraft:jump":193,"minecraft:walk_on_water_one_cm":6331,"minecraft:total_world_time":36157},"minecraft:killed":{"illagerinvasion:basher":1}},"DataVersion":3465}