{"stats":{"minecraft:killed_by":{"minecraft:player":2},"minecraft:used":{"minecraft:wooden_axe":15,"minecraft:wooden_hoe":14,"minecraft:lantern":1,"minecraft:iron_pickaxe":3,"minecraft:bread":14,"minecraft:stone_pickaxe":2,"minecraft:oak_planks":11,"minecraft:wooden_pickaxe":1,"minecraft:iron_sword":16,"minecraft:golden_leggings":1,"minecraft:golden_helmet":1,"minecraft:crafting_table":5,"tombstone:gift":1,"minecraft:cobbled_deepslate":15},"minecraft:crafted":{"minecraft:oak_planks":56,"minecraft:wooden_hoe":1,"minecraft:crafting_table":1,"minecraft:stick":12,"minecraft:iron_pickaxe":1,"minecraft:iron_ingot":3,"minecraft:wooden_pickaxe":1,"minecraft:stone_pickaxe":1,"minecraft:wooden_axe":1,"minecraft:air":0,"minecraft:bread":30},"minecraft:picked_up":{"born_in_chaos_v1:corpse_maggot":1,"minecraft:raw_iron":21,"minecraft:crafting_table":5,"minecraft:wheat":90,"minecraft:oak_log":14,"minecraft:lapis_lazuli":5,"minecraft:gunpowder":1,"minecraft:lantern":1,"minecraft:rotten_flesh":4,"minecraft:wheat_seeds":240,"minecraft:cobbled_deepslate":24,"minecraft:raw_gold":2,"minecraft:hay_block":13,"minecraft:bread":1,"minecraft:iron_sword":2,"minecraft:oak_planks":2,"minecraft:skeleton_skull":1},"minecraft:dropped":{"minecraft:oak_planks":5,"minecraft:wooden_pickaxe":1},"minecraft:custom":{"minecraft:time_since_rest":2907,"minecraft:interact_with_furnace":2,"minecraft:sprint_one_cm":64647,"minecraft:damage_taken":1135,"minecraft:walk_one_cm":79491,"minecraft:mob_kills":3,"minecraft:drop":6,"minecraft:damage_dealt":664,"minecraft:interact_with_crafting_table":7,"minecraft:swim_one_cm":5068,"minecraft:talked_to_villager":2,"minecraft:fly_one_cm":56462,"minecraft:open_barrel":1,"minecraft:open_chest":3,"minecraft:crouch_one_cm":2231,"minecraft:play_time":21321,"minecraft:deaths":2,"minecraft:sneak_time":794,"minecraft:walk_under_water_one_cm":257,"minecraft:jump":408,"minecraft:time_since_death":3424,"minecraft:walk_on_water_one_cm":1115,"minecraft:sleep_in_bed":1,"minecraft:total_world_time":21321,"minecraft:climb_one_cm":1978,"minecraft:fall_one_cm":10420},"minecraft:killed":{"born_in_chaos_v1:bloody_gadfly":1,"minecraft:spider":2},"minecraft:mined":{"minecraft:hay_block":13,"minecraft:cobbled_deepslate":2,"minecraft:wheat":91,"minecraft:deepslate_lapis_ore":1,"minecraft:crafting_table":5,"minecraft:grass":2,"minecraft:oak_log":14,"placeablesmod:iron_sword_block":1,"luminousworld:grassvariant_2":1,"minecraft:deepslate_gold_ore":2,"minecraft:oak_planks":2,"placeablesmod:bread_full_block":1,"minecraft:oak_leaves":2}},"DataVersion":3465}