{"stats":{"minecraft:broken":{"minecraft:golden_helmet":1,"minecraft:iron_boots":1,"minecraft:iron_chestplate":1,"minecraft:golden_leggings":1,"minecraft:iron_helmet":1},"minecraft:killed_by":{"minecraft:player":8,"born_in_chaos_v1:mr_pumpkin":1,"minecraft:creeper":2,"quark:forgotten":1,"minecraft:drowned":1,"enemyexpansion:meature":1,"minecraft:vindicator":2,"minecraft:silverfish":1,"undead_revamp2:therod":2,"mutantmonsters:mutant_skeleton":2,"born_in_chaos_v1:pumpkinhead":2,"enemyexpansion:direwolf":1,"enemyexpansion:vampflyer":1,"enemyexpansion:silverqueen":1,"enemyexpansion:invisicreeper":3},"minecraft:used":{"minecraft:bone_block":5,"minecraft:shield":28,"minecraft:iron_sword":257,"minecraft:rotten_flesh":1,"minecraft:iron_chestplate":1,"minecraft:torch":23,"minecraft:dirt":2,"born_in_chaos_v1:soul_cutlass":71,"minecraft:tuff":1,"minecraft:granite":4,"minecraft:wooden_axe":20,"minecraft:lantern":1,"minecraft:iron_axe":15,"minecraft:iron_helmet":1,"minecraft:iron_boots":1,"minecraft:furnace":1,"tombstone:gift":3,"minecraft:cooked_beef":1,"minecraft:cobbled_deepslate":96,"minecraft:iron_leggings":1,"minecraft:diamond_boots":1,"minecraft:stone_pickaxe":2,"minecraft:oak_planks":12,"minecraft:wooden_pickaxe":1,"mutantmonsters:mutant_skeleton_chestplate":1,"minecraft:sand":21,"minecraft:crafting_table":17,"minecraft:wooden_hoe":14,"minecraft:bread":99,"minecraft:iron_pickaxe":215,"tombstone:grave_key":14,"minecraft:golden_leggings":1,"minecraft:golden_helmet":1,"minecraft:cobblestone":14,"quark:oak_chest":1,"minecraft:oak_boat":2,"minecraft:cobweb":2,"minecraft:chainmail_leggings":1},"minecraft:crafted":{"minecraft:oak_planks":96,"minecraft:coal":9,"mutantmonsters:mutant_skeleton_chestplate":1,"minecraft:iron_axe":1,"tombstone:grave_key":1,"minecraft:stone_pickaxe":1,"minecraft:wheat":117,"minecraft:cooked_beef":13,"sophisticatedbackpacks:backpack":1,"minecraft:crafting_table":3,"minecraft:wooden_pickaxe":1,"minecraft:bread":89,"minecraft:air":0,"minecraft:oak_boat":2,"minecraft:wooden_hoe":1,"minecraft:shield":1,"minecraft:stick":16,"quark:oak_chest":2,"minecraft:iron_ingot":33,"minecraft:iron_pickaxe":1,"minecraft:wooden_axe":1},"minecraft:picked_up":{"minecraft:crafting_table":15,"minecraft:iron_chestplate":1,"born_in_chaos_v1:diamond_termite_shard":4,"minecraft:wheat":150,"mutantmonsters:mutant_skeleton_arms":1,"minecraft:creeper_head":1,"aether:iron_gloves":1,"minecraft:enchanted_book":1,"minecraft:chain":1,"minecraft:string":7,"minecraft:raw_copper":8,"minecraft:iron_leggings":1,"minecraft:pufferfish":1,"minecraft:zombie_head":2,"minecraft:cobbled_deepslate":119,"minecraft:beef":12,"minecraft:oak_boat":1,"minecraft:redstone_torch":1,"minecraft:coal_block":1,"luminousworld:white_oak_plank":2,"minecraft:furnace":3,"minecraft:iron_boots":1,"minecraft:raw_iron":73,"minecraft:copper_ingot":2,"minecraft:torch":24,"minecraft:acacia_log":1,"minecraft:porkchop":7,"tombstone:grave_dust":4,"minecraft:prismarine_crystals":3,"minecraft:arrow":6,"minecraft:rotten_flesh":23,"minecraft:diamond_boots":1,"supplementaries:antique_ink":2,"minecraft:hay_block":13,"mutantmonsters:mutant_skeleton_rib":3,"minecraft:saddle":1,"supplementaries:ash":51,"mutantmonsters:mutant_skeleton_shoulder_pad":1,"minecraft:skeleton_skull":1,"minecraft:bone_block":25,"minecraft:cobblestone":21,"born_in_chaos_v1:corpse_maggot":7,"minecraft:andesite":4,"luminousworld:ishstone":2,"minecraft:leather":4,"minecraft:filled_map":4,"minecraft:tuff":1,"minecraft:oak_log":24,"supplementaries:flax_seeds":4,"minecraft:gunpowder":13,"mutantmonsters:mutant_skeleton_limb":4,"minecraft:lapis_lazuli":11,"minecraft:dirt":2,"minecraft:lantern":1,"minecraft:bone":15,"born_in_chaos_v1:soul_cutlass":1,"minecraft:wheat_seeds":405,"minecraft:raw_gold":13,"mutantmonsters:mutant_skeleton_rib_cage":2,"minecraft:rabbit_hide":5,"minecraft:iron_ingot":4,"minecraft:stone_pickaxe":1,"minecraft:cobweb":9,"minecraft:iron_sword":8,"minecraft:oak_planks":4,"born_in_chaos_v1:ethereal_spirit":2,"minecraft:gravel":1,"earthmobsmod:harder_flesh":2,"iceandfire:shiny_scales":2,"minecraft:sand":21,"mutantmonsters:mutant_skeleton_leggings":1,"minecraft:spider_eye":3,"minecraft:diamond":22,"minecraft:chainmail_leggings":1,"minecraft:iron_helmet":1,"minecraft:granite":17,"mutantmonsters:mutant_skeleton_boots":1,"minecraft:grass":2,"minecraft:bread":22,"minecraft:emerald":24},"minecraft:dropped":{"minecraft:enchanted_book":1,"minecraft:bread":4,"minecraft:iron_sword":3,"minecraft:wheat_seeds":406,"luminousworld:ishstone":2,"minecraft:diamond":1,"minecraft:cobblestone":2,"mutantmonsters:mutant_skeleton_boots":1,"minecraft:acacia_log":1,"mutantmonsters:mutant_skeleton_shoulder_pad":1,"minecraft:pufferfish":1,"minecraft:stick":2,"minecraft:grass":3,"minecraft:wooden_hoe":1,"minecraft:wooden_axe":1,"minecraft:zombie_head":2,"minecraft:iron_leggings":1,"minecraft:chain":1,"minecraft:furnace":1,"luminousworld:white_oak_plank":2,"alexsmobs:animal_dictionary":1,"minecraft:rotten_flesh":20,"minecraft:oak_planks":9,"earthmobsmod:harder_flesh":2,"mutantmonsters:mutant_skeleton_chestplate":1,"minecraft:filled_map":2,"minecraft:rabbit_hide":5,"supplementaries:flax_seeds":4,"supplementaries:ash":52,"mutantmonsters:mutant_skeleton_rib_cage":1,"minecraft:skeleton_skull":1,"mutantmonsters:mutant_skeleton_limb":4,"minecraft:andesite":4,"born_in_chaos_v1:corpse_maggot":7,"minecraft:acacia_sapling":1,"born_in_chaos_v1:diamond_termite_shard":2,"mutantmonsters:mutant_skeleton_leggings":1,"minecraft:spider_eye":3,"minecraft:arrow":8,"minecraft:stone_pickaxe":2,"minecraft:wooden_pickaxe":1,"mutantmonsters:mutant_skeleton_rib":3},"minecraft:custom":{"minecraft:interact_with_smithing_table":1,"minecraft:mob_kills":67,"minecraft:interact_with_crafting_table":29,"minecraft:open_barrel":6,"minecraft:damage_dealt_resisted":40,"minecraft:leave_game":3,"minecraft:time_since_death":7141,"minecraft:climb_one_cm":8572,"minecraft:sprint_one_cm":361725,"minecraft:walk_one_cm":393996,"minecraft:damage_blocked_by_shield":315,"minecraft:drop":99,"minecraft:talked_to_villager":2,"minecraft:play_time":167860,"minecraft:deaths":32,"minecraft:sneak_time":5203,"minecraft:walk_under_water_one_cm":27555,"minecraft:boat_one_cm":247967,"minecraft:jump":3278,"minecraft:interact_with_blast_furnace":6,"minecraft:walk_on_water_one_cm":82485,"minecraft:total_world_time":167860,"minecraft:interact_with_furnace":11,"tombstone:raider_killed":2,"minecraft:sleep_in_bed":1,"minecraft:time_since_rest":6890,"minecraft:damage_taken":14487,"minecraft:damage_dealt":15109,"minecraft:player_kills":1,"minecraft:swim_one_cm":38836,"minecraft:fly_one_cm":589276,"minecraft:open_chest":16,"minecraft:crouch_one_cm":11336,"tombstone:undead_killed":27,"minecraft:fall_one_cm":94291},"minecraft:killed":{"minecraft:cave_spider":1,"born_in_chaos_v1:mr_pumpkin":2,"born_in_chaos_v1:restless_spirit":1,"undead_revamp2:thegliter":1,"minecraft:spider":5,"minecraft:vindicator":1,"enemyexpansion:direwolf":4,"quark:forgotten":1,"born_in_chaos_v1:maggot":2,"minecraft:skeleton":2,"iceandfire:siren":1,"minecraft:silverfish":1,"minecraft:drowned":2,"alexsmobs:bison":1,"enemyexpansion:vampflyer":1,"earthmobsmod:albino_cow":6,"earthmobsmod:bouldering_zombie":1,"minecraft:pig":4,"born_in_chaos_v1:diamond_termite":3,"born_in_chaos_v1:baby_skeleton":2,"undead_revamp2:the_moonflower":1,"enemyexpansion:sprinter":1,"mutantmonsters:mutant_skeleton":1,"born_in_chaos_v1:bloody_gadfly":1,"minecraft:pillager":1,"minecraft:zombie":12,"enemyexpansion:vampire":1,"born_in_chaos_v1:corpse_fly":2,"enemyexpansion:slugger":1},"minecraft:mined":{"luminousworld:white_petunias":1,"minecraft:tuff":1,"minecraft:deepslate_diamond_ore":21,"born_in_chaos_v1:infected_diamond_ore":1,"minecraft:granite":1,"minecraft:grass_block":2,"luminousworld:grassvariant_2":5,"minecraft:coal_block":1,"minecraft:spawner":1,"minecraft:hay_block":13,"minecraft:furnace":1,"minecraft:fire":2,"minecraft:iron_ore":10,"minecraft:cobbled_deepslate":5,"minecraft:deepslate_lapis_ore":1,"minecraft:gold_block":1,"minecraft:deepslate_iron_ore":31,"placeablesmod:iron_sword_block":1,"minecraft:stone":12,"minecraft:crafting_table":15,"minecraft:torch":1,"minecraft:emerald_ore":1,"minecraft:deepslate_gold_ore":13,"minecraft:oak_planks":2,"placeablesmod:bread_full_block":2,"minecraft:diorite":11,"minecraft:wall_torch":3,"supplementaries:urn":9,"minecraft:wheat":160,"minecraft:grass":17,"minecraft:oak_log":23,"luminousworld:ishstone":2,"minecraft:dripstone_block":1,"minecraft:sand":20,"luminousworld:grassvariant_3":7,"minecraft:cobweb":2,"born_in_chaos_v1:infernal_evil_pumpkin_s":1,"minecraft:oak_leaves":4,"minecraft:deepslate":90}},"DataVersion":3465}