{"stats":{"minecraft:used":{"minecraft:wooden_axe":13,"minecraft:wooden_hoe":14,"minecraft:bread":3,"minecraft:oak_planks":4,"minecraft:golden_leggings":1,"minecraft:golden_helmet":1,"minecraft:crafting_table":3},"minecraft:crafted":{"minecraft:oak_planks":56,"minecraft:wooden_hoe":1,"minecraft:crafting_table":1,"minecraft:stick":8,"minecraft:wooden_pickaxe":1,"minecraft:wooden_axe":1,"minecraft:bread":30},"minecraft:picked_up":{"minecraft:crafting_table":3,"minecraft:wheat":90,"minecraft:oak_log":14,"minecraft:lantern":1,"minecraft:wheat_seeds":240,"minecraft:hay_block":13,"minecraft:bread":1,"minecraft:iron_sword":1,"minecraft:oak_planks":1},"minecraft:custom":{"minecraft:time_since_rest":1227,"minecraft:interact_with_furnace":1,"minecraft:sprint_one_cm":35191,"minecraft:damage_taken":70,"minecraft:walk_one_cm":33243,"minecraft:interact_with_crafting_table":5,"minecraft:swim_one_cm":5068,"minecraft:talked_to_villager":2,"minecraft:fly_one_cm":25073,"minecraft:open_barrel":1,"minecraft:open_chest":3,"minecraft:crouch_one_cm":17,"minecraft:play_time":9321,"minecraft:sneak_time":34,"minecraft:walk_under_water_one_cm":257,"minecraft:jump":133,"minecraft:time_since_death":9321,"minecraft:walk_on_water_one_cm":1027,"minecraft:sleep_in_bed":1,"minecraft:total_world_time":9321,"minecraft:climb_one_cm":1397,"minecraft:fall_one_cm":4671},"minecraft:mined":{"minecraft:hay_block":13,"minecraft:wheat":91,"minecraft:crafting_table":3,"minecraft:grass":2,"minecraft:oak_log":14,"luminousworld:grassvariant_2":1,"minecraft:oak_planks":1,"placeablesmod:bread_full_block":1,"minecraft:oak_leaves":2}},"DataVersion":3465}