{"stats":{"minecraft:broken":{"minecraft:stone_pickaxe":1},"minecraft:killed":{"minecraft:cave_spider":1,"minecraft:pig":2,"minecraft:skeleton":1,"minecraft:zombie":3,"alexsmobs:flying_fish":1,"minecraft:enderman":1,"artifacts:mimic":1},"minecraft:dropped":{"iceandfire:raw_silver":1,"minecraft:wheat_seeds":2,"minecraft:oak_trapdoor":1,"minecraft:raw_iron":12,"minecraft:rail":3,"minecraft:flint":1,"minecraft:filled_map":8,"minecraft:beetroot_seeds":3,"minecraft:melon_slice":11,"tombstone:grave_dust":1,"minecraft:spider_eye":2,"minecraft:powered_rail":1,"minecraft:wooden_pickaxe":1},"minecraft:picked_up":{"minecraft:birch_log":23,"minecraft:cave_spider_spawn_egg":1,"minecraft:crafting_table":5,"minecraft:ladder":2,"minecraft:flower_pot":1,"minecraft:andesite":74,"useless_sword:enderman_scale":1,"minecraft:filled_map":7,"minecraft:flint":2,"minecraft:oak_trapdoor":1,"minecraft:string":3,"minecraft:dirt":1,"minecraft:raw_copper":4,"minecraft:bone":6,"minecraft:chipped_anvil":1,"minecraft:kelp":3,"minecraft:wheat_seeds":2,"minecraft:cobbled_deepslate":119,"minecraft:raw_gold":2,"artifacts:aqua_dashers":1,"minecraft:jungle_sapling":1,"minecraft:iron_pickaxe":1,"minecraft:bamboo":1,"minecraft:melon_slice":36,"minecraft:birch_sapling":4,"minecraft:oak_planks":4,"minecraft:furnace":2,"minecraft:egg":1,"minecraft:raw_iron":58,"minecraft:cooked_porkchop":4,"minecraft:torch":20,"minecraft:gravel":10,"minecraft:porkchop":3,"tombstone:grave_dust":1,"minecraft:diorite":48,"minecraft:white_bed":1,"minecraft:spider_eye":2,"minecraft:skeleton_spawn_egg":1,"minecraft:bundle":1,"minecraft:arrow":3,"minecraft:rotten_flesh":11,"minecraft:granite":30,"iceandfire:raw_silver":1,"minecraft:coal":33,"minecraft:rail":7,"minecraft:cobblestone":465},"minecraft:killed_by":{"minecraft:player":1},"minecraft:mined":{"minecraft:white_bed":1,"iceandfire:silver_ore":1,"minecraft:crafting_table":5,"minecraft:torch":6,"minecraft:granite":21,"minecraft:grass_block":1,"minecraft:melon":7,"minecraft:copper_ore":1,"minecraft:cobblestone":5,"minecraft:lapis_ore":4,"minecraft:potted_bamboo":1,"minecraft:oak_planks":3,"minecraft:diorite":48,"minecraft:wall_torch":9,"minecraft:furnace":2,"minecraft:birch_log":11,"minecraft:iron_ore":55,"minecraft:fire":2,"minecraft:birch_leaves":1,"minecraft:andesite":41,"minecraft:deepslate_lapis_ore":2,"minecraft:grass":5,"minecraft:coal_ore":36,"minecraft:deepslate_iron_ore":3,"minecraft:rail":3,"minecraft:gravel":6,"minecraft:cobweb":1,"minecraft:stone":390,"minecraft:chipped_anvil":1,"minecraft:gold_ore":2,"minecraft:deepslate":80,"minecraft:fern":1},"minecraft:custom":{"lootr:looted_stat":6,"minecraft:interact_with_furnace":7,"spartanshields:shield_bash_hits":1,"minecraft:mob_kills":10,"minecraft:interact_with_crafting_table":20,"minecraft:open_barrel":4,"goblintraders:trade_with_goblin":19,"minecraft:time_since_death":5655,"minecraft:climb_one_cm":2127,"minecraft:time_since_rest":5603,"champions:champion_mobs_killed":7,"minecraft:sprint_one_cm":167812,"minecraft:damage_taken":3879,"minecraft:walk_one_cm":206645,"minecraft:damage_blocked_by_shield":195,"minecraft:drop":36,"minecraft:damage_dealt":3140,"minecraft:swim_one_cm":9403,"minecraft:damage_dealt_absorbed":22,"minecraft:fly_one_cm":182769,"minecraft:crouch_one_cm":1945,"minecraft:play_time":72966,"tombstone:undead_killed":4,"minecraft:deaths":7,"minecraft:sneak_time":1395,"minecraft:walk_under_water_one_cm":12921,"minecraft:boat_one_cm":51823,"minecraft:jump":984,"minecraft:walk_on_water_one_cm":26676,"minecraft:total_world_time":72966,"minecraft:interact_with_smoker":6,"minecraft:fall_one_cm":17076},"minecraft:used":{"minecraft:birch_planks":6,"minecraft:stone_pickaxe":197,"useless_sword:magmatic_sword":11,"minecraft:shield":5,"minecraft:birch_boat":1,"minecraft:wooden_pickaxe":35,"minecraft:iron_sword":13,"minecraft:rotten_flesh":4,"minecraft:iron_chestplate":1,"minecraft:torch":42,"minecraft:dirt":1,"minecraft:rail":5,"minecraft:crafting_table":7,"onlyhammers:stone_hammer":500,"minecraft:apple":2,"minecraft:bread":4,"minecraft:melon_slice":25,"minecraft:iron_pickaxe":30,"useless_sword:prismarine_sword":52,"minecraft:gravel":4,"minecraft:stone_axe":14,"minecraft:cobblestone":73,"minecraft:furnace":2,"minecraft:cooked_porkchop":5,"minecraft:andesite":30,"tombstone:gift":2,"minecraft:egg":1},"minecraft:crafted":{"minecraft:cooked_porkchop":4,"minecraft:crafting_table":3,"minecraft:birch_boat":1,"minecraft:wooden_pickaxe":1,"minecraft:iron_helmet":1,"minecraft:iron_sword":1,"minecraft:furnace":1,"minecraft:birch_planks":48,"minecraft:stone_axe":1,"minecraft:air":0,"minecraft:iron_boots":1,"minecraft:iron_chestplate":1,"minecraft:shield":1,"minecraft:stick":16,"minecraft:iron_ingot":43,"minecraft:stone_pickaxe":2,"minecraft:iron_leggings":1,"minecraft:gold_ingot":3,"onlyhammers:stone_hammer":1,"minecraft:torch":12}},"DataVersion":3465}