{"stats":{"minecraft:picked_up":{"securitycraft:mine":1,"minecraft:andesite":1,"minecraft:copper_ingot":1,"minecraft:diorite":5,"minecraft:spruce_log":2,"minecraft:string":3,"minecraft:dirt":15,"minecraft:bone":1,"minecraft:rotten_flesh":3,"minecraft:granite":7,"minecraft:iron_nugget":5,"minecraft:cobblestone":37},"minecraft:custom":{"minecraft:time_since_rest":5607,"minecraft:sprint_one_cm":6319,"minecraft:damage_taken":600,"minecraft:walk_one_cm":67320,"minecraft:mob_kills":2,"minecraft:drop":16,"minecraft:damage_dealt":2576,"minecraft:fly_one_cm":298448,"minecraft:crouch_one_cm":32,"minecraft:play_time":15685,"tombstone:undead_killed":1,"minecraft:deaths":2,"minecraft:sneak_time":121,"minecraft:jump":77,"minecraft:walk_on_water_one_cm":129,"minecraft:time_since_death":5935,"minecraft:total_world_time":15685},"minecraft:dropped":{"minecraft:dirt":1,"minecraft:diorite":5,"aether:diamond_gloves":1,"tombstone:grave_key":1,"minecraft:andesite":1,"minecraft:rotten_flesh":3,"minecraft:spruce_log":1,"minecraft:granite":7,"minecraft:copper_ingot":1,"minecraft:string":2,"minecraft:bone":1},"minecraft:used":{"alexsmobs:spawn_egg_blue_jay":1,"iceandfire:dragonbone_sword_fire":12,"cataclysm:coral_bardiche":6,"alexsmobs:spawn_egg_farseer":1,"securitycraft:mine":2,"aether:valkyrie_lance":7,"illagerinvasion:platinum_infused_hatchet":6,"iceandfire:dragonsteel_lightning_sword":58,"minecraft:crossbow":3,"alexsmobs:spawn_egg_bunfungus":1,"eeeabsmobs:guardian_axe":6,"alexsmobs:spawn_egg_cosmic_cod":1},"minecraft:killed":{"twilightforest:ur_ghast":1,"alexscaves:raycat":1},"minecraft:killed_by":{"minecraft:vindicator":1,"illagerinvasion:inquisitor":1},"minecraft:mined":{"securitycraft:mine":1,"minecraft:spruce_log":1,"minecraft:spruce_leaves":2}},"DataVersion":3465}