{"stats":{"minecraft:killed_by":{"minecraft:vindicator":1,"creeperoverhaul:cave_creeper":1,"illagerinvasion:inquisitor":1},"minecraft:used":{"alexsmobs:spawn_egg_sunbird":1,"cataclysm:coral_bardiche":6,"alexsmobs:spawn_egg_enderiophage":2,"alexsmobs:spawn_egg_farseer":1,"aether:valkyrie_lance":7,"alexsmobs:spawn_egg_bone_serpent":2,"alexsmobs:spawn_egg_capuchin_monkey":1,"tombstone:scroll_of_feather_fall":3,"alexsmobs:spawn_egg_centipede":6,"alexsmobs:spawn_egg_hammerhead_shark":1,"minecraft:crossbow":3,"alexsmobs:spawn_egg_bunfungus":1,"eeeabsmobs:guardian_axe":6,"alexsmobs:spawn_egg_komodo_dragon":1,"alexsmobs:spawn_egg_fly":3,"alexsmobs:spawn_egg_blue_jay":1,"alexsmobs:spawn_egg_lobster":1,"iceandfire:dragonbone_sword_fire":12,"alexsmobs:spawn_egg_gorilla":5,"alexsmobs:spawn_egg_grizzly_bear":1,"alexsmobs:spawn_egg_hummingbird":4,"minecraft:smooth_quartz":2,"securitycraft:mine":2,"alexsmobs:spawn_egg_endergrade":1,"alexsmobs:spawn_egg_rattlesnake":1,"illagerinvasion:platinum_infused_hatchet":6,"iceandfire:dragonsteel_lightning_sword":59,"alexsmobs:spawn_egg_crimson_mosquito":1,"alexsmobs:spawn_egg_roadrunner":1,"alexsmobs:spawn_egg_gazelle":1,"alexsmobs:spawn_egg_cosmic_cod":1},"minecraft:picked_up":{"quark:diamond_heart":1,"minecraft:birch_log":3,"born_in_chaos_v1:corpse_maggot":6,"minecraft:air":0,"minecraft:feather":26,"artifacts:night_vision_goggles":2,"minecraft:chicken":10,"born_in_chaos_v1:monster_flesh":5,"minecraft:clay_ball":4,"minecraft:glow_ink_sac":43,"minecraft:leather":10,"minecraft:andesite":7,"luminousworld:ishstone":3,"minecraft:redstone_lamp":4,"artifacts:bunny_hoppers":1,"minecraft:brown_wool":1,"minecraft:brown_mushroom":3,"minecraft:red_mushroom":3,"artifacts:anglers_hat":1,"alexsmobs:bear_fur":1,"luminousworld:trout":4,"minecraft:diamond_horse_armor":1,"tombstone:grave_key":2,"artifacts:superstitious_hat":1,"minecraft:gunpowder":18,"minecraft:gray_concrete":1,"alexsmobs:cooked_catfish":2,"minecraft:string":23,"minecraft:dirt":15,"minecraft:paper":1,"alexscaves:pure_darkness":61,"minecraft:smooth_stone_slab":1,"artifacts:shock_pendant":1,"born_in_chaos_v1:monster_skin":2,"born_in_chaos_v1:intoxicating_decoction":1,"naturalist:bass":3,"minecraft:pufferfish":1,"minecraft:bone":67,"undead_revamp2:blacpetalblock":1,"minecraft:wheat_seeds":10,"minecraft:rabbit_hide":3,"minecraft:spore_blossom":1,"minecraft:beef":7,"minecraft:iron_ingot":6,"minecraft:cobweb":2,"artifacts:kitty_slippers":1,"minecraft:redstone_torch":3,"alexsmobs:raccoon_tail":1,"minecraft:spruce_slab":1,"minecraft:smooth_quartz":3,"minecraft:azalea":1,"minecraft:iron_nugget":43,"artifacts:antidote_vessel":1,"luminousworld:decorative_red_1":2,"minecraft:rabbit":3,"minecraft:glass_bottle":2,"minecraft:birch_sapling":2,"minecraft:book":6,"minecraft:raw_iron":6,"minecraft:dark_oak_sapling":7,"luminousworld:bass_item":4,"minecraft:stick":17,"artifacts:universal_attractor":1,"securitycraft:mine":1,"luminousworld:spuds":5,"minecraft:stone":5,"alexsmobs:bear_dust":1,"artifacts:rooted_boots":1,"minecraft:copper_ingot":2,"iceandfire:ash":4,"born_in_chaos_v1:ethereal_spirit":1,"tombstone:scroll_of_feather_fall":1,"minecraft:gravel":1,"artifacts:vampiric_glove":2,"minecraft:porkchop":5,"born_in_chaos_v1:dark_rod":2,"minecraft:spruce_sapling":9,"minecraft:diorite":6,"minecraft:spruce_log":29,"minecraft:grass_block":1,"minecraft:redstone":1,"minecraft:dark_oak_log":33,"undead_revamp2:heavytooth":1,"undead_revamp2:rawbostrox":2,"artifacts:helium_flamingo":2,"minecraft:arrow":54,"artifacts:cowboy_hat":1,"minecraft:rotten_flesh":103,"minecraft:slime_ball":1,"minecraft:deepslate":1,"minecraft:tropical_fish":25,"artifacts:villager_hat":1,"minecraft:iron_helmet":1,"luminousworld:decorative_red_2":2,"minecraft:granite":8,"minecraft:bone_meal":3,"minecraft:gold_ingot":5,"minecraft:totem_of_undying":2,"artifacts:pocket_piston":1,"supplementaries:ash":15,"minecraft:black_wool":1,"minecraft:mutton":2,"minecraft:iron_bars":1,"minecraft:coal":5,"minecraft:cobblestone":67,"minecraft:ender_pearl":4},"minecraft:dropped":{"minecraft:player_head":1,"minecraft:rotten_flesh":3,"minecraft:granite":7,"minecraft:copper_ingot":1,"minecraft:dirt":1,"minecraft:diorite":5,"aether:diamond_gloves":1,"tombstone:grave_key":5,"minecraft:andesite":1,"minecraft:smooth_quartz":3,"minecraft:spruce_log":1,"minecraft:string":2,"minecraft:bone":1},"minecraft:custom":{"minecraft:mob_kills":3,"minecraft:leave_game":1,"minecraft:time_since_death":2269,"minecraft:climb_one_cm":627,"minecraft:time_since_rest":1,"minecraft:sprint_one_cm":12288,"minecraft:damage_taken":1960,"minecraft:walk_one_cm":115368,"minecraft:drop":24,"minecraft:damage_dealt":2742,"tombstone:cast_on_ally":0,"minecraft:fly_one_cm":773905,"minecraft:open_chest":9,"minecraft:crouch_one_cm":401,"minecraft:play_time":36409,"minecraft:sneak_time":470,"tombstone:undead_killed":1,"minecraft:deaths":6,"minecraft:walk_under_water_one_cm":762,"minecraft:jump":149,"minecraft:walk_on_water_one_cm":9557,"minecraft:total_world_time":36409,"minecraft:fall_one_cm":234},"minecraft:killed":{"alexscaves:raycat":1,"friendsandfoes:glare":1,"twilightforest:ur_ghast":1},"minecraft:mined":{"securitycraft:mine":1,"minecraft:spruce_leaves":2,"minecraft:spruce_log":1}},"DataVersion":3465}