{"stats":{"minecraft:killed_by":{"minecraft:player":2},"minecraft:used":{"minecraft:stone_pickaxe":2,"minecraft:oak_planks":11,"minecraft:wooden_pickaxe":1,"minecraft:shield":9,"minecraft:iron_sword":46,"minecraft:crafting_table":6,"minecraft:wooden_axe":16,"minecraft:wooden_hoe":14,"minecraft:lantern":1,"minecraft:bread":27,"minecraft:iron_pickaxe":30,"minecraft:golden_leggings":1,"minecraft:golden_helmet":1,"tombstone:gift":1,"minecraft:cobbled_deepslate":20},"minecraft:crafted":{"minecraft:oak_planks":56,"minecraft:crafting_table":1,"minecraft:wooden_pickaxe":1,"minecraft:bread":30,"minecraft:air":0,"minecraft:wooden_hoe":1,"minecraft:shield":1,"minecraft:stick":12,"minecraft:iron_ingot":4,"minecraft:iron_pickaxe":1,"minecraft:stone_pickaxe":1,"minecraft:wooden_axe":1},"minecraft:picked_up":{"born_in_chaos_v1:corpse_maggot":3,"minecraft:crafting_table":6,"minecraft:wheat":90,"minecraft:oak_log":14,"minecraft:gunpowder":1,"minecraft:lapis_lazuli":5,"minecraft:lantern":1,"minecraft:raw_copper":8,"minecraft:wheat_seeds":240,"minecraft:cobbled_deepslate":36,"minecraft:raw_gold":4,"minecraft:iron_ingot":3,"minecraft:stone_pickaxe":1,"minecraft:oak_planks":2,"minecraft:iron_sword":2,"minecraft:furnace":1,"minecraft:raw_iron":39,"earthmobsmod:harder_flesh":2,"tombstone:grave_dust":2,"minecraft:rotten_flesh":11,"minecraft:diamond":2,"minecraft:hay_block":13,"minecraft:bread":8,"minecraft:skeleton_skull":1},"minecraft:dropped":{"minecraft:wheat_seeds":64,"minecraft:oak_planks":5,"earthmobsmod:harder_flesh":2,"minecraft:stone_pickaxe":1,"minecraft:wooden_pickaxe":1},"minecraft:custom":{"minecraft:interact_with_furnace":6,"minecraft:mob_kills":8,"minecraft:interact_with_crafting_table":10,"minecraft:open_barrel":1,"minecraft:time_since_death":5927,"minecraft:sleep_in_bed":1,"minecraft:climb_one_cm":1978,"minecraft:time_since_rest":5208,"minecraft:sprint_one_cm":97417,"minecraft:damage_taken":2221,"minecraft:walk_one_cm":116721,"minecraft:damage_blocked_by_shield":210,"minecraft:drop":9,"minecraft:damage_dealt":2066,"minecraft:talked_to_villager":2,"minecraft:swim_one_cm":5068,"minecraft:fly_one_cm":99890,"minecraft:open_chest":3,"minecraft:crouch_one_cm":2802,"minecraft:play_time":33321,"tombstone:undead_killed":2,"minecraft:deaths":3,"minecraft:sneak_time":1018,"minecraft:walk_under_water_one_cm":257,"minecraft:jump":630,"minecraft:walk_on_water_one_cm":1115,"minecraft:total_world_time":33321,"minecraft:fall_one_cm":17023},"minecraft:killed":{"minecraft:spider":2,"born_in_chaos_v1:bloody_gadfly":1,"minecraft:zombie":2,"born_in_chaos_v1:corpse_fly":2},"minecraft:mined":{"minecraft:deepslate_diamond_ore":2,"minecraft:crafting_table":6,"luminousworld:grassvariant_2":1,"minecraft:deepslate_gold_ore":4,"minecraft:oak_planks":2,"placeablesmod:bread_full_block":1,"supplementaries:urn":1,"minecraft:hay_block":13,"minecraft:wheat":91,"minecraft:cobbled_deepslate":2,"minecraft:deepslate_lapis_ore":1,"minecraft:grass":2,"minecraft:oak_log":14,"minecraft:deepslate_iron_ore":6,"placeablesmod:iron_sword_block":1,"minecraft:oak_leaves":2,"minecraft:deepslate":12}},"DataVersion":3465}