{"stats":{"minecraft:picked_up":{"minecraft:iron_chestplate":2,"minecraft:wheat":153,"illagerinvasion:platinum_chunk":1,"minecraft:creeper_head":1,"minecraft:prismarine_shard":5,"aether:iron_gloves":1,"minecraft:enchanted_book":1,"minecraft:string":8,"mutantmonsters:mutant_skeleton_skull":1,"minecraft:soul_soil":71,"minecraft:raw_copper":290,"minecraft:iron_leggings":1,"minecraft:pufferfish":1,"minecraft:zombie_head":2,"minecraft:beetroot":4,"minecraft:sea_pickle":1,"minecraft:smooth_stone":1,"minecraft:gold_nugget":204,"minecraft:cobbled_deepslate":1009,"minecraft:bucket":1,"minecraft:spruce_planks":4,"minecraft:redstone_torch":1,"minecraft:coal_block":1,"minecraft:mangrove_log":1,"minecraft:iron_boots":3,"minecraft:furnace":6,"minecraft:tipped_arrow":64,"minecraft:stick":3,"born_in_chaos_v1:shattered_skull":1,"minecraft:torch":96,"minecraft:acacia_log":1,"minecraft:spruce_stairs":1,"minecraft:porkchop":7,"tombstone:grave_dust":8,"minecraft:diorite":5,"born_in_chaos_v1:nightmare_claw":1,"stalwart_dungeons:soul_magma_bricks":2,"luminousworld:grassflowers":3,"minecraft:rotten_flesh":35,"minecraft:vex_armor_trim_smithing_template":1,"supplementaries:antique_ink":2,"iceandfire:fire_dragon_heart":2,"supplementaries:ash":57,"mutantmonsters:mutant_skeleton_shoulder_pad":1,"minecraft:blaze_rod":31,"minecraft:cobblestone":304,"minecraft:birch_log":6,"minecraft:enchanting_table":2,"minecraft:andesite":11,"minecraft:potato":155,"alexscaves:cave_book":1,"minecraft:tuff":193,"supplementaries:flax_seeds":4,"minecraft:lapis_lazuli":56,"minecraft:stripped_birch_log":4,"minecraft:dirt":97,"minecraft:lantern":1,"born_in_chaos_v1:nightmare_stalker_skull":2,"minecraft:name_tag":1,"stalwart_dungeons:blaze_armor_scrap":17,"minecraft:bone":51,"iceandfire:armor_blue_helmet":1,"minecraft:wheat_seeds":409,"minecraft:raw_gold":52,"mutantmonsters:mutant_skeleton_rib_cage":2,"minecraft:mossy_stone_bricks":1,"minecraft:oak_planks":4,"earthmobsmod:harder_flesh":2,"iceandfire:shiny_scales":8,"minecraft:sand":21,"mutantmonsters:mutant_skeleton_leggings":1,"minecraft:barrel":1,"minecraft:mossy_cobblestone":1,"minecraft:diamond":48,"luminousworld:blueberry":1,"minecraft:crossbow":1,"minecraft:granite":17,"minecraft:grass":2,"minecraft:emerald":27,"minecraft:bread":22,"iceandfire:gorgon_head":1,"minecraft:oak_sapling":1,"minecraft:netherrack":1027,"iceandfire:raw_silver":1,"minecraft:diamond_pickaxe":1,"minecraft:crafting_table":26,"born_in_chaos_v1:diamond_termite_shard":4,"mutantmonsters:mutant_skeleton_arms":1,"minecraft:nether_wart":4,"stalwart_dungeons:soul_bricks":33,"minecraft:chain":2,"iceandfire:frozen_stone":3,"minecraft:iron_shovel":2,"minecraft:cracked_stone_bricks":1,"minecraft:beef":19,"minecraft:oak_boat":5,"luminousworld:white_oak_plank":2,"minecraft:raw_iron":165,"iceandfire:dragonbone":4,"minecraft:copper_ingot":3,"endrem:nether_eye":1,"minecraft:cookie":5,"minecraft:redstone":64,"minecraft:prismarine_crystals":13,"iceandfire:dragon_skull_ice":1,"minecraft:arrow":8,"stalwart_dungeons:raw_tungsten":20,"minecraft:nether_bricks":4,"minecraft:diamond_boots":1,"minecraft:hay_block":13,"stalwart_dungeons:tungsten_axe":1,"mutantmonsters:mutant_skeleton_rib":3,"born_in_chaos_v1:spiny_shell":2,"minecraft:saddle":1,"minecraft:gold_ingot":4,"minecraft:mutton":1,"minecraft:bone_block":25,"minecraft:skeleton_skull":1,"minecraft:white_wool":1,"born_in_chaos_v1:corpse_maggot":7,"minecraft:netherite_boots":1,"minecraft:air":0,"luminousworld:ishstone":15,"minecraft:leather":6,"minecraft:filled_map":4,"minecraft:oak_log":24,"minecraft:ancient_debris":2,"minecraft:gunpowder":15,"mowziesmobs:wrought_axe":3,"iceandfire:dragonscales_blue":46,"mutantmonsters:mutant_skeleton_limb":4,"vanillaplustools:iron_hammer":2,"born_in_chaos_v1:soul_cutlass":1,"minecraft:stone_bricks":2,"minecraft:kelp":76,"minecraft:rabbit_hide":5,"minecraft:iron_ingot":5,"minecraft:stone_pickaxe":1,"minecraft:cobweb":9,"minecraft:iron_sword":10,"iceandfire:fire_dragon_flesh":2,"minecraft:soul_sand":31,"luminousworld:clovers_1":2,"minecraft:sweet_berries":8,"born_in_chaos_v1:ethereal_spirit":9,"minecraft:cracked_nether_bricks":3,"minecraft:raw_iron_block":1,"minecraft:gravel":1,"born_in_chaos_v1:dark_rod":2,"stalwart_dungeons:soul_tiles":2,"iceandfire:armor_blue_leggings":1,"mowziesmobs:wrought_helmet":1,"minecraft:spruce_sapling":4,"minecraft:spruce_log":73,"quark:blue_corundum_cluster":1,"minecraft:spider_eye":3,"quark:cobblestone_bricks":1,"minecraft:chainmail_leggings":1,"minecraft:iron_helmet":1,"minecraft:scute":1,"mutantmonsters:mutant_skeleton_boots":1,"minecraft:baked_potato":4,"tombstone:magic_scroll":1,"iceandfire:chared_gravel":1,"minecraft:coal":7,"minecraft:ender_pearl":1},"minecraft:custom":{"minecraft:interact_with_crafting_table":95,"minecraft:open_barrel":12,"minecraft:leave_game":4,"minecraft:time_since_death":151965,"minecraft:damage_resisted":1,"minecraft:sprint_one_cm":683747,"minecraft:damage_blocked_by_shield":315,"minecraft:drop":209,"minecraft:talked_to_villager":2,"minecraft:play_time":405313,"minecraft:deaths":65,"minecraft:jump":6231,"minecraft:walk_on_water_one_cm":147987,"minecraft:enchant_item":1,"minecraft:interact_with_furnace":55,"minecraft:interact_with_loom":3,"minecraft:sleep_in_bed":2,"minecraft:damage_dealt":36061,"minecraft:player_kills":4,"minecraft:crouch_one_cm":31128,"tombstone:undead_killed":49,"minecraft:interact_with_smoker":24,"minecraft:interact_with_smithing_table":2,"minecraft:interact_with_anvil":1,"minecraft:mob_kills":136,"minecraft:damage_dealt_resisted":836,"minecraft:climb_one_cm":8580,"minecraft:walk_one_cm":1026062,"minecraft:sneak_time":12766,"minecraft:walk_under_water_one_cm":96740,"minecraft:boat_one_cm":429817,"minecraft:interact_with_blast_furnace":41,"minecraft:total_world_time":405313,"tombstone:raider_killed":6,"minecraft:time_since_rest":125942,"minecraft:damage_taken":31401,"minecraft:swim_one_cm":137010,"minecraft:fly_one_cm":1081144,"minecraft:open_chest":146,"minecraft:fall_one_cm":175759},"minecraft:broken":{"minecraft:golden_helmet":1,"minecraft:iron_boots":1,"minecraft:iron_chestplate":2,"minecraft:golden_leggings":1,"minecraft:diamond_boots":1,"minecraft:chainmail_leggings":1,"aether:iron_gloves":1,"minecraft:iron_helmet":2},"minecraft:used":{"minecraft:iron_shovel":147,"iceandfire:dragon_skull_ice":1,"minecraft:bone_block":5,"minecraft:shield":28,"minecraft:iron_sword":295,"minecraft:rotten_flesh":3,"minecraft:iron_chestplate":2,"minecraft:soul_sand":6,"born_in_chaos_v1:soul_cutlass":180,"minecraft:tuff":1,"luminousworld:blueberry":1,"minecraft:lantern":1,"minecraft:iron_helmet":1,"minecraft:stone_bricks":2,"born_in_chaos_v1:nightmare_stalker_skull":2,"minecraft:sweet_berries":1,"minecraft:furnace":5,"minecraft:potato":60,"luminousworld:ironhammer":14,"minecraft:diamond_boots":1,"minecraft:oak_planks":12,"minecraft:stone_pickaxe":2,"minecraft:wooden_pickaxe":1,"minecraft:cookie":4,"minecraft:sand":21,"stalwart_dungeons:soul_bricks":23,"alexscaves:cave_book":2,"minecraft:crossbow":15,"mutantmonsters:mutant_skeleton_skull":1,"iceandfire:armor_blue_leggings":1,"minecraft:bread":113,"tombstone:grave_key":30,"minecraft:golden_helmet":1,"minecraft:oak_boat":7,"minecraft:bone_meal":117,"endrem:nether_eye":1,"minecraft:cobweb":6,"minecraft:enchanting_table":2,"minecraft:dried_kelp":1,"minecraft:spruce_planks":33,"stalwart_dungeons:tungsten_boots":3,"minecraft:stone_hoe":54,"minecraft:netherrack":114,"minecraft:torch":93,"minecraft:brewing_stand":1,"quark:blue_corundum_cluster":1,"minecraft:dirt":79,"minecraft:granite":6,"minecraft:wooden_axe":20,"minecraft:iron_axe":17,"stalwart_dungeons:tungsten_axe":8,"iceandfire:armor_blue_chestplate":1,"minecraft:iron_boots":1,"minecraft:barrel":1,"minecraft:soul_soil":10,"tombstone:gift":3,"minecraft:cooked_beef":20,"minecraft:cobbled_deepslate":126,"minecraft:iron_leggings":2,"minecraft:cooked_mutton":4,"minecraft:baked_potato":49,"luminousworld:ishstone":3,"mutantmonsters:mutant_skeleton_chestplate":1,"minecraft:crafting_table":29,"minecraft:smoker":1,"mowziesmobs:wrought_axe":466,"minecraft:wooden_hoe":14,"minecraft:diamond_pickaxe":111,"tombstone:magic_scroll":6,"minecraft:iron_pickaxe":235,"minecraft:golden_leggings":1,"stalwart_dungeons:soul_tiles":2,"minecraft:cobblestone":41,"vanillaplustools:iron_hammer":579,"minecraft:porkchop":1,"minecraft:cooked_porkchop":8,"quark:oak_chest":3,"minecraft:smooth_stone":1,"minecraft:chainmail_leggings":1},"minecraft:dropped":{"minecraft:iron_sword":3,"minecraft:ender_pearl":1,"minecraft:diamond":1,"minecraft:cookie":1,"minecraft:cracked_stone_bricks":1,"iceandfire:gorgon_head":1,"mutantmonsters:mutant_skeleton_shoulder_pad":1,"minecraft:grass":3,"iceandfire:chared_gravel":1,"minecraft:chain":1,"minecraft:iron_pickaxe":1,"vanillaplustools:iron_hammer":1,"minecraft:white_wool":1,"luminousworld:clovers_1":2,"luminousworld:white_oak_plank":2,"alexsmobs:animal_dictionary":1,"minecraft:cobbled_deepslate":572,"alexscaves:cave_tablet":1,"minecraft:beetroot":4,"minecraft:rotten_flesh":30,"minecraft:oak_planks":9,"iceandfire:frozen_stone":3,"minecraft:rabbit_hide":5,"supplementaries:flax_seeds":4,"supplementaries:ash":58,"luminousworld:grassflowers":2,"alexscaves:cave_book":2,"minecraft:mangrove_log":1,"minecraft:skeleton_skull":1,"born_in_chaos_v1:corpse_maggot":7,"minecraft:acacia_sapling":1,"born_in_chaos_v1:diamond_termite_shard":2,"minecraft:arrow":8,"minecraft:enchanted_book":1,"minecraft:bread":4,"minecraft:iron_ingot":7,"minecraft:wheat_seeds":409,"luminousworld:ishstone":2,"minecraft:prismarine_shard":5,"minecraft:cobblestone":58,"mutantmonsters:mutant_skeleton_boots":1,"iceandfire:armor_blue_boots":2,"minecraft:granite":11,"iceandfire:armor_blue_leggings":2,"born_in_chaos_v1:soul_cutlass":1,"minecraft:acacia_log":1,"minecraft:coal":1,"mowziesmobs:wrought_axe":2,"minecraft:stick":4,"minecraft:pufferfish":1,"tombstone:magic_scroll":1,"quark:cobblestone_bricks":1,"minecraft:wooden_hoe":1,"minecraft:wooden_axe":1,"minecraft:zombie_head":2,"minecraft:iron_leggings":2,"minecraft:dried_kelp":6,"mowziesmobs:wrought_helmet":1,"minecraft:iron_shovel":1,"minecraft:redstone":1,"iceandfire:dragonbone":4,"minecraft:furnace":1,"minecraft:kelp":76,"minecraft:sweet_berries":7,"minecraft:nether_wart":4,"minecraft:tuff":128,"minecraft:raw_iron":5,"minecraft:iron_boots":2,"earthmobsmod:harder_flesh":2,"mutantmonsters:mutant_skeleton_chestplate":1,"minecraft:filled_map":3,"mutantmonsters:mutant_skeleton_rib_cage":1,"minecraft:sea_pickle":1,"minecraft:spruce_planks":6,"mutantmonsters:mutant_skeleton_limb":4,"minecraft:iron_chestplate":2,"minecraft:diamond_pickaxe":1,"minecraft:andesite":11,"minecraft:mossy_stone_bricks":1,"mutantmonsters:mutant_skeleton_leggings":1,"minecraft:spider_eye":3,"minecraft:spruce_log":64,"iceandfire:fire_dragon_heart":1,"minecraft:stone_pickaxe":2,"minecraft:wooden_pickaxe":1,"minecraft:vex_armor_trim_smithing_template":1,"mutantmonsters:mutant_skeleton_rib":3},"minecraft:killed":{"minecraft:cave_spider":1,"born_in_chaos_v1:mr_pumpkin":2,"born_in_chaos_v1:restless_spirit":6,"minecraft:spider":7,"quark:forgotten":1,"minecraft:skeleton":2,"illagerinvasion:provoker":1,"minecraft:silverfish":1,"enemyexpansion:vampflyer":1,"minecraft:pig":4,"born_in_chaos_v1:diamond_termite":3,"mutantmonsters:mutant_skeleton":1,"minecraft:sheep":1,"minecraft:pillager":2,"minecraft:zombie":17,"stalwart_dungeons:incomplete_wither":3,"enemyexpansion:vampire":1,"born_in_chaos_v1:corpse_fly":2,"minecraft:ghast":2,"luminousworld:deer":1,"undead_revamp2:theimmortal":1,"undead_revamp2:thegliter":1,"minecraft:vindicator":3,"enemyexpansion:direwolf":4,"born_in_chaos_v1:maggot":4,"earthmobsmod:wither_skeleton_wolf":1,"mowziesmobs:ferrous_wroughtnaut":1,"iceandfire:siren":3,"undead_revamp2:thebidy":2,"alexsmobs:bison":1,"minecraft:drowned":2,"earthmobsmod:albino_cow":7,"born_in_chaos_v1:barrel_zombie":3,"luminousworld:firefly":1,"earthmobsmod:bouldering_zombie":2,"born_in_chaos_v1:baby_skeleton":5,"stalwart_dungeons:reinforced_blaze":18,"undead_revamp2:the_moonflower":1,"enemyexpansion:sprinter":2,"born_in_chaos_v1:decrepit_skeleton":1,"born_in_chaos_v1:bloody_gadfly":1,"born_in_chaos_v1:dark_vortex":1,"born_in_chaos_v1:nightmare_stalker":1,"minecraft:wither_skeleton":1,"enemyexpansion:slugger":1},"minecraft:killed_by":{"born_in_chaos_v1:mr_pumpkin":1,"minecraft:creeper":2,"quark:forgotten":1,"minecraft:drowned":1,"enemyexpansion:meature":1,"undead_revamp2:clogger":1,"minecraft:vindicator":2,"minecraft:silverfish":1,"iceandfire:ice_dragon":10,"born_in_chaos_v1:pumpkinhead":2,"enemyexpansion:vampflyer":1,"enemyexpansion:silverqueen":1,"enemyexpansion:invisicreeper":4,"minecraft:player":13,"mowziesmobs:ferrous_wroughtnaut":10,"undead_revamp2:therod":3,"mutantmonsters:mutant_skeleton":2,"enemyexpansion:direwolf":2},"minecraft:mined":{"luminousworld:white_petunias":1,"minecraft:spruce_planks":5,"minecraft:granite":2,"minecraft:grass_block":50,"minecraft:soul_soil":76,"minecraft:coal_block":1,"minecraft:spawner":2,"minecraft:raw_iron_block":1,"minecraft:iron_ore":10,"minecraft:cobbled_deepslate":16,"minecraft:fire":12,"minecraft:deepslate_lapis_ore":7,"minecraft:enchanting_table":2,"stalwart_dungeons:soul_magma_bricks":9,"minecraft:deepslate_redstone_ore":16,"minecraft:crimson_nylium":3,"minecraft:soul_fire":16,"stalwart_dungeons:soul_tiles":3,"born_in_chaos_v1:infected_deepslate_diamond_ore":5,"minecraft:torch":2,"minecraft:calcite":12,"quark:blue_corundum_cluster":1,"minecraft:cobblestone":4,"minecraft:oak_planks":2,"placeablesmod:bread_full_block":2,"minecraft:wall_torch":10,"minecraft:amethyst_block":15,"minecraft:wheat":160,"minecraft:birch_log":7,"minecraft:grass":18,"minecraft:oak_log":23,"minecraft:sand":20,"minecraft:dirt":48,"luminousworld:grassvariant_3":8,"minecraft:smooth_basalt":14,"born_in_chaos_v1:infernal_evil_pumpkin_s":1,"minecraft:ancient_debris":2,"minecraft:netherrack":1253,"minecraft:oak_leaves":9,"minecraft:deepslate":2585,"minecraft:nether_gold_ore":17,"minecraft:tuff":311,"minecraft:mossy_cobblestone":3,"luminousworld:grassvariant_4":1,"stalwart_dungeons:soul_bricks":38,"minecraft:deepslate_diamond_ore":37,"born_in_chaos_v1:nightmare_stalker_skull":1,"minecraft:stripped_birch_log":4,"iceandfire:frozen_cobblestone":2,"luminousworld:mossbuds_1":1,"born_in_chaos_v1:infected_diamond_ore":1,"minecraft:nether_bricks":5,"iceandfire:frozen_stone":2,"luminousworld:grassvariant_2":9,"minecraft:cracked_nether_bricks":3,"minecraft:hay_block":13,"minecraft:furnace":4,"minecraft:andesite":17,"minecraft:gold_block":1,"minecraft:deepslate_iron_ore":74,"placeablesmod:iron_sword_block":1,"minecraft:stone":120,"minecraft:glass_pane":1,"minecraft:soul_sand":28,"minecraft:crafting_table":19,"minecraft:emerald_ore":1,"minecraft:copper_ore":39,"minecraft:tall_grass":3,"minecraft:deepslate_gold_ore":25,"stalwart_dungeons:tungsten_ore":22,"minecraft:diorite":20,"supplementaries:urn":13,"minecraft:spruce_log":73,"minecraft:birch_leaves":3,"minecraft:coal_ore":4,"luminousworld:ishstone":2,"minecraft:dripstone_block":1,"minecraft:cobweb":5,"minecraft:cracked_stone_bricks":1,"minecraft:stone_bricks":5},"minecraft:crafted":{"minecraft:oak_planks":96,"stalwart_dungeons:tungsten_helmet":1,"vanillaplustools:iron_hammer":1,"tombstone:grave_key":2,"minecraft:copper_block":8,"iceandfire:armor_blue_boots":2,"minecraft:stone_hoe":1,"minecraft:smoker":1,"sophisticatedbackpacks:backpack":1,"minecraft:cooked_porkchop":8,"minecraft:crafting_table":3,"minecraft:spruce_planks":36,"minecraft:iron_helmet":1,"minecraft:baked_potato":60,"minecraft:wooden_pickaxe":1,"minecraft:copper_ingot":100,"minecraft:gold_block":6,"minecraft:birch_planks":20,"sophisticatedbackpacks:upgrade_base":1,"minecraft:wooden_hoe":1,"minecraft:iron_chestplate":2,"minecraft:charcoal":6,"iceandfire:armor_blue_leggings":2,"minecraft:shield":1,"sophisticatedbackpacks:diamond_backpack":1,"minecraft:stick":32,"quark:oak_chest":4,"minecraft:iron_pickaxe":6,"minecraft:iron_ingot":67,"minecraft:iron_block":4,"minecraft:gold_ingot":65,"stalwart_dungeons:tungsten_leggings":1,"minecraft:coal":9,"iceandfire:armor_blue_chestplate":1,"sophisticatedbackpacks:stack_upgrade_tier_1":1,"minecraft:furnace":1,"sophisticatedbackpacks:stack_upgrade_starter_tier":1,"minecraft:bone_meal":117,"mutantmonsters:mutant_skeleton_chestplate":1,"minecraft:iron_axe":1,"minecraft:stone_pickaxe":1,"stalwart_dungeons:tungsten_boots":1,"sophisticatedbackpacks:stack_upgrade_tier_2":1,"minecraft:wheat":117,"sophisticatedbackpacks:iron_backpack":1,"stalwart_dungeons:tungsten_ingot":19,"minecraft:cooked_beef":22,"sophisticatedbackpacks:gold_backpack":1,"minecraft:air":0,"minecraft:bread":89,"minecraft:oak_boat":2,"stalwart_dungeons:tungsten_shield":1,"stalwart_dungeons:tungsten_chestplate":1,"minecraft:wooden_axe":1,"minecraft:iron_leggings":1}},"DataVersion":3465}