{"stats":{"minecraft:broken":{"minecraft:golden_helmet":1,"minecraft:iron_boots":1,"minecraft:iron_chestplate":2,"minecraft:golden_leggings":1,"minecraft:diamond_boots":1,"minecraft:chainmail_leggings":1,"aether:iron_gloves":1,"minecraft:iron_helmet":2},"minecraft:killed_by":{"minecraft:creeper":2,"born_in_chaos_v1:mr_pumpkin":1,"quark:forgotten":1,"minecraft:drowned":1,"enemyexpansion:meature":1,"undead_revamp2:clogger":1,"minecraft:vindicator":2,"minecraft:silverfish":1,"iceandfire:ice_dragon":10,"born_in_chaos_v1:pumpkinhead":2,"enemyexpansion:vampflyer":1,"enemyexpansion:silverqueen":1,"enemyexpansion:invisicreeper":4,"minecraft:player":13,"mowziesmobs:ferrous_wroughtnaut":10,"undead_revamp2:therod":3,"mutantmonsters:mutant_skeleton":2,"enemyexpansion:direwolf":2},"minecraft:used":{"minecraft:iron_shovel":85,"iceandfire:dragon_skull_ice":1,"minecraft:bone_block":5,"minecraft:shield":28,"minecraft:iron_sword":257,"minecraft:rotten_flesh":3,"minecraft:iron_chestplate":2,"born_in_chaos_v1:soul_cutlass":180,"minecraft:tuff":1,"luminousworld:blueberry":1,"minecraft:lantern":1,"minecraft:iron_helmet":1,"minecraft:stone_bricks":2,"born_in_chaos_v1:nightmare_stalker_skull":2,"minecraft:sweet_berries":1,"minecraft:furnace":5,"minecraft:potato":60,"minecraft:diamond_boots":1,"minecraft:oak_planks":12,"minecraft:stone_pickaxe":2,"minecraft:wooden_pickaxe":1,"minecraft:sand":21,"alexscaves:cave_book":2,"minecraft:crossbow":4,"mutantmonsters:mutant_skeleton_skull":1,"iceandfire:armor_blue_leggings":1,"minecraft:bread":99,"tombstone:grave_key":30,"minecraft:golden_helmet":1,"minecraft:oak_boat":7,"minecraft:bone_meal":117,"minecraft:cobweb":2,"minecraft:stone_hoe":54,"minecraft:torch":23,"quark:blue_corundum_cluster":1,"minecraft:dirt":68,"minecraft:granite":6,"minecraft:wooden_axe":20,"minecraft:iron_axe":17,"iceandfire:armor_blue_chestplate":1,"minecraft:iron_boots":1,"minecraft:barrel":1,"tombstone:gift":3,"minecraft:cooked_beef":20,"minecraft:cobbled_deepslate":98,"minecraft:iron_leggings":2,"minecraft:cooked_mutton":4,"minecraft:baked_potato":7,"luminousworld:ishstone":3,"mutantmonsters:mutant_skeleton_chestplate":1,"minecraft:crafting_table":29,"minecraft:smoker":1,"mowziesmobs:wrought_axe":238,"minecraft:wooden_hoe":14,"minecraft:diamond_pickaxe":31,"minecraft:iron_pickaxe":235,"minecraft:golden_leggings":1,"minecraft:cobblestone":41,"minecraft:cooked_porkchop":8,"minecraft:porkchop":1,"quark:oak_chest":3,"minecraft:smooth_stone":1,"minecraft:chainmail_leggings":1},"minecraft:crafted":{"minecraft:oak_planks":96,"tombstone:grave_key":2,"iceandfire:armor_blue_boots":2,"minecraft:stone_hoe":1,"minecraft:smoker":1,"sophisticatedbackpacks:backpack":1,"minecraft:cooked_porkchop":8,"minecraft:crafting_table":3,"minecraft:baked_potato":50,"minecraft:wooden_pickaxe":1,"minecraft:iron_helmet":1,"minecraft:charcoal":6,"minecraft:wooden_hoe":1,"minecraft:iron_chestplate":2,"iceandfire:armor_blue_leggings":2,"minecraft:shield":1,"minecraft:stick":20,"quark:oak_chest":4,"minecraft:iron_ingot":43,"minecraft:iron_pickaxe":1,"minecraft:gold_ingot":6,"minecraft:coal":9,"iceandfire:armor_blue_chestplate":1,"minecraft:furnace":1,"minecraft:bone_meal":117,"mutantmonsters:mutant_skeleton_chestplate":1,"minecraft:iron_axe":1,"minecraft:stone_pickaxe":1,"sophisticatedbackpacks:iron_backpack":1,"minecraft:wheat":117,"minecraft:cooked_beef":22,"sophisticatedbackpacks:gold_backpack":1,"minecraft:bread":89,"minecraft:air":0,"minecraft:oak_boat":2,"minecraft:wooden_axe":1,"minecraft:iron_leggings":1},"minecraft:picked_up":{"minecraft:iron_chestplate":1,"minecraft:wheat":153,"illagerinvasion:platinum_chunk":1,"minecraft:creeper_head":1,"minecraft:prismarine_shard":5,"aether:iron_gloves":1,"minecraft:enchanted_book":1,"minecraft:string":7,"minecraft:raw_copper":11,"mutantmonsters:mutant_skeleton_skull":1,"minecraft:iron_leggings":1,"minecraft:pufferfish":1,"minecraft:zombie_head":2,"minecraft:beetroot":4,"minecraft:sea_pickle":1,"minecraft:cobbled_deepslate":125,"minecraft:gold_nugget":50,"minecraft:smooth_stone":1,"minecraft:bucket":1,"minecraft:redstone_torch":1,"minecraft:coal_block":1,"minecraft:mangrove_log":1,"minecraft:iron_boots":2,"minecraft:furnace":6,"minecraft:tipped_arrow":64,"minecraft:stick":3,"minecraft:acacia_log":1,"minecraft:torch":34,"minecraft:spruce_stairs":1,"minecraft:porkchop":7,"tombstone:grave_dust":6,"minecraft:diorite":5,"born_in_chaos_v1:nightmare_claw":1,"luminousworld:grassflowers":3,"minecraft:rotten_flesh":31,"supplementaries:antique_ink":2,"iceandfire:fire_dragon_heart":2,"supplementaries:ash":57,"mutantmonsters:mutant_skeleton_shoulder_pad":1,"minecraft:cobblestone":233,"minecraft:birch_log":6,"minecraft:andesite":4,"minecraft:potato":154,"alexscaves:cave_book":1,"minecraft:tuff":1,"supplementaries:flax_seeds":4,"minecraft:stripped_birch_log":4,"born_in_chaos_v1:nightmare_stalker_skull":2,"minecraft:lapis_lazuli":24,"minecraft:dirt":97,"minecraft:lantern":1,"minecraft:name_tag":1,"minecraft:bone":40,"iceandfire:armor_blue_helmet":1,"minecraft:wheat_seeds":409,"minecraft:raw_gold":21,"mutantmonsters:mutant_skeleton_rib_cage":2,"minecraft:mossy_stone_bricks":1,"minecraft:oak_planks":4,"earthmobsmod:harder_flesh":2,"iceandfire:shiny_scales":8,"minecraft:sand":21,"mutantmonsters:mutant_skeleton_leggings":1,"minecraft:barrel":1,"minecraft:mossy_cobblestone":1,"minecraft:diamond":22,"luminousworld:blueberry":1,"minecraft:crossbow":1,"minecraft:granite":17,"minecraft:grass":2,"minecraft:emerald":27,"minecraft:bread":22,"minecraft:oak_sapling":1,"iceandfire:raw_silver":1,"minecraft:diamond_pickaxe":1,"born_in_chaos_v1:diamond_termite_shard":4,"minecraft:crafting_table":26,"mutantmonsters:mutant_skeleton_arms":1,"minecraft:nether_wart":4,"minecraft:chain":1,"iceandfire:frozen_stone":3,"minecraft:iron_shovel":2,"minecraft:cracked_stone_bricks":1,"minecraft:beef":19,"minecraft:oak_boat":5,"luminousworld:white_oak_plank":2,"minecraft:raw_iron":73,"iceandfire:dragonbone":4,"minecraft:copper_ingot":3,"endrem:nether_eye":1,"minecraft:prismarine_crystals":13,"iceandfire:dragon_skull_ice":1,"minecraft:arrow":8,"minecraft:diamond_boots":1,"minecraft:hay_block":13,"mutantmonsters:mutant_skeleton_rib":3,"born_in_chaos_v1:spiny_shell":2,"minecraft:saddle":1,"minecraft:gold_ingot":4,"minecraft:mutton":1,"minecraft:bone_block":25,"minecraft:skeleton_skull":1,"minecraft:white_wool":1,"minecraft:netherite_boots":1,"born_in_chaos_v1:corpse_maggot":7,"luminousworld:ishstone":15,"minecraft:leather":6,"minecraft:filled_map":4,"minecraft:oak_log":24,"minecraft:gunpowder":15,"mowziesmobs:wrought_axe":3,"iceandfire:dragonscales_blue":46,"mutantmonsters:mutant_skeleton_limb":4,"born_in_chaos_v1:soul_cutlass":1,"minecraft:stone_bricks":2,"minecraft:kelp":76,"minecraft:rabbit_hide":5,"minecraft:iron_ingot":5,"minecraft:stone_pickaxe":1,"minecraft:cobweb":9,"minecraft:iron_sword":8,"iceandfire:fire_dragon_flesh":2,"luminousworld:clovers_1":2,"minecraft:sweet_berries":8,"born_in_chaos_v1:ethereal_spirit":4,"minecraft:gravel":1,"mowziesmobs:wrought_helmet":1,"minecraft:spruce_sapling":4,"minecraft:spruce_log":73,"quark:blue_corundum_cluster":1,"minecraft:spider_eye":3,"quark:cobblestone_bricks":1,"minecraft:chainmail_leggings":1,"minecraft:iron_helmet":1,"minecraft:scute":1,"mutantmonsters:mutant_skeleton_boots":1,"minecraft:baked_potato":4,"tombstone:magic_scroll":1,"iceandfire:chared_gravel":1,"minecraft:coal":7,"minecraft:ender_pearl":1},"minecraft:dropped":{"minecraft:iron_sword":3,"minecraft:ender_pearl":1,"minecraft:diamond":1,"minecraft:cracked_stone_bricks":1,"mutantmonsters:mutant_skeleton_shoulder_pad":1,"minecraft:grass":3,"iceandfire:chared_gravel":1,"minecraft:chain":1,"minecraft:iron_pickaxe":1,"minecraft:white_wool":1,"luminousworld:clovers_1":2,"luminousworld:white_oak_plank":2,"alexsmobs:animal_dictionary":1,"minecraft:cobbled_deepslate":24,"alexscaves:cave_tablet":1,"minecraft:beetroot":4,"minecraft:rotten_flesh":26,"minecraft:oak_planks":9,"iceandfire:frozen_stone":3,"minecraft:rabbit_hide":5,"supplementaries:flax_seeds":4,"supplementaries:ash":58,"luminousworld:grassflowers":2,"minecraft:mangrove_log":1,"alexscaves:cave_book":2,"minecraft:skeleton_skull":1,"born_in_chaos_v1:corpse_maggot":7,"born_in_chaos_v1:diamond_termite_shard":2,"minecraft:acacia_sapling":1,"minecraft:arrow":8,"minecraft:enchanted_book":1,"minecraft:iron_ingot":7,"minecraft:bread":4,"minecraft:wheat_seeds":409,"luminousworld:ishstone":2,"minecraft:prismarine_shard":5,"minecraft:cobblestone":9,"mutantmonsters:mutant_skeleton_boots":1,"iceandfire:armor_blue_boots":1,"minecraft:granite":11,"iceandfire:armor_blue_leggings":1,"born_in_chaos_v1:soul_cutlass":1,"minecraft:acacia_log":1,"mowziesmobs:wrought_axe":2,"minecraft:stick":2,"minecraft:pufferfish":1,"tombstone:magic_scroll":1,"quark:cobblestone_bricks":1,"minecraft:wooden_hoe":1,"minecraft:wooden_axe":1,"minecraft:zombie_head":2,"minecraft:iron_leggings":2,"mowziesmobs:wrought_helmet":1,"minecraft:iron_shovel":1,"iceandfire:dragonbone":4,"minecraft:furnace":1,"minecraft:kelp":76,"minecraft:sweet_berries":7,"minecraft:iron_boots":1,"earthmobsmod:harder_flesh":2,"minecraft:filled_map":3,"mutantmonsters:mutant_skeleton_chestplate":1,"mutantmonsters:mutant_skeleton_rib_cage":1,"minecraft:sea_pickle":1,"minecraft:iron_chestplate":1,"mutantmonsters:mutant_skeleton_limb":4,"minecraft:diamond_pickaxe":1,"minecraft:andesite":4,"minecraft:mossy_stone_bricks":1,"mutantmonsters:mutant_skeleton_leggings":1,"minecraft:spider_eye":3,"minecraft:spruce_log":64,"iceandfire:fire_dragon_heart":1,"minecraft:stone_pickaxe":2,"minecraft:wooden_pickaxe":1,"mutantmonsters:mutant_skeleton_rib":3},"minecraft:custom":{"minecraft:interact_with_crafting_table":66,"minecraft:open_barrel":10,"minecraft:leave_game":3,"minecraft:time_since_death":52512,"minecraft:sprint_one_cm":586648,"minecraft:damage_blocked_by_shield":315,"minecraft:drop":171,"minecraft:talked_to_villager":2,"minecraft:play_time":305860,"minecraft:deaths":65,"minecraft:jump":5210,"minecraft:walk_on_water_one_cm":141527,"minecraft:interact_with_furnace":44,"minecraft:interact_with_loom":2,"minecraft:sleep_in_bed":2,"minecraft:damage_dealt":25021,"minecraft:player_kills":3,"minecraft:crouch_one_cm":21435,"tombstone:undead_killed":39,"minecraft:interact_with_smoker":20,"minecraft:interact_with_smithing_table":1,"minecraft:mob_kills":101,"minecraft:interact_with_anvil":1,"minecraft:damage_dealt_resisted":836,"minecraft:climb_one_cm":8580,"minecraft:walk_one_cm":688120,"minecraft:sneak_time":9767,"minecraft:walk_under_water_one_cm":93571,"minecraft:boat_one_cm":429817,"minecraft:interact_with_blast_furnace":10,"minecraft:total_world_time":305860,"tombstone:raider_killed":6,"minecraft:time_since_rest":26489,"minecraft:damage_taken":28512,"minecraft:swim_one_cm":131890,"minecraft:fly_one_cm":982570,"minecraft:open_chest":66,"minecraft:fall_one_cm":156636},"minecraft:killed":{"minecraft:cave_spider":1,"born_in_chaos_v1:mr_pumpkin":2,"born_in_chaos_v1:restless_spirit":2,"minecraft:spider":7,"quark:forgotten":1,"minecraft:skeleton":2,"illagerinvasion:provoker":1,"minecraft:silverfish":1,"enemyexpansion:vampflyer":1,"minecraft:pig":4,"born_in_chaos_v1:diamond_termite":3,"mutantmonsters:mutant_skeleton":1,"minecraft:sheep":1,"minecraft:pillager":2,"minecraft:zombie":14,"enemyexpansion:vampire":1,"born_in_chaos_v1:corpse_fly":2,"luminousworld:deer":1,"undead_revamp2:theimmortal":1,"undead_revamp2:thegliter":1,"minecraft:vindicator":3,"enemyexpansion:direwolf":4,"born_in_chaos_v1:maggot":4,"earthmobsmod:wither_skeleton_wolf":1,"mowziesmobs:ferrous_wroughtnaut":1,"iceandfire:siren":3,"undead_revamp2:thebidy":2,"alexsmobs:bison":1,"minecraft:drowned":2,"earthmobsmod:albino_cow":7,"born_in_chaos_v1:barrel_zombie":3,"luminousworld:firefly":1,"earthmobsmod:bouldering_zombie":2,"born_in_chaos_v1:baby_skeleton":2,"undead_revamp2:the_moonflower":1,"enemyexpansion:sprinter":2,"born_in_chaos_v1:bloody_gadfly":1,"born_in_chaos_v1:nightmare_stalker":1,"minecraft:wither_skeleton":1,"enemyexpansion:slugger":1},"minecraft:mined":{"luminousworld:white_petunias":1,"minecraft:granite":1,"minecraft:grass_block":50,"minecraft:soul_soil":1,"minecraft:coal_block":1,"minecraft:spawner":1,"minecraft:cobbled_deepslate":5,"minecraft:iron_ore":10,"minecraft:fire":4,"minecraft:deepslate_lapis_ore":1,"minecraft:soul_fire":4,"minecraft:torch":1,"quark:blue_corundum_cluster":1,"minecraft:cobblestone":4,"minecraft:oak_planks":2,"placeablesmod:bread_full_block":2,"minecraft:wall_torch":3,"minecraft:birch_log":7,"minecraft:wheat":160,"minecraft:grass":18,"minecraft:oak_log":23,"minecraft:sand":20,"minecraft:dirt":48,"luminousworld:grassvariant_3":8,"born_in_chaos_v1:infernal_evil_pumpkin_s":1,"minecraft:oak_leaves":9,"minecraft:deepslate":90,"minecraft:tuff":1,"minecraft:mossy_cobblestone":2,"luminousworld:grassvariant_4":1,"minecraft:deepslate_diamond_ore":21,"minecraft:stripped_birch_log":4,"born_in_chaos_v1:nightmare_stalker_skull":1,"iceandfire:frozen_cobblestone":2,"luminousworld:mossbuds_1":1,"born_in_chaos_v1:infected_diamond_ore":1,"iceandfire:frozen_stone":2,"luminousworld:grassvariant_2":9,"minecraft:hay_block":13,"minecraft:furnace":4,"minecraft:gold_block":1,"minecraft:deepslate_iron_ore":31,"placeablesmod:iron_sword_block":1,"minecraft:stone":32,"minecraft:glass_pane":1,"minecraft:crafting_table":19,"minecraft:emerald_ore":1,"minecraft:tall_grass":3,"minecraft:deepslate_gold_ore":13,"minecraft:diorite":17,"supplementaries:urn":9,"minecraft:spruce_log":73,"minecraft:birch_leaves":3,"minecraft:coal_ore":4,"luminousworld:ishstone":2,"minecraft:dripstone_block":1,"minecraft:cobweb":2,"minecraft:cracked_stone_bricks":1,"minecraft:stone_bricks":5}},"DataVersion":3465}