{"stats":{"minecraft:broken":{"minecraft:golden_helmet":1,"minecraft:iron_helmet":1,"minecraft:golden_leggings":1},"minecraft:killed_by":{"minecraft:player":4,"minecraft:silverfish":1,"undead_revamp2:therod":1,"enemyexpansion:direwolf":1,"quark:forgotten":1,"enemyexpansion:vampflyer":1,"enemyexpansion:silverqueen":1,"enemyexpansion:invisicreeper":2},"minecraft:used":{"minecraft:stone_pickaxe":2,"minecraft:oak_planks":11,"minecraft:wooden_pickaxe":1,"minecraft:shield":28,"minecraft:iron_sword":126,"minecraft:iron_chestplate":1,"minecraft:torch":9,"minecraft:crafting_table":10,"minecraft:wooden_hoe":14,"minecraft:wooden_axe":20,"minecraft:bread":55,"minecraft:lantern":1,"minecraft:iron_pickaxe":96,"minecraft:iron_helmet":1,"tombstone:grave_key":5,"minecraft:iron_boots":1,"minecraft:golden_leggings":1,"minecraft:golden_helmet":1,"minecraft:cobblestone":10,"minecraft:furnace":1,"tombstone:gift":3,"minecraft:cobbled_deepslate":36,"minecraft:iron_leggings":1},"minecraft:crafted":{"minecraft:oak_planks":56,"minecraft:crafting_table":1,"minecraft:wooden_pickaxe":1,"minecraft:bread":69,"minecraft:air":0,"minecraft:wooden_hoe":1,"minecraft:shield":1,"minecraft:stick":12,"minecraft:iron_ingot":4,"minecraft:iron_pickaxe":1,"minecraft:stone_pickaxe":1,"minecraft:wooden_axe":1,"minecraft:wheat":117},"minecraft:picked_up":{"born_in_chaos_v1:diamond_termite_shard":3,"born_in_chaos_v1:corpse_maggot":4,"minecraft:iron_chestplate":1,"minecraft:crafting_table":10,"minecraft:wheat":90,"minecraft:creeper_head":1,"luminousworld:ishstone":2,"minecraft:enchanted_book":1,"minecraft:oak_log":14,"supplementaries:flax_seeds":4,"minecraft:gunpowder":12,"minecraft:lapis_lazuli":5,"minecraft:string":5,"minecraft:lantern":1,"minecraft:raw_copper":8,"minecraft:iron_leggings":1,"minecraft:bone":12,"minecraft:zombie_head":2,"minecraft:wheat_seeds":240,"minecraft:cobbled_deepslate":59,"minecraft:raw_gold":5,"minecraft:rabbit_hide":5,"minecraft:iron_ingot":4,"minecraft:stone_pickaxe":1,"minecraft:cobweb":9,"minecraft:iron_sword":5,"minecraft:oak_planks":2,"minecraft:iron_boots":1,"minecraft:furnace":2,"minecraft:raw_iron":53,"minecraft:copper_ingot":2,"minecraft:torch":9,"minecraft:acacia_log":1,"earthmobsmod:harder_flesh":2,"tombstone:grave_dust":2,"minecraft:spider_eye":2,"minecraft:arrow":5,"minecraft:rotten_flesh":17,"minecraft:diamond":4,"supplementaries:antique_ink":2,"minecraft:hay_block":13,"minecraft:iron_helmet":1,"minecraft:grass":2,"minecraft:saddle":1,"minecraft:bread":22,"minecraft:emerald":20,"supplementaries:ash":13,"minecraft:bone_block":11,"minecraft:skeleton_skull":1,"minecraft:cobblestone":12},"minecraft:dropped":{"minecraft:enchanted_book":1,"minecraft:bread":4,"minecraft:iron_sword":2,"minecraft:wheat_seeds":241,"alexsmobs:animal_dictionary":1,"luminousworld:ishstone":2,"minecraft:diamond":1,"minecraft:cobblestone":2,"minecraft:oak_planks":9,"earthmobsmod:harder_flesh":2,"minecraft:acacia_log":1,"minecraft:stick":2,"supplementaries:flax_seeds":4,"supplementaries:ash":11,"minecraft:grass":3,"minecraft:skeleton_skull":1,"born_in_chaos_v1:corpse_maggot":4,"born_in_chaos_v1:diamond_termite_shard":2,"minecraft:acacia_sapling":1,"minecraft:zombie_head":2,"minecraft:spider_eye":1,"minecraft:arrow":5,"minecraft:stone_pickaxe":2,"minecraft:wooden_pickaxe":1},"minecraft:custom":{"minecraft:interact_with_smithing_table":1,"minecraft:interact_with_furnace":7,"minecraft:mob_kills":27,"minecraft:interact_with_crafting_table":16,"minecraft:open_barrel":2,"minecraft:leave_game":2,"minecraft:time_since_death":1609,"minecraft:sleep_in_bed":1,"minecraft:climb_one_cm":1978,"minecraft:time_since_rest":1377,"minecraft:sprint_one_cm":164377,"minecraft:damage_taken":6657,"minecraft:walk_one_cm":214152,"minecraft:damage_blocked_by_shield":315,"minecraft:drop":53,"minecraft:damage_dealt":5543,"minecraft:swim_one_cm":5559,"minecraft:fly_one_cm":199505,"minecraft:talked_to_villager":2,"minecraft:open_chest":4,"minecraft:crouch_one_cm":6351,"minecraft:play_time":72181,"tombstone:undead_killed":14,"minecraft:deaths":13,"minecraft:sneak_time":2454,"minecraft:walk_under_water_one_cm":7103,"minecraft:jump":1260,"minecraft:walk_on_water_one_cm":44703,"minecraft:total_world_time":72181,"minecraft:fall_one_cm":28503},"minecraft:killed":{"minecraft:cave_spider":1,"undead_revamp2:thegliter":1,"born_in_chaos_v1:diamond_termite":1,"undead_revamp2:the_moonflower":1,"minecraft:spider":3,"enemyexpansion:direwolf":1,"quark:forgotten":1,"minecraft:skeleton":1,"born_in_chaos_v1:bloody_gadfly":1,"minecraft:zombie":9,"enemyexpansion:vampire":1,"born_in_chaos_v1:corpse_fly":2,"minecraft:silverfish":1},"minecraft:mined":{"minecraft:deepslate_diamond_ore":3,"born_in_chaos_v1:infected_diamond_ore":1,"minecraft:crafting_table":10,"luminousworld:grassvariant_2":1,"minecraft:deepslate_gold_ore":5,"minecraft:oak_planks":2,"placeablesmod:bread_full_block":2,"minecraft:diorite":11,"supplementaries:urn":7,"minecraft:hay_block":13,"minecraft:furnace":1,"minecraft:iron_ore":6,"minecraft:cobbled_deepslate":2,"minecraft:wheat":91,"minecraft:deepslate_lapis_ore":1,"minecraft:grass":2,"minecraft:oak_log":14,"luminousworld:ishstone":2,"minecraft:deepslate_iron_ore":13,"placeablesmod:iron_sword_block":1,"minecraft:stone":11,"minecraft:oak_leaves":2,"minecraft:deepslate":31}},"DataVersion":3465}