{"stats":{"minecraft:broken":{"minecraft:golden_helmet":1},"minecraft:killed_by":{"minecraft:player":2,"undead_revamp2:therod":1,"enemyexpansion:direwolf":1},"minecraft:used":{"minecraft:stone_pickaxe":2,"minecraft:oak_planks":11,"minecraft:wooden_pickaxe":1,"minecraft:shield":9,"minecraft:iron_sword":64,"minecraft:crafting_table":8,"minecraft:wooden_axe":18,"minecraft:wooden_hoe":14,"minecraft:lantern":1,"minecraft:bread":40,"minecraft:iron_pickaxe":76,"minecraft:golden_leggings":1,"minecraft:golden_helmet":1,"minecraft:cobblestone":2,"minecraft:furnace":1,"tombstone:gift":1,"minecraft:cobbled_deepslate":23},"minecraft:crafted":{"minecraft:oak_planks":56,"minecraft:crafting_table":1,"minecraft:wooden_pickaxe":1,"minecraft:bread":69,"minecraft:air":0,"minecraft:wooden_hoe":1,"minecraft:shield":1,"minecraft:stick":12,"minecraft:iron_ingot":4,"minecraft:iron_pickaxe":1,"minecraft:stone_pickaxe":1,"minecraft:wooden_axe":1,"minecraft:wheat":117},"minecraft:picked_up":{"born_in_chaos_v1:corpse_maggot":3,"born_in_chaos_v1:diamond_termite_shard":2,"minecraft:crafting_table":8,"minecraft:wheat":90,"luminousworld:ishstone":2,"minecraft:oak_log":14,"supplementaries:flax_seeds":2,"minecraft:gunpowder":2,"minecraft:lapis_lazuli":5,"minecraft:string":1,"minecraft:lantern":1,"minecraft:raw_copper":8,"minecraft:bone":9,"minecraft:wheat_seeds":240,"minecraft:cobbled_deepslate":41,"minecraft:raw_gold":4,"minecraft:iron_ingot":3,"minecraft:stone_pickaxe":1,"minecraft:oak_planks":2,"minecraft:iron_sword":3,"minecraft:furnace":2,"minecraft:raw_iron":49,"minecraft:copper_ingot":2,"earthmobsmod:harder_flesh":2,"tombstone:grave_dust":2,"minecraft:rotten_flesh":12,"minecraft:diamond":2,"minecraft:hay_block":13,"minecraft:grass":1,"minecraft:bread":8,"supplementaries:ash":7,"minecraft:skeleton_skull":1,"minecraft:cobblestone":11},"minecraft:dropped":{"minecraft:iron_sword":1,"minecraft:wheat_seeds":64,"minecraft:oak_planks":5,"earthmobsmod:harder_flesh":2,"minecraft:stick":2,"minecraft:grass":1,"minecraft:stone_pickaxe":2,"minecraft:wooden_pickaxe":1},"minecraft:custom":{"minecraft:interact_with_furnace":7,"minecraft:mob_kills":11,"minecraft:interact_with_crafting_table":15,"minecraft:open_barrel":1,"minecraft:time_since_death":3316,"minecraft:sleep_in_bed":1,"minecraft:climb_one_cm":1978,"minecraft:time_since_rest":2439,"minecraft:sprint_one_cm":116998,"minecraft:damage_taken":3404,"minecraft:walk_one_cm":140627,"minecraft:damage_blocked_by_shield":210,"minecraft:drop":14,"minecraft:damage_dealt":2964,"minecraft:talked_to_villager":2,"minecraft:swim_one_cm":5093,"minecraft:fly_one_cm":136874,"minecraft:open_chest":3,"minecraft:crouch_one_cm":5093,"minecraft:play_time":45321,"tombstone:undead_killed":4,"minecraft:deaths":5,"minecraft:sneak_time":1895,"minecraft:walk_under_water_one_cm":1331,"minecraft:jump":829,"minecraft:walk_on_water_one_cm":20325,"minecraft:total_world_time":45321,"minecraft:fall_one_cm":22259},"minecraft:killed":{"minecraft:spider":3,"born_in_chaos_v1:bloody_gadfly":1,"minecraft:zombie":3,"enemyexpansion:vampire":1,"born_in_chaos_v1:corpse_fly":2},"minecraft:mined":{"minecraft:deepslate_diamond_ore":2,"born_in_chaos_v1:infected_diamond_ore":1,"minecraft:crafting_table":8,"luminousworld:grassvariant_2":1,"minecraft:deepslate_gold_ore":4,"minecraft:oak_planks":2,"placeablesmod:bread_full_block":1,"minecraft:diorite":11,"supplementaries:urn":5,"minecraft:hay_block":13,"minecraft:furnace":1,"minecraft:iron_ore":6,"minecraft:wheat":91,"minecraft:cobbled_deepslate":2,"minecraft:deepslate_lapis_ore":1,"minecraft:grass":2,"luminousworld:ishstone":2,"minecraft:oak_log":14,"minecraft:deepslate_iron_ore":10,"placeablesmod:iron_sword_block":1,"minecraft:stone":11,"minecraft:oak_leaves":2,"minecraft:deepslate":18}},"DataVersion":3465}