{"stats":{"minecraft:broken":{"minecraft:golden_helmet":1,"minecraft:golden_leggings":1,"minecraft:iron_helmet":1},"minecraft:killed_by":{"minecraft:player":4,"minecraft:creeper":1,"quark:forgotten":1,"minecraft:silverfish":1,"undead_revamp2:therod":2,"enemyexpansion:direwolf":1,"enemyexpansion:vampflyer":1,"enemyexpansion:silverqueen":1,"enemyexpansion:invisicreeper":3},"minecraft:used":{"minecraft:shield":28,"minecraft:iron_sword":207,"minecraft:rotten_flesh":1,"minecraft:iron_chestplate":1,"minecraft:torch":23,"minecraft:tuff":1,"minecraft:wooden_axe":20,"minecraft:lantern":1,"minecraft:iron_helmet":1,"minecraft:iron_boots":1,"minecraft:furnace":1,"tombstone:gift":3,"minecraft:cobbled_deepslate":80,"minecraft:iron_leggings":1,"minecraft:stone_pickaxe":2,"minecraft:oak_planks":11,"minecraft:wooden_pickaxe":1,"minecraft:crafting_table":10,"minecraft:wooden_hoe":14,"minecraft:bread":79,"minecraft:iron_pickaxe":208,"tombstone:grave_key":6,"minecraft:golden_leggings":1,"minecraft:golden_helmet":1,"minecraft:cobblestone":10,"minecraft:chainmail_leggings":1},"minecraft:crafted":{"minecraft:oak_planks":56,"minecraft:stone_pickaxe":1,"minecraft:wheat":117,"minecraft:crafting_table":1,"minecraft:wooden_pickaxe":1,"minecraft:bread":69,"minecraft:air":0,"minecraft:wooden_hoe":1,"minecraft:shield":1,"minecraft:stick":12,"minecraft:iron_pickaxe":1,"minecraft:iron_ingot":4,"minecraft:wooden_axe":1},"minecraft:picked_up":{"minecraft:crafting_table":10,"minecraft:iron_chestplate":1,"born_in_chaos_v1:diamond_termite_shard":4,"minecraft:wheat":90,"minecraft:creeper_head":1,"aether:iron_gloves":1,"minecraft:enchanted_book":1,"minecraft:chain":1,"minecraft:string":5,"minecraft:raw_copper":8,"minecraft:iron_leggings":1,"minecraft:zombie_head":2,"minecraft:cobbled_deepslate":119,"minecraft:iron_boots":1,"minecraft:furnace":3,"minecraft:raw_iron":73,"minecraft:copper_ingot":2,"minecraft:torch":23,"minecraft:acacia_log":1,"minecraft:porkchop":2,"tombstone:grave_dust":4,"minecraft:arrow":6,"minecraft:rotten_flesh":21,"minecraft:hay_block":13,"supplementaries:antique_ink":2,"minecraft:saddle":1,"supplementaries:ash":51,"minecraft:skeleton_skull":1,"minecraft:bone_block":25,"minecraft:cobblestone":12,"born_in_chaos_v1:corpse_maggot":7,"minecraft:andesite":4,"luminousworld:ishstone":2,"minecraft:filled_map":1,"minecraft:tuff":1,"minecraft:oak_log":14,"supplementaries:flax_seeds":4,"minecraft:gunpowder":13,"minecraft:lapis_lazuli":11,"minecraft:lantern":1,"minecraft:bone":15,"minecraft:wheat_seeds":240,"minecraft:raw_gold":13,"minecraft:rabbit_hide":5,"minecraft:iron_ingot":4,"minecraft:stone_pickaxe":1,"minecraft:cobweb":9,"minecraft:oak_planks":2,"minecraft:iron_sword":8,"born_in_chaos_v1:ethereal_spirit":2,"earthmobsmod:harder_flesh":2,"minecraft:spider_eye":3,"minecraft:diamond":22,"minecraft:chainmail_leggings":1,"minecraft:iron_helmet":1,"minecraft:grass":2,"minecraft:emerald":20,"minecraft:bread":22},"minecraft:dropped":{"minecraft:enchanted_book":1,"minecraft:bread":4,"minecraft:iron_sword":3,"minecraft:wheat_seeds":241,"luminousworld:ishstone":2,"minecraft:diamond":1,"minecraft:cobblestone":2,"minecraft:acacia_log":1,"minecraft:stick":2,"minecraft:grass":3,"minecraft:wooden_hoe":1,"minecraft:wooden_axe":1,"minecraft:zombie_head":2,"minecraft:furnace":1,"alexsmobs:animal_dictionary":1,"minecraft:rotten_flesh":20,"minecraft:oak_planks":9,"earthmobsmod:harder_flesh":2,"minecraft:rabbit_hide":5,"supplementaries:ash":14,"supplementaries:flax_seeds":4,"minecraft:skeleton_skull":1,"minecraft:andesite":4,"born_in_chaos_v1:corpse_maggot":7,"minecraft:acacia_sapling":1,"born_in_chaos_v1:diamond_termite_shard":2,"minecraft:spider_eye":3,"minecraft:arrow":5,"minecraft:stone_pickaxe":2,"minecraft:wooden_pickaxe":1},"minecraft:custom":{"minecraft:interact_with_smithing_table":1,"minecraft:mob_kills":46,"minecraft:interact_with_crafting_table":16,"minecraft:open_barrel":2,"minecraft:damage_dealt_resisted":20,"minecraft:leave_game":2,"minecraft:time_since_death":1512,"minecraft:climb_one_cm":5480,"minecraft:sprint_one_cm":267970,"minecraft:walk_one_cm":299552,"minecraft:damage_blocked_by_shield":315,"minecraft:drop":75,"minecraft:talked_to_villager":2,"minecraft:play_time":108181,"minecraft:deaths":16,"minecraft:sneak_time":4566,"minecraft:walk_under_water_one_cm":11710,"minecraft:boat_one_cm":7950,"minecraft:jump":2133,"minecraft:walk_on_water_one_cm":61780,"minecraft:total_world_time":108181,"minecraft:interact_with_furnace":7,"minecraft:sleep_in_bed":1,"minecraft:time_since_rest":1320,"minecraft:damage_taken":8735,"minecraft:damage_dealt":9254,"minecraft:swim_one_cm":11794,"minecraft:fly_one_cm":374651,"minecraft:open_chest":8,"minecraft:crouch_one_cm":10094,"tombstone:undead_killed":22,"minecraft:fall_one_cm":54949},"minecraft:killed":{"minecraft:cave_spider":1,"born_in_chaos_v1:restless_spirit":1,"undead_revamp2:thegliter":1,"minecraft:spider":4,"enemyexpansion:direwolf":3,"born_in_chaos_v1:maggot":2,"quark:forgotten":1,"minecraft:skeleton":2,"minecraft:silverfish":1,"alexsmobs:bison":1,"minecraft:pig":1,"earthmobsmod:bouldering_zombie":1,"born_in_chaos_v1:diamond_termite":3,"born_in_chaos_v1:baby_skeleton":2,"undead_revamp2:the_moonflower":1,"born_in_chaos_v1:bloody_gadfly":1,"minecraft:zombie":12,"enemyexpansion:vampire":1,"born_in_chaos_v1:corpse_fly":2,"enemyexpansion:slugger":1},"minecraft:mined":{"minecraft:tuff":1,"minecraft:deepslate_diamond_ore":21,"born_in_chaos_v1:infected_diamond_ore":1,"minecraft:granite":1,"luminousworld:grassvariant_2":2,"minecraft:hay_block":13,"minecraft:furnace":1,"minecraft:iron_ore":10,"minecraft:cobbled_deepslate":4,"minecraft:deepslate_lapis_ore":1,"minecraft:deepslate_iron_ore":31,"placeablesmod:iron_sword_block":1,"minecraft:stone":11,"minecraft:crafting_table":10,"minecraft:torch":1,"minecraft:deepslate_gold_ore":13,"minecraft:oak_planks":2,"placeablesmod:bread_full_block":2,"minecraft:diorite":11,"minecraft:wall_torch":3,"supplementaries:urn":9,"minecraft:wheat":91,"minecraft:grass":4,"minecraft:oak_log":14,"luminousworld:ishstone":2,"minecraft:dripstone_block":1,"minecraft:oak_leaves":2,"minecraft:deepslate":90}},"DataVersion":3465}