{"stats":{"minecraft:broken":{"minecraft:golden_helmet":1,"minecraft:golden_leggings":1},"minecraft:killed_by":{"minecraft:player":2,"minecraft:silverfish":1,"undead_revamp2:therod":1,"enemyexpansion:direwolf":1,"quark:forgotten":1,"enemyexpansion:vampflyer":1,"enemyexpansion:silverqueen":1,"enemyexpansion:invisicreeper":1},"minecraft:used":{"minecraft:stone_pickaxe":2,"minecraft:oak_planks":11,"minecraft:wooden_pickaxe":1,"minecraft:shield":28,"minecraft:iron_sword":91,"minecraft:iron_chestplate":1,"minecraft:torch":9,"minecraft:crafting_table":9,"minecraft:wooden_axe":19,"minecraft:wooden_hoe":14,"minecraft:lantern":1,"minecraft:bread":46,"minecraft:iron_pickaxe":84,"minecraft:iron_helmet":1,"minecraft:iron_boots":1,"tombstone:grave_key":3,"minecraft:golden_leggings":1,"minecraft:golden_helmet":1,"minecraft:cobblestone":10,"minecraft:furnace":1,"tombstone:gift":2,"minecraft:cobbled_deepslate":23,"minecraft:iron_leggings":1},"minecraft:crafted":{"minecraft:oak_planks":56,"minecraft:crafting_table":1,"minecraft:wooden_pickaxe":1,"minecraft:bread":69,"minecraft:air":0,"minecraft:wooden_hoe":1,"minecraft:shield":1,"minecraft:stick":12,"minecraft:iron_ingot":4,"minecraft:iron_pickaxe":1,"minecraft:stone_pickaxe":1,"minecraft:wooden_axe":1,"minecraft:wheat":117},"minecraft:picked_up":{"minecraft:iron_chestplate":1,"born_in_chaos_v1:corpse_maggot":4,"born_in_chaos_v1:diamond_termite_shard":3,"minecraft:crafting_table":9,"minecraft:wheat":90,"luminousworld:ishstone":2,"minecraft:enchanted_book":1,"minecraft:oak_log":14,"supplementaries:flax_seeds":2,"minecraft:gunpowder":6,"minecraft:lapis_lazuli":5,"minecraft:string":2,"minecraft:lantern":1,"minecraft:raw_copper":8,"minecraft:iron_leggings":1,"minecraft:bone":12,"minecraft:wheat_seeds":240,"minecraft:cobbled_deepslate":54,"minecraft:raw_gold":4,"minecraft:iron_ingot":3,"minecraft:stone_pickaxe":1,"minecraft:oak_planks":2,"minecraft:iron_sword":3,"minecraft:iron_boots":1,"minecraft:furnace":2,"minecraft:raw_iron":49,"minecraft:copper_ingot":2,"minecraft:torch":9,"earthmobsmod:harder_flesh":2,"tombstone:grave_dust":2,"minecraft:spider_eye":1,"minecraft:arrow":5,"minecraft:rotten_flesh":14,"minecraft:diamond":4,"minecraft:iron_helmet":1,"minecraft:hay_block":13,"minecraft:grass":2,"minecraft:saddle":1,"minecraft:emerald":20,"minecraft:bread":8,"supplementaries:ash":10,"minecraft:skeleton_skull":1,"minecraft:cobblestone":12},"minecraft:dropped":{"minecraft:bread":4,"minecraft:iron_sword":1,"minecraft:wheat_seeds":129,"alexsmobs:animal_dictionary":1,"luminousworld:ishstone":2,"minecraft:diamond":1,"minecraft:cobblestone":2,"minecraft:oak_planks":5,"earthmobsmod:harder_flesh":2,"minecraft:stick":2,"minecraft:grass":3,"minecraft:skeleton_skull":1,"minecraft:acacia_sapling":1,"born_in_chaos_v1:diamond_termite_shard":2,"minecraft:spider_eye":1,"minecraft:arrow":5,"minecraft:stone_pickaxe":2,"minecraft:wooden_pickaxe":1},"minecraft:custom":{"minecraft:interact_with_furnace":7,"minecraft:mob_kills":19,"minecraft:interact_with_crafting_table":16,"minecraft:open_barrel":2,"minecraft:time_since_death":4694,"minecraft:sleep_in_bed":1,"minecraft:climb_one_cm":1978,"minecraft:time_since_rest":4001,"minecraft:sprint_one_cm":146700,"minecraft:damage_taken":5389,"minecraft:walk_one_cm":175540,"minecraft:damage_blocked_by_shield":315,"minecraft:drop":37,"minecraft:damage_dealt":4147,"minecraft:talked_to_villager":2,"minecraft:swim_one_cm":5093,"minecraft:fly_one_cm":174681,"minecraft:open_chest":4,"minecraft:crouch_one_cm":5494,"minecraft:play_time":57321,"tombstone:undead_killed":8,"minecraft:deaths":10,"minecraft:sneak_time":2064,"minecraft:walk_under_water_one_cm":1331,"minecraft:jump":1044,"minecraft:walk_on_water_one_cm":26222,"minecraft:total_world_time":57321,"minecraft:fall_one_cm":26171},"minecraft:killed":{"born_in_chaos_v1:diamond_termite":1,"minecraft:spider":3,"enemyexpansion:direwolf":1,"quark:forgotten":1,"minecraft:skeleton":1,"born_in_chaos_v1:bloody_gadfly":1,"minecraft:zombie":5,"enemyexpansion:vampire":1,"born_in_chaos_v1:corpse_fly":2,"minecraft:silverfish":1},"minecraft:mined":{"minecraft:deepslate_diamond_ore":3,"born_in_chaos_v1:infected_diamond_ore":1,"minecraft:crafting_table":9,"luminousworld:grassvariant_2":1,"minecraft:deepslate_gold_ore":4,"minecraft:oak_planks":2,"placeablesmod:bread_full_block":1,"minecraft:diorite":11,"supplementaries:urn":5,"minecraft:hay_block":13,"minecraft:furnace":1,"minecraft:iron_ore":6,"minecraft:wheat":91,"minecraft:cobbled_deepslate":2,"minecraft:deepslate_lapis_ore":1,"minecraft:grass":2,"luminousworld:ishstone":2,"minecraft:oak_log":14,"minecraft:deepslate_iron_ore":10,"placeablesmod:iron_sword_block":1,"minecraft:stone":11,"minecraft:oak_leaves":2,"minecraft:deepslate":25}},"DataVersion":3465}