{
  "iceandfire:iceandfire/root": {
    "criteria": {
      "tick": "2024-10-03 07:56:24 +0000"
    },
    "done": true
  },
  "mutantmonsters:root": {
    "criteria": {
      "killed_something": "2024-10-03 08:00:23 +0000"
    },
    "done": true
  },
  "takesapillage:root": {
    "criteria": {
      "always": "2024-10-03 07:56:24 +0000"
    },
    "done": true
  },
  "incendium:technical/scroll_of_returning": {
    "criteria": {
      "log_spam_fixer": "2024-10-03 07:56:29 +0000"
    },
    "done": false
  },
  "minecraft:story/obtain_armor": {
    "criteria": {
      "iron_helmet": "2024-10-03 08:15:28 +0000"
    },
    "done": true
  },
  "ad_astra:tier_3_rocket": {
    "criteria": {
      "has_tier_3_rocket": "2024-10-03 07:58:12 +0000"
    },
    "done": true
  },
  "alexscaves:alexscaves/nuclear_bomb": {
    "criteria": {
      "nuclear_bomb": "2024-10-03 08:04:02 +0000"
    },
    "done": true
  },
  "iceandfire:iceandfire/kill_troll": {
    "criteria": {
      "killed_fire_dragon": "2024-10-03 08:19:48 +0000"
    },
    "done": true
  },
  "dungeons_arise:find_lighthouse": {
    "criteria": {
      "location0": "2024-10-03 08:07:49 +0000"
    },
    "done": true
  },
  "alexscaves:alexscaves/shadow_armor": {
    "criteria": {
      "helmet": "2024-10-03 08:01:17 +0000",
      "tunic": "2024-10-03 08:01:20 +0000"
    },
    "done": true
  },
  "endrem:main/nether_eye": {
    "criteria": {
      "nether_eye": "2024-10-03 08:23:57 +0000"
    },
    "done": true
  },
  "endrem:main/rogue_eye": {
    "criteria": {
      "rogue_eye": "2024-10-03 08:23:58 +0000"
    },
    "done": true
  },
  "endrem:main/black_eye": {
    "criteria": {
      "black_eye": "2024-10-03 08:23:55 +0000"
    },
    "done": true
  },
  "explorerscompass:explorers_compass_cracked_stone_bricks": {
    "criteria": {
      "has_recipe": "2024-10-03 07:56:24 +0000"
    },
    "done": true
  },
  "twilightforest:progress_knights": {
    "criteria": {
      "was_in_fight": "2024-10-03 08:14:45 +0000"
    },
    "done": false
  },
  "incendium:technical/using/ragnarok": {
    "criteria": {
      "log_spam_fixer": "2024-10-03 07:56:29 +0000"
    },
    "done": false
  },
  "dungeons_arise:wda_root": {
    "criteria": {
      "WDA": "2024-10-03 07:56:24 +0000"
    },
    "done": true
  },
  "tombstone:adventure/ambush": {
    "criteria": {
      "coded_trigger": "2024-10-03 08:00:23 +0000"
    },
    "done": true
  },
  "undead_revamp2:theundeadchallenges": {
    "criteria": {
      "theundeadchallenges": "2024-10-03 07:56:24 +0000"
    },
    "done": true
  },
  "tombstone:recipes/from_grave_key": {
    "criteria": {
      "has_ingredient": "2024-10-03 08:02:20 +0000"
    },
    "done": true
  },
  "tombstone:adventure/first_grave": {
    "criteria": {
      "coded_trigger": "2024-10-03 08:02:15 +0000"
    },
    "done": true
  },
  "ad_astra:tier_4_rocket": {
    "criteria": {
      "has_tier_4_rocket": "2024-10-03 07:57:58 +0000"
    },
    "done": true
  },
  "friendsandfoes:misc/yellow_dye_from_buttercup": {
    "criteria": {
      "has_the_recipe": "2024-10-03 07:56:24 +0000"
    },
    "done": true
  },
  "ad_astra:tier_1_rocket": {
    "criteria": {
      "has_tier_1_rocket": "2024-10-03 07:58:11 +0000"
    },
    "done": true
  },
  "naturescompass:natures_compass_log": {
    "criteria": {
      "has_recipe": "2024-10-03 07:56:24 +0000"
    },
    "done": true
  },
  "endrem:main/old_eye": {
    "criteria": {
      "old_eye": "2024-10-03 08:23:58 +0000"
    },
    "done": true
  },
  "endrem:main/evil_eye": {
    "criteria": {
      "evil_eye": "2024-10-03 08:23:59 +0000"
    },
    "done": true
  },
  "aether:enter_aether": {
    "criteria": {
      "enter_aether": "2024-10-03 08:21:47 +0000"
    },
    "done": true
  },
  "minecraft:adventure/shoot_arrow": {
    "criteria": {
      "shot_arrow": "2024-10-03 08:15:58 +0000"
    },
    "done": true
  },
  "endrem:main/cold_eye": {
    "criteria": {
      "cold_eye": "2024-10-03 08:23:56 +0000"
    },
    "done": true
  },
  "endrem:main/root": {
    "criteria": {
      "black_eye": "2024-10-03 08:23:55 +0000"
    },
    "done": true
  },
  "endrem:main/corrupted_eye": {
    "criteria": {
      "corrupted_eye": "2024-10-03 08:23:56 +0000"
    },
    "done": true
  },
  "naturescompass:natures_compass": {
    "criteria": {
      "has_recipe": "2024-10-03 07:56:24 +0000"
    },
    "done": true
  },
  "twilightforest:progress_naga": {
    "criteria": {
      "naga": "2024-10-03 08:17:04 +0000"
    },
    "done": true
  },
  "minecraft:end/elytra": {
    "criteria": {
      "elytra": "2024-10-03 08:26:08 +0000"
    },
    "done": true
  },
  "naturescompass:natures_compass_sapling": {
    "criteria": {
      "has_recipe": "2024-10-03 07:56:24 +0000"
    },
    "done": true
  },
  "incendium:technical/using/trailblazer": {
    "criteria": {
      "log_spam_fixer": "2024-10-03 07:56:29 +0000"
    },
    "done": false
  },
  "minecraft:adventure/root": {
    "criteria": {
      "killed_something": "2024-10-03 08:00:23 +0000"
    },
    "done": true
  },
  "minecraft:adventure/kill_all_mobs": {
    "criteria": {
      "minecraft:pillager": "2024-10-03 08:00:23 +0000",
      "minecraft:skeleton": "2024-10-03 08:18:17 +0000"
    },
    "done": false
  },
  "twilightforest:progress_glacier": {
    "criteria": {
      "queen": "2024-10-03 08:15:24 +0000",
      "was_in_fight": "2024-10-03 08:15:24 +0000"
    },
    "done": false
  },
  "mowziesmobs:root": {
    "criteria": {
      "custom_test_name": "2024-10-03 07:56:24 +0000"
    },
    "done": true
  },
  "alexscaves:alexscaves/tremorzilla_egg": {
    "criteria": {
      "quarry": "2024-10-03 08:03:03 +0000"
    },
    "done": true
  },
  "betterdungeons:root": {
    "criteria": {
      "always": "2024-10-03 07:56:24 +0000"
    },
    "done": true
  },
  "minecraft:adventure/kill_a_mob": {
    "criteria": {
      "minecraft:pillager": "2024-10-03 08:00:23 +0000"
    },
    "done": true
  },
  "minecraft:adventure/adventuring_time": {
    "criteria": {
      "minecraft:taiga": "2024-10-03 08:26:59 +0000",
      "minecraft:frozen_river": "2024-10-03 08:07:43 +0000",
      "minecraft:snowy_plains": "2024-10-03 07:56:29 +0000",
      "minecraft:snowy_taiga": "2024-10-03 08:25:33 +0000",
      "minecraft:frozen_ocean": "2024-10-03 08:04:20 +0000",
      "minecraft:windswept_forest": "2024-10-03 08:25:46 +0000",
      "minecraft:snowy_beach": "2024-10-03 08:02:52 +0000"
    },
    "done": false
  },
  "endrem:main/cursed_eye": {
    "criteria": {
      "cursed_eye": "2024-10-03 08:23:59 +0000"
    },
    "done": true
  },
  "placeablesmod:placeables": {
    "criteria": {
      "placeables": "2024-10-03 07:56:24 +0000"
    },
    "done": true
  },
  "ad_astra:tier_2_rocket": {
    "criteria": {
      "has_tier_2_rocket": "2024-10-03 07:58:12 +0000"
    },
    "done": true
  },
  "explorerscompass:explorers_compass_cobweb": {
    "criteria": {
      "has_recipe": "2024-10-03 07:56:24 +0000"
    },
    "done": true
  },
  "eeeabsmobs:eeeabsmobs/root": {
    "criteria": {
      "requirement": "2024-10-03 07:56:24 +0000"
    },
    "done": true
  },
  "tombstone:adventure/cancel_ghostly_shape": {
    "criteria": {
      "coded_trigger": "2024-10-03 08:03:08 +0000"
    },
    "done": true
  },
  "alexscaves:alexscaves/dreadbow": {
    "criteria": {
      "dreadbow": "2024-10-03 07:59:13 +0000"
    },
    "done": true
  },
  "incendium:technical/using/shield": {
    "criteria": {
      "log_spam_fixer": "2024-10-03 07:56:29 +0000"
    },
    "done": false
  },
  "minecraft:husbandry/root": {
    "criteria": {
      "consumed_item": "2024-10-03 08:01:31 +0000"
    },
    "done": true
  },
  "betterdeserttemples:root": {
    "criteria": {
      "always": "2024-10-03 07:56:24 +0000"
    },
    "done": true
  },
  "tombstone:adventure/first_knowledge": {
    "criteria": {
      "coded_trigger": "2024-10-03 08:00:23 +0000"
    },
    "done": true
  },
  "aether:obtain_egg": {
    "criteria": {
      "moa_egg": "2024-10-03 08:20:35 +0000"
    },
    "done": true
  },
  "twilightforest:progress_ur_ghast": {
    "criteria": {
      "trophy": "2024-10-03 08:15:49 +0000",
      "ghast": "2024-10-03 08:17:53 +0000",
      "was_in_fight": "2024-10-03 08:15:01 +0000"
    },
    "done": false
  },
  "tombstone:adventure/root": {
    "criteria": {
      "auto": "2024-10-03 07:56:29 +0000"
    },
    "done": true
  },
  "cataclysm:root": {
    "criteria": {
      "custom_test_name": "2024-10-03 07:56:24 +0000"
    },
    "done": true
  },
  "alexscaves:alexscaves/shadow_silk": {
    "criteria": {
      "desolate_dagger": "2024-10-03 08:01:26 +0000"
    },
    "done": true
  },
  "incendium:technical/new_player": {
    "criteria": {
      "requirement": "2024-10-03 07:56:24 +0000"
    },
    "done": true
  },
  "explorerscompass:explorers_compass": {
    "criteria": {
      "has_recipe": "2024-10-03 07:56:24 +0000"
    },
    "done": true
  },
  "endrem:main/lost_eye": {
    "criteria": {
      "lost_eye": "2024-10-03 08:23:57 +0000"
    },
    "done": true
  },
  "twilightforest:progress_lich": {
    "criteria": {
      "kill_naga": "2024-10-03 08:17:04 +0000"
    },
    "done": false
  },
  "aether:the_aether": {
    "criteria": {
      "the_aether": "2024-10-03 08:21:47 +0000"
    },
    "done": true
  },
  "DataVersion": 3465
}