{
  "ad_astra:rover": {
    "criteria": {
      "has_rover": "2024-10-03 08:26:59 +0000"
    },
    "done": true
  },
  "iceandfire:iceandfire/root": {
    "criteria": {
      "tick": "2024-10-03 07:56:25 +0000"
    },
    "done": true
  },
  "mutantmonsters:root": {
    "criteria": {
      "killed_something": "2024-10-03 08:01:43 +0000"
    },
    "done": true
  },
  "takesapillage:root": {
    "criteria": {
      "always": "2024-10-03 07:56:25 +0000"
    },
    "done": true
  },
  "incendium:technical/scroll_of_returning": {
    "criteria": {
      "log_spam_fixer": "2024-10-03 07:56:29 +0000"
    },
    "done": false
  },
  "twilightforest:progress_trophy_pedestal": {
    "criteria": {
      "kill_lich": "2024-10-03 08:12:05 +0000"
    },
    "done": false
  },
  "alexscaves:alexscaves/nuclear_bomb": {
    "criteria": {
      "nuclear_bomb": "2024-10-03 08:03:03 +0000"
    },
    "done": true
  },
  "twilightforest:progress_troll": {
    "criteria": {
      "lamp": "2024-10-03 08:17:51 +0000"
    },
    "done": false
  },
  "dungeons_arise:find_illager_corsair_or_illager_galley": {
    "criteria": {
      "location1": "2024-10-03 08:04:38 +0000"
    },
    "done": true
  },
  "dungeons_arise:find_lighthouse": {
    "criteria": {
      "location0": "2024-10-03 08:07:44 +0000"
    },
    "done": true
  },
  "endrem:main/nether_eye": {
    "criteria": {
      "nether_eye": "2024-10-03 08:24:27 +0000"
    },
    "done": true
  },
  "endrem:main/rogue_eye": {
    "criteria": {
      "rogue_eye": "2024-10-03 08:24:28 +0000"
    },
    "done": true
  },
  "endrem:main/black_eye": {
    "criteria": {
      "black_eye": "2024-10-03 08:24:38 +0000"
    },
    "done": true
  },
  "explorerscompass:explorers_compass_cracked_stone_bricks": {
    "criteria": {
      "has_recipe": "2024-10-03 07:56:25 +0000"
    },
    "done": true
  },
  "twilightforest:progress_knights": {
    "criteria": {
      "trophy": "2024-10-03 08:12:08 +0000",
      "was_in_fight": "2024-10-03 08:14:45 +0000"
    },
    "done": false
  },
  "twilightforest:progress_labyrinth": {
    "criteria": {
      "kill_lich": "2024-10-03 08:12:05 +0000"
    },
    "done": false
  },
  "incendium:technical/using/ragnarok": {
    "criteria": {
      "log_spam_fixer": "2024-10-03 07:56:29 +0000"
    },
    "done": false
  },
  "endrem:main/cryptic_eye": {
    "criteria": {
      "cryptic_eye": "2024-10-03 08:24:31 +0000"
    },
    "done": true
  },
  "endrem:main/guardian_eye": {
    "criteria": {
      "guardian_eye": "2024-10-03 08:24:37 +0000"
    },
    "done": true
  },
  "dungeons_arise:wda_root": {
    "criteria": {
      "WDA": "2024-10-03 07:56:25 +0000"
    },
    "done": true
  },
  "endrem:main/exotic_eye": {
    "criteria": {
      "exotic_eye": "2024-10-03 08:24:32 +0000"
    },
    "done": true
  },
  "undead_revamp2:theundeadchallenges": {
    "criteria": {
      "theundeadchallenges": "2024-10-03 07:56:25 +0000"
    },
    "done": true
  },
  "tombstone:recipes/from_grave_key": {
    "criteria": {
      "has_ingredient": "2024-10-03 08:05:57 +0000"
    },
    "done": true
  },
  "twilightforest:arborist": {
    "criteria": {
      "time_button": "2024-10-03 08:13:06 +0000"
    },
    "done": false
  },
  "tombstone:adventure/first_grave": {
    "criteria": {
      "coded_trigger": "2024-10-03 08:05:55 +0000"
    },
    "done": true
  },
  "ad_astra:tier_4_rocket": {
    "criteria": {
      "has_tier_4_rocket": "2024-10-03 08:26:57 +0000"
    },
    "done": true
  },
  "twilightforest:progress_hydra": {
    "criteria": {
      "trophy": "2024-10-03 08:12:07 +0000",
      "was_in_fight": "2024-10-03 08:19:13 +0000"
    },
    "done": false
  },
  "minecraft:story/mine_stone": {
    "criteria": {
      "get_stone": "2024-10-03 08:00:09 +0000"
    },
    "done": true
  },
  "friendsandfoes:misc/yellow_dye_from_buttercup": {
    "criteria": {
      "has_the_recipe": "2024-10-03 07:56:25 +0000"
    },
    "done": true
  },
  "naturescompass:natures_compass_log": {
    "criteria": {
      "has_recipe": "2024-10-03 07:56:25 +0000"
    },
    "done": true
  },
  "endrem:main/old_eye": {
    "criteria": {
      "old_eye": "2024-10-03 08:24:28 +0000"
    },
    "done": true
  },
  "dungeons_arise:find_small_blimp": {
    "criteria": {
      "location0": "2024-10-03 08:30:51 +0000"
    },
    "done": true
  },
  "endrem:main/evil_eye": {
    "criteria": {
      "evil_eye": "2024-10-03 08:24:30 +0000"
    },
    "done": true
  },
  "aether:enter_aether": {
    "criteria": {
      "enter_aether": "2024-10-03 08:21:19 +0000"
    },
    "done": true
  },
  "minecraft:adventure/shoot_arrow": {
    "criteria": {
      "shot_arrow": "2024-10-03 08:14:59 +0000"
    },
    "done": true
  },
  "endrem:main/cold_eye": {
    "criteria": {
      "cold_eye": "2024-10-03 08:24:24 +0000"
    },
    "done": true
  },
  "twilightforest:progress_yeti": {
    "criteria": {
      "previous_progression": "2024-10-03 08:12:05 +0000"
    },
    "done": false
  },
  "endrem:main/root": {
    "criteria": {
      "cold_eye": "2024-10-03 08:24:24 +0000"
    },
    "done": true
  },
  "minecraft:story/smelt_iron": {
    "criteria": {
      "iron": "2024-10-03 08:00:33 +0000"
    },
    "done": true
  },
  "endrem:main/corrupted_eye": {
    "criteria": {
      "corrupted_eye": "2024-10-03 08:24:25 +0000"
    },
    "done": true
  },
  "naturescompass:natures_compass": {
    "criteria": {
      "has_recipe": "2024-10-03 07:56:25 +0000"
    },
    "done": true
  },
  "twilightforest:progress_naga": {
    "criteria": {
      "trophy": "2024-10-03 08:12:05 +0000"
    },
    "done": true
  },
  "twilightforest:lich_scepters": {
    "criteria": {
      "scepters": "2024-10-03 08:18:16 +0000"
    },
    "done": true
  },
  "naturescompass:natures_compass_sapling": {
    "criteria": {
      "has_recipe": "2024-10-03 07:56:25 +0000"
    },
    "done": true
  },
  "incendium:technical/using/trailblazer": {
    "criteria": {
      "log_spam_fixer": "2024-10-03 07:56:29 +0000"
    },
    "done": false
  },
  "endrem:main/magical_eye": {
    "criteria": {
      "magical_eye": "2024-10-03 08:24:36 +0000"
    },
    "done": true
  },
  "minecraft:adventure/root": {
    "criteria": {
      "killed_something": "2024-10-03 08:01:43 +0000"
    },
    "done": true
  },
  "mowziesmobs:root": {
    "criteria": {
      "custom_test_name": "2024-10-03 07:56:25 +0000"
    },
    "done": true
  },
  "endrem:main/undead_eye": {
    "criteria": {
      "undead_eye": "2024-10-03 08:24:33 +0000"
    },
    "done": true
  },
  "artifacts:amateur_archaeologist": {
    "criteria": {
      "find_artifact": "2024-10-03 08:01:10 +0000"
    },
    "done": true
  },
  "betterdungeons:root": {
    "criteria": {
      "always": "2024-10-03 07:56:25 +0000"
    },
    "done": true
  },
  "tombstone:recipes/from_grave_dust": {
    "criteria": {
      "has_ingredient": "2024-10-03 08:21:28 +0000"
    },
    "done": true
  },
  "minecraft:adventure/adventuring_time": {
    "criteria": {
      "minecraft:taiga": "2024-10-03 08:28:26 +0000",
      "minecraft:frozen_river": "2024-10-03 08:30:40 +0000",
      "minecraft:windswept_hills": "2024-10-03 08:27:07 +0000",
      "minecraft:snowy_plains": "2024-10-03 07:56:29 +0000",
      "minecraft:snowy_taiga": "2024-10-03 08:27:05 +0000",
      "minecraft:frozen_ocean": "2024-10-03 08:04:38 +0000",
      "minecraft:windswept_forest": "2024-10-03 08:27:08 +0000",
      "minecraft:snowy_beach": "2024-10-03 08:02:53 +0000"
    },
    "done": false
  },
  "endrem:main/cursed_eye": {
    "criteria": {
      "cursed_eye": "2024-10-03 08:24:29 +0000"
    },
    "done": true
  },
  "placeablesmod:placeables": {
    "criteria": {
      "placeables": "2024-10-03 07:56:25 +0000"
    },
    "done": true
  },
  "ad_astra:smart_blasting": {
    "criteria": {
      "has_etrionic_blast_furnace": "2024-10-03 08:29:30 +0000"
    },
    "done": true
  },
  "explorerscompass:explorers_compass_cobweb": {
    "criteria": {
      "has_recipe": "2024-10-03 07:56:25 +0000"
    },
    "done": true
  },
  "eeeabsmobs:eeeabsmobs/root": {
    "criteria": {
      "requirement": "2024-10-03 07:56:25 +0000"
    },
    "done": true
  },
  "tombstone:adventure/cancel_ghostly_shape": {
    "criteria": {
      "coded_trigger": "2024-10-03 08:21:10 +0000"
    },
    "done": true
  },
  "alexscaves:alexscaves/dreadbow": {
    "criteria": {
      "dreadbow": "2024-10-03 07:58:46 +0000"
    },
    "done": true
  },
  "incendium:technical/using/shield": {
    "criteria": {
      "log_spam_fixer": "2024-10-03 07:56:29 +0000"
    },
    "done": false
  },
  "ad_astra:rocket_science": {
    "criteria": {
      "has_nasa_workbench": "2024-10-03 08:29:30 +0000"
    },
    "done": true
  },
  "alexscaves:alexscaves/deep_one_items": {
    "criteria": {
      "sea_staff": "2024-10-03 08:01:42 +0000"
    },
    "done": false
  },
  "betterdeserttemples:root": {
    "criteria": {
      "always": "2024-10-03 07:56:25 +0000"
    },
    "done": true
  },
  "quark:get_diamond_heart": {
    "criteria": {
      "get_diamond_heart": "2024-10-03 08:00:33 +0000"
    },
    "done": true
  },
  "twilightforest:progress_ur_ghast": {
    "criteria": {
      "trophy": "2024-10-03 08:12:08 +0000",
      "ghast": "2024-10-03 08:15:01 +0000",
      "was_in_fight": "2024-10-03 08:15:01 +0000"
    },
    "done": false
  },
  "tombstone:adventure/root": {
    "criteria": {
      "auto": "2024-10-03 07:56:29 +0000"
    },
    "done": true
  },
  "cataclysm:root": {
    "criteria": {
      "custom_test_name": "2024-10-03 07:56:25 +0000"
    },
    "done": true
  },
  "endrem:main/witch_eye": {
    "criteria": {
      "witch_eye": "2024-10-03 08:24:34 +0000"
    },
    "done": true
  },
  "endrem:main/wither_eye": {
    "criteria": {
      "wither_eye": "2024-10-03 08:24:35 +0000"
    },
    "done": true
  },
  "incendium:technical/new_player": {
    "criteria": {
      "requirement": "2024-10-03 07:56:25 +0000"
    },
    "done": true
  },
  "explorerscompass:explorers_compass": {
    "criteria": {
      "has_recipe": "2024-10-03 07:56:25 +0000"
    },
    "done": true
  },
  "endrem:main/lost_eye": {
    "criteria": {
      "lost_eye": "2024-10-03 08:24:26 +0000"
    },
    "done": true
  },
  "twilightforest:progress_lich": {
    "criteria": {
      "trophy": "2024-10-03 08:12:05 +0000",
      "kill_naga": "2024-10-03 08:12:05 +0000"
    },
    "done": true
  },
  "aether:the_aether": {
    "criteria": {
      "the_aether": "2024-10-03 08:21:19 +0000"
    },
    "done": true
  },
  "DataVersion": 3465
}